dataset,datasetIteration,model,orientation,trainingType,val
all,99,NAS14NN,first,allDatasets,1.2881044149398804
all,99,NAS14NN,first,justTargetDataset,1.2878763675689697
all,99,NAS14NN,second,allDatasets,0.9597156047821045
all,99,NAS14NN,second,justTargetDataset,0.9574493765830994
brca,0,NAS14NN,first,allDatasets,0.8739979863166809
brca,0,NAS14NN,first,justTargetDataset,1.2207695245742798
brca,0,NAS14NN,second,allDatasets,0.8340334892272949
brca,0,NAS14NN,second,justTargetDataset,1.2601683139801025
coad,0,NAS14NN,first,allDatasets,1.1181471347808838
coad,0,NAS14NN,first,justTargetDataset,1.4343316555023193
coad,0,NAS14NN,second,allDatasets,2.8461689949035645
coad,0,NAS14NN,second,justTargetDataset,3.0032644271850586
gbm,0,NAS14NN,first,allDatasets,0.9366156458854675
gbm,0,NAS14NN,first,justTargetDataset,1.40336012840271
gbm,0,NAS14NN,second,allDatasets,0.7377620339393616
gbm,0,NAS14NN,second,justTargetDataset,1.133719801902771
hnscc,0,NAS14NN,first,allDatasets,0.7134705781936646
hnscc,0,NAS14NN,first,justTargetDataset,1.0796630382537842
hnscc,0,NAS14NN,second,allDatasets,0.7137731909751892
hnscc,0,NAS14NN,second,justTargetDataset,1.1298973560333252
lscc,0,NAS14NN,first,allDatasets,0.5466729402542114
lscc,0,NAS14NN,first,justTargetDataset,0.9339426755905151
lscc,0,NAS14NN,second,allDatasets,0.5529409646987915
lscc,0,NAS14NN,second,justTargetDataset,0.9298020005226135
luad,0,NAS14NN,first,allDatasets,0.6726185083389282
luad,0,NAS14NN,first,justTargetDataset,1.0328538417816162
luad,0,NAS14NN,second,allDatasets,0.8487539887428284
luad,0,NAS14NN,second,justTargetDataset,1.1891542673110962
ov,0,NAS14NN,first,allDatasets,1.0638067722320557
ov,0,NAS14NN,first,justTargetDataset,1.553086280822754
ov,0,NAS14NN,second,allDatasets,1.0150375366210938
ov,0,NAS14NN,second,justTargetDataset,1.4792985916137695
pdac,0,NAS14NN,first,allDatasets,1.716554045677185
pdac,0,NAS14NN,first,justTargetDataset,1.900132656097412
pdac,0,NAS14NN,second,allDatasets,1.4467053413391113
pdac,0,NAS14NN,second,justTargetDataset,1.6740177869796753
all,0,NAS14NN,first,allDatasets,0.8853071928024292
brca,1,NAS14NN,first,allDatasets,0.8567945957183838
brca,1,NAS14NN,first,justTargetDataset,1.2280513048171997
ccrcc,1,NAS14NN,first,allDatasets,0.6238607168197632
ccrcc,1,NAS14NN,first,justTargetDataset,0.9334287047386169
ccrcc,1,NAS14NN,second,allDatasets,1.6099927425384521
ccrcc,1,NAS14NN,second,justTargetDataset,1.777044653892517
coad,1,NAS14NN,first,allDatasets,3.9747047424316406
coad,1,NAS14NN,first,justTargetDataset,4.063355922698975
coad,1,NAS14NN,second,allDatasets,1.5684393644332886
coad,1,NAS14NN,second,justTargetDataset,1.9563114643096924
hnscc,1,NAS14NN,first,allDatasets,0.7295218110084534
hnscc,1,NAS14NN,first,justTargetDataset,1.1082828044891357
hnscc,1,NAS14NN,second,allDatasets,0.7314133048057556
hnscc,1,NAS14NN,second,justTargetDataset,1.142302393913269
lscc,1,NAS14NN,first,allDatasets,0.6263853311538696
lscc,1,NAS14NN,first,justTargetDataset,1.0630264282226562
lscc,1,NAS14NN,second,allDatasets,0.5148828625679016
lscc,1,NAS14NN,second,justTargetDataset,0.8799628615379333
luad,1,NAS14NN,first,allDatasets,0.7092474699020386
luad,1,NAS14NN,first,justTargetDataset,1.0816783905029297
luad,1,NAS14NN,second,allDatasets,0.7316500544548035
luad,1,NAS14NN,second,justTargetDataset,1.1225593090057373
ov,1,NAS14NN,first,allDatasets,1.112612009048462
ov,1,NAS14NN,first,justTargetDataset,1.5944339036941528
ov,1,NAS14NN,second,allDatasets,2.834498167037964
ov,1,NAS14NN,second,justTargetDataset,3.082120656967163
pdac,1,NAS14NN,first,allDatasets,1.287879228591919
pdac,1,NAS14NN,first,justTargetDataset,1.5278302431106567
pdac,1,NAS14NN,second,allDatasets,1.4679791927337646
pdac,1,NAS14NN,second,justTargetDataset,1.8241660594940186
all,1,NAS14NN,first,allDatasets,1.0858770608901978
brca,2,NAS14NN,first,allDatasets,0.990045428276062
brca,2,NAS14NN,first,justTargetDataset,1.4056233167648315
brca,2,NAS14NN,second,allDatasets,0.7662205696105957
brca,2,NAS14NN,second,justTargetDataset,1.1664093732833862
ccrcc,2,NAS14NN,first,allDatasets,0.6208390593528748
ccrcc,2,NAS14NN,first,justTargetDataset,0.9349147081375122
ccrcc,2,NAS14NN,second,allDatasets,1.1487817764282227
ccrcc,2,NAS14NN,second,justTargetDataset,1.4707298278808594
coad,2,NAS14NN,first,allDatasets,2.857988119125366
coad,2,NAS14NN,first,justTargetDataset,3.1128036975860596
coad,2,NAS14NN,second,allDatasets,4.659066677093506
coad,2,NAS14NN,second,justTargetDataset,4.760976791381836
gbm,2,NAS14NN,first,allDatasets,0.8735575079917908
gbm,2,NAS14NN,first,justTargetDataset,1.3015661239624023
gbm,2,NAS14NN,second,allDatasets,0.7683727741241455
gbm,2,NAS14NN,second,justTargetDataset,1.1761691570281982
hnscc,2,NAS14NN,first,allDatasets,0.6513275504112244
hnscc,2,NAS14NN,first,justTargetDataset,1.0304491519927979
hnscc,2,NAS14NN,second,allDatasets,0.7608540654182434
hnscc,2,NAS14NN,second,justTargetDataset,1.151003122329712
lscc,2,NAS14NN,first,allDatasets,0.6863381266593933
luad,2,NAS14NN,first,allDatasets,0.7124502658843994
luad,2,NAS14NN,first,justTargetDataset,1.0837714672088623
luad,2,NAS14NN,second,allDatasets,0.7787887454032898
luad,2,NAS14NN,second,justTargetDataset,1.1521707773208618
ov,2,NAS14NN,first,allDatasets,1.0637775659561157
ov,2,NAS14NN,first,justTargetDataset,1.4536681175231934
ov,2,NAS14NN,second,allDatasets,0.9256551265716553
ov,2,NAS14NN,second,justTargetDataset,1.3688215017318726
pdac,2,NAS14NN,first,allDatasets,1.690282940864563
pdac,2,NAS14NN,first,justTargetDataset,2.0203442573547363
pdac,2,NAS14NN,second,allDatasets,1.9279049634933472
pdac,2,NAS14NN,second,justTargetDataset,2.091015100479126
all,2,NAS14NN,first,allDatasets,1.0406544208526611
all,2,NAS14NN,first,justTargetDataset,1.0409082174301147
all,2,NAS14NN,second,allDatasets,1.2354440689086914
all,2,NAS14NN,second,justTargetDataset,1.2354720830917358
brca,3,NAS14NN,first,allDatasets,0.9677085280418396
brca,3,NAS14NN,first,justTargetDataset,1.3584998846054077
brca,3,NAS14NN,second,allDatasets,0.7700478434562683
brca,3,NAS14NN,second,justTargetDataset,1.1932767629623413
ccrcc,3,NAS14NN,first,allDatasets,0.7162922620773315
ccrcc,3,NAS14NN,first,justTargetDataset,1.3625431060791016
coad,3,NAS14NN,first,allDatasets,5.508732795715332
coad,3,NAS14NN,first,justTargetDataset,5.461956024169922
coad,3,NAS14NN,second,allDatasets,3.3433191776275635
coad,3,NAS14NN,second,justTargetDataset,3.6437551975250244
hnscc,3,NAS14NN,first,allDatasets,0.7682855725288391
hnscc,3,NAS14NN,first,justTargetDataset,1.1887997388839722
hnscc,3,NAS14NN,second,allDatasets,0.707554042339325
hnscc,3,NAS14NN,second,justTargetDataset,1.5808112621307373
luad,3,NAS14NN,first,allDatasets,1.2281194925308228
luad,3,NAS14NN,first,justTargetDataset,1.5484323501586914
luad,3,NAS14NN,second,allDatasets,0.9170357584953308
luad,3,NAS14NN,second,justTargetDataset,1.4684914350509644
ov,3,NAS14NN,first,allDatasets,1.0234111547470093
ov,3,NAS14NN,first,justTargetDataset,1.4655660390853882
ov,3,NAS14NN,second,allDatasets,1.0011838674545288
ov,3,NAS14NN,second,justTargetDataset,1.448889136314392
all,3,NAS14NN,first,allDatasets,1.3342195749282837
all,3,NAS14NN,first,justTargetDataset,1.3329709768295288
all,3,NAS14NN,second,allDatasets,1.0174051523208618
all,3,NAS14NN,second,justTargetDataset,1.0174051523208618
brca,4,NAS14NN,first,allDatasets,0.8646153807640076
brca,4,NAS14NN,first,justTargetDataset,1.326017141342163
brca,4,NAS14NN,second,allDatasets,0.8875506520271301
brca,4,NAS14NN,second,justTargetDataset,1.2974916696548462
coad,4,NAS14NN,first,allDatasets,3.948082208633423
coad,4,NAS14NN,first,justTargetDataset,4.1312994956970215
coad,4,NAS14NN,second,allDatasets,3.4219963550567627
coad,4,NAS14NN,second,justTargetDataset,3.548144578933716
lscc,4,NAS14NN,first,allDatasets,0.5846755504608154
lscc,4,NAS14NN,first,justTargetDataset,1.0031015872955322
lscc,4,NAS14NN,second,allDatasets,0.5498006343841553
lscc,4,NAS14NN,second,justTargetDataset,0.9417919516563416
luad,4,NAS14NN,first,allDatasets,0.7383230924606323
luad,4,NAS14NN,first,justTargetDataset,1.1468867063522339
luad,4,NAS14NN,second,allDatasets,1.1620126962661743
luad,4,NAS14NN,second,justTargetDataset,1.5981823205947876
ov,4,NAS14NN,first,allDatasets,1.094150424003601
ov,4,NAS14NN,first,justTargetDataset,1.6515487432479858
pdac,4,NAS14NN,first,allDatasets,1.2986676692962646
pdac,4,NAS14NN,first,justTargetDataset,1.5454391241073608
pdac,4,NAS14NN,second,allDatasets,1.8915421962738037
pdac,4,NAS14NN,second,justTargetDataset,2.1052911281585693
all,4,NAS14NN,first,allDatasets,1.0995973348617554
all,4,NAS14NN,first,justTargetDataset,1.099321722984314
all,4,NAS14NN,second,allDatasets,1.1812211275100708
all,4,NAS14NN,second,justTargetDataset,1.1803377866744995
brca,5,NAS14NN,first,allDatasets,1.5681322813034058
brca,5,NAS14NN,first,justTargetDataset,2.136277675628662
brca,5,NAS14NN,second,allDatasets,1.0679460763931274
brca,5,NAS14NN,second,justTargetDataset,1.6331697702407837
ccrcc,5,NAS14NN,first,allDatasets,1.3694840669631958
ccrcc,5,NAS14NN,first,justTargetDataset,1.597460389137268
ccrcc,5,NAS14NN,second,allDatasets,0.6452933549880981
ccrcc,5,NAS14NN,second,justTargetDataset,0.9463984370231628
coad,5,NAS14NN,first,allDatasets,1.7758657932281494
coad,5,NAS14NN,first,justTargetDataset,2.096235513687134
coad,5,NAS14NN,second,allDatasets,7.584242820739746
coad,5,NAS14NN,second,justTargetDataset,7.336925506591797
gbm,5,NAS14NN,first,allDatasets,0.7979873418807983
gbm,5,NAS14NN,first,justTargetDataset,1.2106035947799683
gbm,5,NAS14NN,second,allDatasets,0.852130651473999
gbm,5,NAS14NN,second,justTargetDataset,1.2159714698791504
hnscc,5,NAS14NN,first,allDatasets,0.7168129086494446
hnscc,5,NAS14NN,first,justTargetDataset,1.115129828453064
hnscc,5,NAS14NN,second,allDatasets,0.7220058441162109
hnscc,5,NAS14NN,second,justTargetDataset,1.1330101490020752
lscc,5,NAS14NN,first,allDatasets,0.5753498673439026
lscc,5,NAS14NN,first,justTargetDataset,0.9902164340019226
lscc,5,NAS14NN,second,allDatasets,0.5494997501373291
lscc,5,NAS14NN,second,justTargetDataset,0.9663919806480408
luad,5,NAS14NN,first,allDatasets,0.9668294191360474
luad,5,NAS14NN,first,justTargetDataset,1.3151040077209473
luad,5,NAS14NN,second,allDatasets,0.7923057079315186
luad,5,NAS14NN,second,justTargetDataset,1.2379893064498901
ov,5,NAS14NN,first,allDatasets,1.0161926746368408
ov,5,NAS14NN,first,justTargetDataset,1.5359268188476562
ov,5,NAS14NN,second,allDatasets,0.9915940761566162
ov,5,NAS14NN,second,justTargetDataset,1.443126916885376
pdac,5,NAS14NN,first,allDatasets,1.5692260265350342
pdac,5,NAS14NN,first,justTargetDataset,1.867565393447876
pdac,5,NAS14NN,second,allDatasets,1.1035568714141846
pdac,5,NAS14NN,second,justTargetDataset,1.5662779808044434
all,5,NAS14NN,first,allDatasets,1.1331024169921875
all,5,NAS14NN,first,justTargetDataset,1.133988618850708
all,5,NAS14NN,second,allDatasets,1.354621171951294
all,5,NAS14NN,second,justTargetDataset,1.3564188480377197
brca,6,NAS14NN,first,allDatasets,0.9530785083770752
brca,6,NAS14NN,first,justTargetDataset,1.4457087516784668
brca,6,NAS14NN,second,allDatasets,2.115495204925537
brca,6,NAS14NN,second,justTargetDataset,2.899900197982788
coad,6,NAS14NN,first,allDatasets,4.966315746307373
coad,6,NAS14NN,first,justTargetDataset,5.002472877502441
coad,6,NAS14NN,second,allDatasets,0.9372127652168274
coad,6,NAS14NN,second,justTargetDataset,1.2486836910247803
gbm,6,NAS14NN,first,allDatasets,0.8050880432128906
gbm,6,NAS14NN,first,justTargetDataset,1.2047282457351685
gbm,6,NAS14NN,second,allDatasets,0.8910257816314697
gbm,6,NAS14NN,second,justTargetDataset,1.3466330766677856
hnscc,6,NAS14NN,first,allDatasets,0.6473779678344727
hnscc,6,NAS14NN,first,justTargetDataset,1.0385202169418335
hnscc,6,NAS14NN,second,allDatasets,2.0233840942382812
hnscc,6,NAS14NN,second,justTargetDataset,2.1376469135284424
lscc,6,NAS14NN,first,allDatasets,0.5964605808258057
lscc,6,NAS14NN,first,justTargetDataset,1.0122960805892944
lscc,6,NAS14NN,second,allDatasets,0.5646089911460876
lscc,6,NAS14NN,second,justTargetDataset,0.9612092971801758
luad,6,NAS14NN,first,allDatasets,0.7979438304901123
luad,6,NAS14NN,first,justTargetDataset,1.1814954280853271
luad,6,NAS14NN,second,allDatasets,0.6845361590385437
luad,6,NAS14NN,second,justTargetDataset,1.073992371559143
ov,6,NAS14NN,first,allDatasets,1.0221027135849
ov,6,NAS14NN,first,justTargetDataset,1.4803550243377686
pdac,6,NAS14NN,first,allDatasets,2.330955982208252
pdac,6,NAS14NN,first,justTargetDataset,2.3264760971069336
pdac,6,NAS14NN,second,allDatasets,1.4711532592773438
pdac,6,NAS14NN,second,justTargetDataset,1.7816200256347656
all,6,NAS14NN,first,allDatasets,1.2552365064620972
all,6,NAS14NN,first,justTargetDataset,1.2561964988708496
all,6,NAS14NN,second,allDatasets,1.1242694854736328
all,6,NAS14NN,second,justTargetDataset,1.1243717670440674
brca,7,NAS14NN,first,allDatasets,0.8089797496795654
brca,7,NAS14NN,first,justTargetDataset,1.1790639162063599
brca,7,NAS14NN,second,allDatasets,0.9000577330589294
brca,7,NAS14NN,second,justTargetDataset,1.3106368780136108
ccrcc,7,NAS14NN,first,allDatasets,0.6630017161369324
ccrcc,7,NAS14NN,first,justTargetDataset,0.9853663444519043
ccrcc,7,NAS14NN,second,allDatasets,0.7018735408782959
ccrcc,7,NAS14NN,second,justTargetDataset,1.037475347518921
coad,7,NAS14NN,first,allDatasets,1.9848134517669678
coad,7,NAS14NN,first,justTargetDataset,2.3850107192993164
coad,7,NAS14NN,second,allDatasets,4.879137992858887
coad,7,NAS14NN,second,justTargetDataset,4.863608360290527
gbm,7,NAS14NN,first,allDatasets,0.8067875504493713
gbm,7,NAS14NN,first,justTargetDataset,1.1754770278930664
gbm,7,NAS14NN,second,allDatasets,0.8722544312477112
gbm,7,NAS14NN,second,justTargetDataset,1.3027889728546143
hnscc,7,NAS14NN,first,allDatasets,0.677509069442749
hnscc,7,NAS14NN,first,justTargetDataset,1.0668898820877075
hnscc,7,NAS14NN,second,allDatasets,0.7333015203475952
hnscc,7,NAS14NN,second,justTargetDataset,1.1282687187194824
lscc,7,NAS14NN,first,allDatasets,0.5434412360191345
lscc,7,NAS14NN,first,justTargetDataset,0.9178854823112488
lscc,7,NAS14NN,second,allDatasets,0.5838138461112976
lscc,7,NAS14NN,second,justTargetDataset,1.0183106660842896
luad,7,NAS14NN,first,allDatasets,0.7093489170074463
luad,7,NAS14NN,first,justTargetDataset,1.1140884160995483
luad,7,NAS14NN,second,allDatasets,0.835213303565979
luad,7,NAS14NN,second,justTargetDataset,1.1634997129440308
ov,7,NAS14NN,first,allDatasets,0.9954390525817871
ov,7,NAS14NN,first,justTargetDataset,1.4068623781204224
ov,7,NAS14NN,second,allDatasets,1.0042121410369873
ov,7,NAS14NN,second,justTargetDataset,1.5365322828292847
pdac,7,NAS14NN,first,allDatasets,1.668076515197754
pdac,7,NAS14NN,first,justTargetDataset,2.335993528366089
pdac,7,NAS14NN,second,allDatasets,0.9700198769569397
pdac,7,NAS14NN,second,justTargetDataset,1.3144629001617432
all,7,NAS14NN,first,allDatasets,0.9841561317443848
all,7,NAS14NN,first,justTargetDataset,0.9836905598640442
all,7,NAS14NN,second,allDatasets,1.1456408500671387
all,7,NAS14NN,second,justTargetDataset,1.1447561979293823
ccrcc,8,NAS14NN,first,allDatasets,0.7623550891876221
ccrcc,8,NAS14NN,first,justTargetDataset,1.0575590133666992
ccrcc,8,NAS14NN,second,allDatasets,0.6050136089324951
ccrcc,8,NAS14NN,second,justTargetDataset,0.9319248795509338
coad,8,NAS14NN,first,allDatasets,4.6402668952941895
coad,8,NAS14NN,first,justTargetDataset,4.635491847991943
coad,8,NAS14NN,second,allDatasets,3.9218835830688477
coad,8,NAS14NN,second,justTargetDataset,4.096114158630371
hnscc,8,NAS14NN,first,allDatasets,0.7331552505493164
hnscc,8,NAS14NN,first,justTargetDataset,2.344074010848999
hnscc,8,NAS14NN,second,allDatasets,0.752941906452179
hnscc,8,NAS14NN,second,justTargetDataset,1.1786506175994873
lscc,8,NAS14NN,first,allDatasets,0.5031540393829346
lscc,8,NAS14NN,first,justTargetDataset,0.8947053551673889
lscc,8,NAS14NN,second,allDatasets,0.5897364020347595
lscc,8,NAS14NN,second,justTargetDataset,0.9791857600212097
luad,8,NAS14NN,first,allDatasets,0.9331177473068237
luad,8,NAS14NN,first,justTargetDataset,1.251237392425537
luad,8,NAS14NN,second,allDatasets,0.7935431599617004
luad,8,NAS14NN,second,justTargetDataset,1.2724888324737549
ov,8,NAS14NN,first,allDatasets,0.9938749074935913
ov,8,NAS14NN,first,justTargetDataset,1.5217498540878296
ov,8,NAS14NN,second,allDatasets,1.9414591789245605
ov,8,NAS14NN,second,justTargetDataset,2.517770767211914
pdac,8,NAS14NN,first,allDatasets,1.3375799655914307
pdac,8,NAS14NN,first,justTargetDataset,1.6532236337661743
pdac,8,NAS14NN,second,allDatasets,1.2225334644317627
pdac,8,NAS14NN,second,justTargetDataset,1.5280896425247192
all,8,NAS14NN,first,allDatasets,1.1507999897003174
all,8,NAS14NN,first,justTargetDataset,1.1505006551742554
all,8,NAS14NN,second,allDatasets,1.1745661497116089
all,8,NAS14NN,second,justTargetDataset,1.1748100519180298
brca,9,NAS14NN,first,allDatasets,0.8287091851234436
brca,9,NAS14NN,first,justTargetDataset,1.231609582901001
brca,9,NAS14NN,second,allDatasets,0.8878819942474365
brca,9,NAS14NN,second,justTargetDataset,1.3264445066452026
ccrcc,9,NAS14NN,first,allDatasets,0.682416558265686
ccrcc,9,NAS14NN,first,justTargetDataset,1.0161446332931519
ccrcc,9,NAS14NN,second,allDatasets,0.6908422112464905
ccrcc,9,NAS14NN,second,justTargetDataset,0.9970317482948303
coad,9,NAS14NN,first,allDatasets,1.463324785232544
coad,9,NAS14NN,first,justTargetDataset,1.6887049674987793
coad,9,NAS14NN,second,allDatasets,2.3274307250976562
coad,9,NAS14NN,second,justTargetDataset,2.4752197265625
gbm,9,NAS14NN,first,allDatasets,0.8920953273773193
gbm,9,NAS14NN,first,justTargetDataset,1.354254126548767
gbm,9,NAS14NN,second,allDatasets,0.8509365320205688
gbm,9,NAS14NN,second,justTargetDataset,1.2882710695266724
hnscc,9,NAS14NN,first,allDatasets,0.7338008284568787
hnscc,9,NAS14NN,first,justTargetDataset,1.1509459018707275
hnscc,9,NAS14NN,second,allDatasets,0.6779442429542542
hnscc,9,NAS14NN,second,justTargetDataset,1.0314751863479614
lscc,9,NAS14NN,first,allDatasets,0.4943905472755432
lscc,9,NAS14NN,first,justTargetDataset,0.8653349280357361
lscc,9,NAS14NN,second,allDatasets,0.5831742882728577
lscc,9,NAS14NN,second,justTargetDataset,0.9593454003334045
luad,9,NAS14NN,first,allDatasets,0.8783460855484009
luad,9,NAS14NN,first,justTargetDataset,1.3997862339019775
luad,9,NAS14NN,second,allDatasets,0.9499090909957886
luad,9,NAS14NN,second,justTargetDataset,1.2987678050994873
ov,9,NAS14NN,first,allDatasets,1.0058836936950684
ov,9,NAS14NN,first,justTargetDataset,1.4742900133132935
ov,9,NAS14NN,second,allDatasets,1.0274529457092285
ov,9,NAS14NN,second,justTargetDataset,1.4391416311264038
pdac,9,NAS14NN,first,allDatasets,1.2919518947601318
pdac,9,NAS14NN,first,justTargetDataset,1.6036028861999512
pdac,9,NAS14NN,second,allDatasets,2.3436007499694824
pdac,9,NAS14NN,second,justTargetDataset,2.3917338848114014
all,9,NAS14NN,first,allDatasets,0.8986561298370361
all,9,NAS14NN,first,justTargetDataset,0.8991893529891968
all,9,NAS14NN,second,allDatasets,1.0857810974121094
all,9,NAS14NN,second,justTargetDataset,1.0861366987228394
brca,10,NAS14NN,first,allDatasets,0.8546303510665894
brca,10,NAS14NN,first,justTargetDataset,1.215001106262207
coad,10,NAS14NN,first,allDatasets,1.4907828569412231
gbm,10,NAS14NN,first,allDatasets,0.8426520228385925
gbm,10,NAS14NN,first,justTargetDataset,1.289813756942749
gbm,10,NAS14NN,second,allDatasets,0.8499100208282471
gbm,10,NAS14NN,second,justTargetDataset,1.2680695056915283
hnscc,10,NAS14NN,first,allDatasets,0.9308826327323914
hnscc,10,NAS14NN,first,justTargetDataset,1.3551528453826904
hnscc,10,NAS14NN,second,allDatasets,0.6703280806541443
hnscc,10,NAS14NN,second,justTargetDataset,1.0214729309082031
luad,10,NAS14NN,first,allDatasets,0.8410778045654297
luad,10,NAS14NN,first,justTargetDataset,1.2378650903701782
luad,10,NAS14NN,second,allDatasets,0.7349982857704163
ov,10,NAS14NN,first,allDatasets,1.0785226821899414
ov,10,NAS14NN,first,justTargetDataset,1.5460809469223022
pdac,10,NAS14NN,first,allDatasets,4.912847995758057
pdac,10,NAS14NN,first,justTargetDataset,4.454217433929443
pdac,10,NAS14NN,second,allDatasets,1.3396626710891724
pdac,10,NAS14NN,second,justTargetDataset,1.6436843872070312
all,10,NAS14NN,first,allDatasets,1.3029675483703613
all,10,NAS14NN,first,justTargetDataset,1.303980827331543
all,10,NAS14NN,second,allDatasets,1.1094657182693481
all,10,NAS14NN,second,justTargetDataset,1.10799241065979
brca,11,NAS14NN,first,allDatasets,0.833110511302948
brca,11,NAS14NN,first,justTargetDataset,1.2222518920898438
brca,11,NAS14NN,second,allDatasets,0.8009606003761292
brca,11,NAS14NN,second,justTargetDataset,1.1835119724273682
coad,11,NAS14NN,first,allDatasets,2.0543739795684814
coad,11,NAS14NN,first,justTargetDataset,2.2329933643341064
coad,11,NAS14NN,second,allDatasets,1.539472222328186
coad,11,NAS14NN,second,justTargetDataset,1.827904224395752
gbm,11,NAS14NN,first,allDatasets,0.8001365065574646
gbm,11,NAS14NN,first,justTargetDataset,1.2176908254623413
gbm,11,NAS14NN,second,allDatasets,0.32008790969848633
gbm,11,NAS14NN,second,justTargetDataset,1.2983113527297974
lscc,11,NAS14NN,first,allDatasets,0.6139176487922668
lscc,11,NAS14NN,first,justTargetDataset,1.0235992670059204
lscc,11,NAS14NN,second,allDatasets,0.8945853114128113
lscc,11,NAS14NN,second,justTargetDataset,1.6674110889434814
luad,11,NAS14NN,first,allDatasets,0.9612407088279724
luad,11,NAS14NN,first,justTargetDataset,1.2917379140853882
luad,11,NAS14NN,second,allDatasets,0.5869940519332886
luad,11,NAS14NN,second,justTargetDataset,0.9719408750534058
pdac,11,NAS14NN,first,allDatasets,1.408277153968811
pdac,11,NAS14NN,first,justTargetDataset,1.670717477798462
pdac,11,NAS14NN,second,allDatasets,1.5778108835220337
pdac,11,NAS14NN,second,justTargetDataset,1.7703498601913452
all,11,NAS14NN,first,allDatasets,0.9860043525695801
all,11,NAS14NN,first,justTargetDataset,0.9854289889335632
all,11,NAS14NN,second,allDatasets,1.0637480020523071
all,11,NAS14NN,second,justTargetDataset,1.0632563829421997
ccrcc,12,NAS14NN,first,allDatasets,0.6975365877151489
ccrcc,12,NAS14NN,first,justTargetDataset,1.0116853713989258
ccrcc,12,NAS14NN,second,allDatasets,0.6429382562637329
ccrcc,12,NAS14NN,second,justTargetDataset,1.4079434871673584
coad,12,NAS14NN,first,allDatasets,8.694791793823242
coad,12,NAS14NN,first,justTargetDataset,8.399298667907715
coad,12,NAS14NN,second,allDatasets,1.6747207641601562
coad,12,NAS14NN,second,justTargetDataset,1.9282984733581543
gbm,12,NAS14NN,first,allDatasets,0.7612167596817017
gbm,12,NAS14NN,first,justTargetDataset,1.1449884176254272
gbm,12,NAS14NN,second,allDatasets,0.8795494437217712
gbm,12,NAS14NN,second,justTargetDataset,1.3402475118637085
hnscc,12,NAS14NN,first,allDatasets,0.6504628658294678
hnscc,12,NAS14NN,first,justTargetDataset,1.0501773357391357
hnscc,12,NAS14NN,second,allDatasets,0.7410892248153687
hnscc,12,NAS14NN,second,justTargetDataset,1.1072887182235718
lscc,12,NAS14NN,first,allDatasets,0.5479940176010132
lscc,12,NAS14NN,first,justTargetDataset,0.915898323059082
lscc,12,NAS14NN,second,allDatasets,0.5727556943893433
lscc,12,NAS14NN,second,justTargetDataset,0.9924255609512329
luad,12,NAS14NN,first,allDatasets,0.7578262686729431
luad,12,NAS14NN,first,justTargetDataset,1.1632418632507324
luad,12,NAS14NN,second,allDatasets,0.7817604541778564
luad,12,NAS14NN,second,justTargetDataset,1.1532609462738037
ov,12,NAS14NN,first,allDatasets,0.9353852272033691
ov,12,NAS14NN,first,justTargetDataset,1.3535271883010864
ov,12,NAS14NN,second,allDatasets,1.078195333480835
ov,12,NAS14NN,second,justTargetDataset,1.553468942642212
all,12,NAS14NN,first,allDatasets,1.617177963256836
all,12,NAS14NN,first,justTargetDataset,1.6149410009384155
all,12,NAS14NN,second,allDatasets,0.8842454552650452
all,12,NAS14NN,second,justTargetDataset,0.8852836489677429
brca,13,NAS14NN,first,allDatasets,0.9946379065513611
brca,13,NAS14NN,first,justTargetDataset,1.5777091979980469
brca,13,NAS14NN,second,allDatasets,0.9331567287445068
brca,13,NAS14NN,second,justTargetDataset,1.2989896535873413
ccrcc,13,NAS14NN,first,allDatasets,1.6935621500015259
ccrcc,13,NAS14NN,first,justTargetDataset,1.8890103101730347
ccrcc,13,NAS14NN,second,allDatasets,0.9411306977272034
ccrcc,13,NAS14NN,second,justTargetDataset,1.3345873355865479
coad,13,NAS14NN,first,allDatasets,3.6193227767944336
gbm,13,NAS14NN,first,allDatasets,0.8984805345535278
gbm,13,NAS14NN,first,justTargetDataset,1.4134242534637451
gbm,13,NAS14NN,second,allDatasets,0.8423672318458557
gbm,13,NAS14NN,second,justTargetDataset,1.2622795104980469
hnscc,13,NAS14NN,first,allDatasets,0.6998947858810425
hnscc,13,NAS14NN,first,justTargetDataset,1.1385217905044556
hnscc,13,NAS14NN,second,allDatasets,0.7517233490943909
hnscc,13,NAS14NN,second,justTargetDataset,1.1299631595611572
lscc,13,NAS14NN,first,allDatasets,0.5448980927467346
lscc,13,NAS14NN,first,justTargetDataset,0.9275104999542236
lscc,13,NAS14NN,second,allDatasets,0.6053624749183655
lscc,13,NAS14NN,second,justTargetDataset,1.0620009899139404
luad,13,NAS14NN,first,allDatasets,0.7639060616493225
luad,13,NAS14NN,first,justTargetDataset,1.1179769039154053
luad,13,NAS14NN,second,allDatasets,0.7806734442710876
luad,13,NAS14NN,second,justTargetDataset,1.1421903371810913
ov,13,NAS14NN,first,allDatasets,1.657520055770874
ov,13,NAS14NN,first,justTargetDataset,2.11336088180542
ov,13,NAS14NN,second,allDatasets,1.099604606628418
ov,13,NAS14NN,second,justTargetDataset,1.5859586000442505
pdac,13,NAS14NN,first,allDatasets,1.1551451683044434
pdac,13,NAS14NN,first,justTargetDataset,1.5970724821090698
pdac,13,NAS14NN,second,allDatasets,7.159905910491943
pdac,13,NAS14NN,second,justTargetDataset,6.084995746612549
all,13,NAS14NN,first,allDatasets,1.2292283773422241
all,13,NAS14NN,first,justTargetDataset,1.2305234670639038
all,13,NAS14NN,second,allDatasets,1.8875123262405396
all,13,NAS14NN,second,justTargetDataset,1.8895635604858398
brca,14,NAS14NN,first,allDatasets,1.4353705644607544
brca,14,NAS14NN,first,justTargetDataset,1.9401720762252808
brca,14,NAS14NN,second,allDatasets,0.7669718265533447
brca,14,NAS14NN,second,justTargetDataset,1.2305448055267334
ccrcc,14,NAS14NN,first,allDatasets,0.7133970856666565
gbm,14,NAS14NN,first,allDatasets,0.9146968126296997
gbm,14,NAS14NN,first,justTargetDataset,1.3946605920791626
gbm,14,NAS14NN,second,allDatasets,0.8743936419487
gbm,14,NAS14NN,second,justTargetDataset,1.3479198217391968
hnscc,14,NAS14NN,first,allDatasets,0.7593846321105957
hnscc,14,NAS14NN,first,justTargetDataset,1.2151528596878052
lscc,14,NAS14NN,first,allDatasets,0.6183714270591736
lscc,14,NAS14NN,first,justTargetDataset,1.0302329063415527
lscc,14,NAS14NN,second,allDatasets,0.4943329989910126
lscc,14,NAS14NN,second,justTargetDataset,0.871040940284729
luad,14,NAS14NN,first,allDatasets,0.8511075377464294
luad,14,NAS14NN,first,justTargetDataset,1.2379695177078247
luad,14,NAS14NN,second,allDatasets,0.8208019137382507
luad,14,NAS14NN,second,justTargetDataset,1.1659867763519287
ov,14,NAS14NN,first,allDatasets,3.967033624649048
ov,14,NAS14NN,first,justTargetDataset,4.1952972412109375
ov,14,NAS14NN,second,allDatasets,0.883746862411499
ov,14,NAS14NN,second,justTargetDataset,1.3006129264831543
pdac,14,NAS14NN,first,allDatasets,1.1752227544784546
pdac,14,NAS14NN,first,justTargetDataset,1.4629836082458496
pdac,14,NAS14NN,second,allDatasets,1.2309168577194214
all,14,NAS14NN,first,allDatasets,1.134943962097168
all,14,NAS14NN,first,justTargetDataset,1.135449767112732
all,14,NAS14NN,second,allDatasets,1.5235035419464111
all,14,NAS14NN,second,justTargetDataset,1.5250351428985596
ccrcc,15,NAS14NN,first,allDatasets,0.6428890824317932
ccrcc,15,NAS14NN,first,justTargetDataset,0.93274986743927
ccrcc,15,NAS14NN,second,allDatasets,0.713323712348938
ccrcc,15,NAS14NN,second,justTargetDataset,1.0667273998260498
coad,15,NAS14NN,first,allDatasets,5.930122375488281
coad,15,NAS14NN,first,justTargetDataset,5.873161315917969
coad,15,NAS14NN,second,allDatasets,2.8631539344787598
coad,15,NAS14NN,second,justTargetDataset,3.0269949436187744
gbm,15,NAS14NN,first,allDatasets,0.8232979774475098
gbm,15,NAS14NN,first,justTargetDataset,1.238473653793335
gbm,15,NAS14NN,second,allDatasets,0.8414449691772461
gbm,15,NAS14NN,second,justTargetDataset,1.2604786157608032
hnscc,15,NAS14NN,first,allDatasets,0.74527907371521
hnscc,15,NAS14NN,first,justTargetDataset,1.1208248138427734
hnscc,15,NAS14NN,second,allDatasets,2.735504150390625
hnscc,15,NAS14NN,second,justTargetDataset,2.873843193054199
lscc,15,NAS14NN,first,allDatasets,0.5343326926231384
lscc,15,NAS14NN,first,justTargetDataset,0.9331575036048889
lscc,15,NAS14NN,second,allDatasets,0.6183971166610718
lscc,15,NAS14NN,second,justTargetDataset,1.054025411605835
luad,15,NAS14NN,first,allDatasets,0.7367572784423828
luad,15,NAS14NN,first,justTargetDataset,1.0777547359466553
luad,15,NAS14NN,second,allDatasets,0.7492243647575378
luad,15,NAS14NN,second,justTargetDataset,1.122391939163208
ov,15,NAS14NN,first,allDatasets,0.8992186784744263
ov,15,NAS14NN,first,justTargetDataset,1.3473763465881348
ov,15,NAS14NN,second,allDatasets,1.1730717420578003
ov,15,NAS14NN,second,justTargetDataset,1.6592754125595093
pdac,15,NAS14NN,first,allDatasets,2.2951455116271973
pdac,15,NAS14NN,first,justTargetDataset,2.367414951324463
pdac,15,NAS14NN,second,allDatasets,2.5159912109375
pdac,15,NAS14NN,second,justTargetDataset,2.511547327041626
all,15,NAS14NN,first,allDatasets,1.2815978527069092
all,15,NAS14NN,first,justTargetDataset,1.282326340675354
all,15,NAS14NN,second,allDatasets,1.3999640941619873
all,15,NAS14NN,second,justTargetDataset,1.4007642269134521
brca,16,NAS14NN,first,allDatasets,1.1674449443817139
brca,16,NAS14NN,first,justTargetDataset,1.7476392984390259
brca,16,NAS14NN,second,allDatasets,0.8533285856246948
brca,16,NAS14NN,second,justTargetDataset,1.227426290512085
ccrcc,16,NAS14NN,first,allDatasets,0.6649700403213501
ccrcc,16,NAS14NN,first,justTargetDataset,0.977855920791626
ccrcc,16,NAS14NN,second,allDatasets,1.3126190900802612
ccrcc,16,NAS14NN,second,justTargetDataset,1.4968820810317993
hnscc,16,NAS14NN,first,allDatasets,0.772494912147522
hnscc,16,NAS14NN,first,justTargetDataset,1.1908618211746216
hnscc,16,NAS14NN,second,allDatasets,0.7098087072372437
hnscc,16,NAS14NN,second,justTargetDataset,1.242826223373413
lscc,16,NAS14NN,first,allDatasets,0.5334412455558777
lscc,16,NAS14NN,first,justTargetDataset,0.9147219657897949
lscc,16,NAS14NN,second,allDatasets,0.5892543196678162
lscc,16,NAS14NN,second,justTargetDataset,0.9846330285072327
luad,16,NAS14NN,first,allDatasets,0.7534262537956238
luad,16,NAS14NN,first,justTargetDataset,1.0997644662857056
luad,16,NAS14NN,second,allDatasets,1.1036467552185059
luad,16,NAS14NN,second,justTargetDataset,1.6712802648544312
ov,16,NAS14NN,first,allDatasets,1.7593954801559448
ov,16,NAS14NN,first,justTargetDataset,2.2676095962524414
ov,16,NAS14NN,second,allDatasets,2.6187219619750977
ov,16,NAS14NN,second,justTargetDataset,3.5495223999023438
all,16,NAS14NN,first,allDatasets,1.004945993423462
all,16,NAS14NN,first,justTargetDataset,1.0044413805007935
all,16,NAS14NN,second,allDatasets,1.1198034286499023
all,16,NAS14NN,second,justTargetDataset,1.1188198328018188
coad,17,NAS14NN,first,allDatasets,3.417421817779541
coad,17,NAS14NN,first,justTargetDataset,3.7601585388183594
coad,17,NAS14NN,second,allDatasets,2.0885510444641113
coad,17,NAS14NN,second,justTargetDataset,2.31911039352417
gbm,17,NAS14NN,first,allDatasets,0.9178364872932434
gbm,17,NAS14NN,first,justTargetDataset,1.3380160331726074
gbm,17,NAS14NN,second,allDatasets,0.7758260369300842
gbm,17,NAS14NN,second,justTargetDataset,1.1894320249557495
hnscc,17,NAS14NN,first,allDatasets,0.6956873536109924
hnscc,17,NAS14NN,first,justTargetDataset,1.1063473224639893
hnscc,17,NAS14NN,second,allDatasets,0.7435271739959717
hnscc,17,NAS14NN,second,justTargetDataset,1.1318211555480957
lscc,17,NAS14NN,first,allDatasets,0.5457472801208496
luad,17,NAS14NN,first,allDatasets,0.7412146329879761
ov,17,NAS14NN,first,allDatasets,1.129553198814392
all,17,NAS14NN,first,allDatasets,1.5563015937805176
all,17,NAS14NN,first,justTargetDataset,1.5587950944900513
all,17,NAS14NN,second,allDatasets,1.1931376457214355
all,17,NAS14NN,second,justTargetDataset,1.193497657775879
brca,18,NAS14NN,first,allDatasets,0.8189095854759216
brca,18,NAS14NN,first,justTargetDataset,1.2089608907699585
brca,18,NAS14NN,second,allDatasets,0.8875758051872253
brca,18,NAS14NN,second,justTargetDataset,1.2897460460662842
ccrcc,18,NAS14NN,first,allDatasets,0.6899461150169373
ccrcc,18,NAS14NN,first,justTargetDataset,0.9752340316772461
ccrcc,18,NAS14NN,second,allDatasets,0.6681137084960938
ccrcc,18,NAS14NN,second,justTargetDataset,0.964866042137146
coad,18,NAS14NN,first,allDatasets,3.913285732269287
coad,18,NAS14NN,first,justTargetDataset,4.148545742034912
coad,18,NAS14NN,second,allDatasets,3.51009464263916
coad,18,NAS14NN,second,justTargetDataset,3.7875430583953857
gbm,18,NAS14NN,first,allDatasets,0.7690839171409607
gbm,18,NAS14NN,first,justTargetDataset,1.2356698513031006
gbm,18,NAS14NN,second,allDatasets,0.8490283489227295
gbm,18,NAS14NN,second,justTargetDataset,1.274062156677246
hnscc,18,NAS14NN,first,allDatasets,0.6840976476669312
hnscc,18,NAS14NN,first,justTargetDataset,1.1263103485107422
hnscc,18,NAS14NN,second,allDatasets,0.7540506720542908
hnscc,18,NAS14NN,second,justTargetDataset,1.1591241359710693
lscc,18,NAS14NN,first,allDatasets,0.4611879289150238
lscc,18,NAS14NN,first,justTargetDataset,0.8250918388366699
lscc,18,NAS14NN,second,allDatasets,0.6884750723838806
lscc,18,NAS14NN,second,justTargetDataset,1.0914040803909302
luad,18,NAS14NN,first,allDatasets,0.9946413040161133
luad,18,NAS14NN,first,justTargetDataset,1.4124507904052734
luad,18,NAS14NN,second,allDatasets,0.5925148129463196
ov,18,NAS14NN,first,allDatasets,0.9376777410507202
ov,18,NAS14NN,first,justTargetDataset,1.362623929977417
ov,18,NAS14NN,second,allDatasets,3.51139497756958
ov,18,NAS14NN,second,justTargetDataset,3.7621700763702393
pdac,18,NAS14NN,first,allDatasets,1.192730188369751
pdac,18,NAS14NN,first,justTargetDataset,1.4862300157546997
pdac,18,NAS14NN,second,allDatasets,2.2183313369750977
pdac,18,NAS14NN,second,justTargetDataset,2.297504186630249
all,18,NAS14NN,first,allDatasets,1.0668319463729858
all,18,NAS14NN,first,justTargetDataset,1.0677785873413086
all,18,NAS14NN,second,allDatasets,1.288938283920288
all,18,NAS14NN,second,justTargetDataset,1.2882423400878906
brca,19,NAS14NN,first,allDatasets,1.2279783487319946
brca,19,NAS14NN,first,justTargetDataset,1.864074468612671
brca,19,NAS14NN,second,allDatasets,0.8019488453865051
brca,19,NAS14NN,second,justTargetDataset,1.1895973682403564
ccrcc,19,NAS14NN,first,allDatasets,1.4795067310333252
ccrcc,19,NAS14NN,first,justTargetDataset,1.6274653673171997
ccrcc,19,NAS14NN,second,allDatasets,0.6630967259407043
ccrcc,19,NAS14NN,second,justTargetDataset,0.9712176322937012
coad,19,NAS14NN,first,allDatasets,5.393853664398193
coad,19,NAS14NN,first,justTargetDataset,5.315972805023193
coad,19,NAS14NN,second,allDatasets,0.9128164052963257
coad,19,NAS14NN,second,justTargetDataset,1.1607749462127686
gbm,19,NAS14NN,first,allDatasets,0.8902199864387512
gbm,19,NAS14NN,first,justTargetDataset,1.330503225326538
gbm,19,NAS14NN,second,allDatasets,0.7616882920265198
gbm,19,NAS14NN,second,justTargetDataset,1.1430197954177856
hnscc,19,NAS14NN,first,allDatasets,3.402109384536743
hnscc,19,NAS14NN,first,justTargetDataset,3.3904333114624023
hnscc,19,NAS14NN,second,allDatasets,0.7280125617980957
hnscc,19,NAS14NN,second,justTargetDataset,1.154330849647522
lscc,19,NAS14NN,first,allDatasets,0.5668903589248657
lscc,19,NAS14NN,first,justTargetDataset,0.9639989733695984
lscc,19,NAS14NN,second,allDatasets,0.5160645246505737
lscc,19,NAS14NN,second,justTargetDataset,0.9077327251434326
luad,19,NAS14NN,first,allDatasets,0.7008448243141174
luad,19,NAS14NN,first,justTargetDataset,1.063708782196045
luad,19,NAS14NN,second,allDatasets,0.8270830512046814
luad,19,NAS14NN,second,justTargetDataset,1.2142635583877563
ov,19,NAS14NN,first,allDatasets,1.0453572273254395
ov,19,NAS14NN,first,justTargetDataset,1.5665849447250366
ov,19,NAS14NN,second,allDatasets,0.955511212348938
ov,19,NAS14NN,second,justTargetDataset,1.3863412141799927
all,19,NAS14NN,first,allDatasets,1.6706595420837402
all,19,NAS14NN,first,justTargetDataset,1.6710165739059448
all,19,NAS14NN,second,allDatasets,0.9122180342674255
all,19,NAS14NN,second,justTargetDataset,0.9121993780136108
brca,20,NAS14NN,first,allDatasets,0.912570595741272
brca,20,NAS14NN,first,justTargetDataset,1.318555474281311
brca,20,NAS14NN,second,allDatasets,0.8099387288093567
brca,20,NAS14NN,second,justTargetDataset,1.221342921257019
ccrcc,20,NAS14NN,first,allDatasets,0.7408182621002197
ccrcc,20,NAS14NN,first,justTargetDataset,1.1278976202011108
hnscc,20,NAS14NN,first,allDatasets,0.7336940765380859
hnscc,20,NAS14NN,first,justTargetDataset,1.1501818895339966
hnscc,20,NAS14NN,second,allDatasets,0.6854107975959778
hnscc,20,NAS14NN,second,justTargetDataset,1.0459911823272705
lscc,20,NAS14NN,first,allDatasets,0.6026635766029358
lscc,20,NAS14NN,first,justTargetDataset,1.0304243564605713
lscc,20,NAS14NN,second,allDatasets,0.505163311958313
lscc,20,NAS14NN,second,justTargetDataset,0.8757635354995728
luad,20,NAS14NN,first,allDatasets,1.7923192977905273
luad,20,NAS14NN,first,justTargetDataset,2.2044684886932373
luad,20,NAS14NN,second,allDatasets,0.612326979637146
luad,20,NAS14NN,second,justTargetDataset,1.0219272375106812
ov,20,NAS14NN,first,allDatasets,0.9979394674301147
ov,20,NAS14NN,first,justTargetDataset,1.4174913167953491
ov,20,NAS14NN,second,allDatasets,0.9948947429656982
ov,20,NAS14NN,second,justTargetDataset,1.4916247129440308
pdac,20,NAS14NN,first,allDatasets,3.4943435192108154
pdac,20,NAS14NN,first,justTargetDataset,3.7364940643310547
pdac,20,NAS14NN,second,allDatasets,0.9020513892173767
pdac,20,NAS14NN,second,justTargetDataset,1.2027593851089478
all,20,NAS14NN,first,allDatasets,1.377953290939331
all,20,NAS14NN,first,justTargetDataset,1.3783485889434814
all,20,NAS14NN,second,allDatasets,0.8677369356155396
all,20,NAS14NN,second,justTargetDataset,0.8657633066177368
brca,21,NAS14NN,first,allDatasets,0.873703122138977
brca,21,NAS14NN,first,justTargetDataset,1.322487711906433
brca,21,NAS14NN,second,allDatasets,1.4178484678268433
brca,21,NAS14NN,second,justTargetDataset,2.0003111362457275
ccrcc,21,NAS14NN,first,allDatasets,1.214673399925232
ccrcc,21,NAS14NN,first,justTargetDataset,1.5958172082901
ccrcc,21,NAS14NN,second,allDatasets,0.725559651851654
ccrcc,21,NAS14NN,second,justTargetDataset,1.0383654832839966
coad,21,NAS14NN,first,allDatasets,5.66547155380249
coad,21,NAS14NN,first,justTargetDataset,5.443460464477539
coad,21,NAS14NN,second,allDatasets,1.984336018562317
coad,21,NAS14NN,second,justTargetDataset,2.2835824489593506
gbm,21,NAS14NN,first,allDatasets,0.8407071232795715
gbm,21,NAS14NN,first,justTargetDataset,1.2836891412734985
gbm,21,NAS14NN,second,allDatasets,0.8211994767189026
gbm,21,NAS14NN,second,justTargetDataset,1.1936922073364258
lscc,21,NAS14NN,first,allDatasets,0.8163458704948425
lscc,21,NAS14NN,first,justTargetDataset,1.364302635192871
lscc,21,NAS14NN,second,allDatasets,0.5484343767166138
lscc,21,NAS14NN,second,justTargetDataset,0.9240649938583374
luad,21,NAS14NN,first,allDatasets,0.9058652520179749
luad,21,NAS14NN,first,justTargetDataset,1.313642978668213
luad,21,NAS14NN,second,allDatasets,0.8106185793876648
luad,21,NAS14NN,second,justTargetDataset,1.1810322999954224
ov,21,NAS14NN,first,allDatasets,0.9193994402885437
ov,21,NAS14NN,first,justTargetDataset,1.3094546794891357
ov,21,NAS14NN,second,allDatasets,2.4139463901519775
ov,21,NAS14NN,second,justTargetDataset,3.1806483268737793
pdac,21,NAS14NN,first,allDatasets,1.4521969556808472
pdac,21,NAS14NN,first,justTargetDataset,1.8115330934524536
pdac,21,NAS14NN,second,allDatasets,3.540658950805664
pdac,21,NAS14NN,second,justTargetDataset,3.1830596923828125
all,21,NAS14NN,first,allDatasets,1.3552649021148682
all,21,NAS14NN,first,justTargetDataset,1.3567750453948975
all,21,NAS14NN,second,allDatasets,1.2968800067901611
all,21,NAS14NN,second,justTargetDataset,1.2969142198562622
brca,22,NAS14NN,first,allDatasets,0.8292780518531799
brca,22,NAS14NN,first,justTargetDataset,1.294903039932251
brca,22,NAS14NN,second,allDatasets,0.927158772945404
brca,22,NAS14NN,second,justTargetDataset,1.331887125968933
ccrcc,22,NAS14NN,first,allDatasets,1.9782761335372925
ccrcc,22,NAS14NN,first,justTargetDataset,2.123990297317505
ccrcc,22,NAS14NN,second,allDatasets,0.6953210234642029
ccrcc,22,NAS14NN,second,justTargetDataset,1.288772702217102
coad,22,NAS14NN,first,allDatasets,5.016205787658691
coad,22,NAS14NN,first,justTargetDataset,4.911837577819824
coad,22,NAS14NN,second,allDatasets,1.285086989402771
coad,22,NAS14NN,second,justTargetDataset,1.5310611724853516
gbm,22,NAS14NN,first,allDatasets,0.8441171646118164
gbm,22,NAS14NN,first,justTargetDataset,1.2894213199615479
gbm,22,NAS14NN,second,allDatasets,0.8052924871444702
gbm,22,NAS14NN,second,justTargetDataset,1.1643202304840088
hnscc,22,NAS14NN,first,allDatasets,0.7106680274009705
hnscc,22,NAS14NN,first,justTargetDataset,1.1399433612823486
hnscc,22,NAS14NN,second,allDatasets,0.739043116569519
hnscc,22,NAS14NN,second,justTargetDataset,1.0883779525756836
lscc,22,NAS14NN,first,allDatasets,0.5308173894882202
lscc,22,NAS14NN,first,justTargetDataset,0.9547927975654602
lscc,22,NAS14NN,second,allDatasets,1.1182657480239868
lscc,22,NAS14NN,second,justTargetDataset,1.7755072116851807
luad,22,NAS14NN,first,allDatasets,0.6844067573547363
luad,22,NAS14NN,first,justTargetDataset,1.0643104314804077
luad,22,NAS14NN,second,allDatasets,0.8861807584762573
luad,22,NAS14NN,second,justTargetDataset,1.2493435144424438
ov,22,NAS14NN,first,allDatasets,1.1418070793151855
ov,22,NAS14NN,first,justTargetDataset,1.67682683467865
ov,22,NAS14NN,second,allDatasets,0.9121614098548889
ov,22,NAS14NN,second,justTargetDataset,1.3015594482421875
all,22,NAS14NN,first,allDatasets,1.4124325513839722
all,22,NAS14NN,first,justTargetDataset,1.413586974143982
all,22,NAS14NN,second,allDatasets,0.9616702198982239
all,22,NAS14NN,second,justTargetDataset,0.9613479971885681
brca,23,NAS14NN,first,allDatasets,0.7610626220703125
brca,23,NAS14NN,first,justTargetDataset,1.143470287322998
brca,23,NAS14NN,second,allDatasets,0.9560918211936951
brca,23,NAS14NN,second,justTargetDataset,1.3828307390213013
ccrcc,23,NAS14NN,first,allDatasets,0.7229092121124268
ccrcc,23,NAS14NN,first,justTargetDataset,1.0122697353363037
coad,23,NAS14NN,first,allDatasets,2.243532419204712
coad,23,NAS14NN,first,justTargetDataset,2.496281147003174
coad,23,NAS14NN,second,allDatasets,2.4300763607025146
coad,23,NAS14NN,second,justTargetDataset,2.5530941486358643
gbm,23,NAS14NN,first,allDatasets,0.905310332775116
gbm,23,NAS14NN,first,justTargetDataset,1.3292911052703857
gbm,23,NAS14NN,second,allDatasets,0.7430587410926819
gbm,23,NAS14NN,second,justTargetDataset,1.1476277112960815
hnscc,23,NAS14NN,first,allDatasets,2.2173030376434326
hnscc,23,NAS14NN,first,justTargetDataset,2.3721864223480225
hnscc,23,NAS14NN,second,allDatasets,0.9254166483879089
hnscc,23,NAS14NN,second,justTargetDataset,1.2940101623535156
lscc,23,NAS14NN,first,allDatasets,0.6085628271102905
lscc,23,NAS14NN,first,justTargetDataset,1.0293821096420288
lscc,23,NAS14NN,second,allDatasets,0.4995647966861725
lscc,23,NAS14NN,second,justTargetDataset,0.881793737411499
luad,23,NAS14NN,first,allDatasets,0.7650281190872192
luad,23,NAS14NN,first,justTargetDataset,1.1485073566436768
luad,23,NAS14NN,second,allDatasets,0.7219061255455017
luad,23,NAS14NN,second,justTargetDataset,1.08431875705719
ov,23,NAS14NN,first,allDatasets,0.900908887386322
all,23,NAS14NN,first,allDatasets,1.1193324327468872
all,23,NAS14NN,first,justTargetDataset,1.118735909461975
all,23,NAS14NN,second,allDatasets,0.9305485486984253
all,23,NAS14NN,second,justTargetDataset,0.9302394390106201
ccrcc,24,NAS14NN,first,allDatasets,0.7565237879753113
ccrcc,24,NAS14NN,first,justTargetDataset,1.0685786008834839
ccrcc,24,NAS14NN,second,allDatasets,1.142412781715393
ccrcc,24,NAS14NN,second,justTargetDataset,1.3056976795196533
coad,24,NAS14NN,first,allDatasets,2.6155502796173096
coad,24,NAS14NN,first,justTargetDataset,2.8010339736938477
coad,24,NAS14NN,second,allDatasets,4.8570027351379395
coad,24,NAS14NN,second,justTargetDataset,4.972489356994629
gbm,24,NAS14NN,first,allDatasets,0.7673657536506653
gbm,24,NAS14NN,first,justTargetDataset,1.1346222162246704
gbm,24,NAS14NN,second,allDatasets,0.9188930988311768
gbm,24,NAS14NN,second,justTargetDataset,1.4012917280197144
lscc,24,NAS14NN,first,allDatasets,0.5757448673248291
lscc,24,NAS14NN,first,justTargetDataset,0.928735077381134
lscc,24,NAS14NN,second,allDatasets,0.5163987278938293
lscc,24,NAS14NN,second,justTargetDataset,0.8874942064285278
luad,24,NAS14NN,first,allDatasets,0.6720497012138367
luad,24,NAS14NN,first,justTargetDataset,0.9913293719291687
luad,24,NAS14NN,second,allDatasets,0.8373398184776306
luad,24,NAS14NN,second,justTargetDataset,1.245294213294983
ov,24,NAS14NN,first,allDatasets,0.9491003751754761
ov,24,NAS14NN,first,justTargetDataset,1.3879345655441284
ov,24,NAS14NN,second,allDatasets,1.0215953588485718
ov,24,NAS14NN,second,justTargetDataset,1.4825282096862793
pdac,24,NAS14NN,first,allDatasets,2.2712674140930176
pdac,24,NAS14NN,first,justTargetDataset,2.284301280975342
pdac,24,NAS14NN,second,allDatasets,1.1432607173919678
pdac,24,NAS14NN,second,justTargetDataset,1.45486319065094
all,24,NAS14NN,first,allDatasets,1.0400701761245728
all,24,NAS14NN,first,justTargetDataset,1.0391335487365723
all,24,NAS14NN,second,allDatasets,1.2216620445251465
all,24,NAS14NN,second,justTargetDataset,1.2213151454925537
brca,25,NAS14NN,first,allDatasets,0.9751139879226685
brca,25,NAS14NN,first,justTargetDataset,1.4463742971420288
brca,25,NAS14NN,second,allDatasets,0.778492271900177
brca,25,NAS14NN,second,justTargetDataset,1.1684768199920654
ccrcc,25,NAS14NN,first,allDatasets,0.7833150029182434
ccrcc,25,NAS14NN,first,justTargetDataset,1.1475563049316406
ccrcc,25,NAS14NN,second,allDatasets,0.6075819730758667
ccrcc,25,NAS14NN,second,justTargetDataset,0.8998222351074219
coad,25,NAS14NN,first,allDatasets,1.472829818725586
coad,25,NAS14NN,first,justTargetDataset,1.7419323921203613
coad,25,NAS14NN,second,allDatasets,4.3003716468811035
coad,25,NAS14NN,second,justTargetDataset,4.366487979888916
gbm,25,NAS14NN,first,allDatasets,0.9736048579216003
gbm,25,NAS14NN,first,justTargetDataset,1.4067047834396362
gbm,25,NAS14NN,second,allDatasets,0.7000964879989624
gbm,25,NAS14NN,second,justTargetDataset,1.0741573572158813
hnscc,25,NAS14NN,first,allDatasets,0.6703516244888306
hnscc,25,NAS14NN,first,justTargetDataset,1.0544379949569702
hnscc,25,NAS14NN,second,allDatasets,0.7391909956932068
hnscc,25,NAS14NN,second,justTargetDataset,1.1142618656158447
lscc,25,NAS14NN,first,allDatasets,0.5204499363899231
lscc,25,NAS14NN,first,justTargetDataset,0.9125231504440308
lscc,25,NAS14NN,second,allDatasets,0.5945049524307251
lscc,25,NAS14NN,second,justTargetDataset,1.002554178237915
luad,25,NAS14NN,first,allDatasets,0.7712332010269165
luad,25,NAS14NN,first,justTargetDataset,1.0936877727508545
luad,25,NAS14NN,second,allDatasets,0.7905714511871338
luad,25,NAS14NN,second,justTargetDataset,1.1918818950653076
ov,25,NAS14NN,first,allDatasets,3.7672078609466553
ov,25,NAS14NN,first,justTargetDataset,4.028311729431152
ov,25,NAS14NN,second,allDatasets,1.0079466104507446
ov,25,NAS14NN,second,justTargetDataset,1.453065276145935
pdac,25,NAS14NN,first,allDatasets,1.5140433311462402
pdac,25,NAS14NN,first,justTargetDataset,1.731209397315979
all,25,NAS14NN,first,allDatasets,1.1129050254821777
all,25,NAS14NN,first,justTargetDataset,1.1129705905914307
all,25,NAS14NN,second,allDatasets,1.0859630107879639
all,25,NAS14NN,second,justTargetDataset,1.0859066247940063
brca,26,NAS14NN,first,allDatasets,0.9574816226959229
brca,26,NAS14NN,first,justTargetDataset,1.306365966796875
brca,26,NAS14NN,second,allDatasets,0.8369402289390564
brca,26,NAS14NN,second,justTargetDataset,1.2910456657409668
ccrcc,26,NAS14NN,first,allDatasets,1.1879314184188843
ccrcc,26,NAS14NN,first,justTargetDataset,1.5523631572723389
ccrcc,26,NAS14NN,second,allDatasets,1.1344335079193115
ccrcc,26,NAS14NN,second,justTargetDataset,1.4184471368789673
coad,26,NAS14NN,first,allDatasets,3.415113687515259
coad,26,NAS14NN,first,justTargetDataset,3.6872572898864746
coad,26,NAS14NN,second,allDatasets,2.133850574493408
coad,26,NAS14NN,second,justTargetDataset,2.3487823009490967
gbm,26,NAS14NN,first,allDatasets,0.8079010844230652
gbm,26,NAS14NN,first,justTargetDataset,1.2021260261535645
gbm,26,NAS14NN,second,allDatasets,0.9757851958274841
gbm,26,NAS14NN,second,justTargetDataset,1.462242603302002
hnscc,26,NAS14NN,first,allDatasets,0.7466126084327698
hnscc,26,NAS14NN,first,justTargetDataset,1.146695613861084
hnscc,26,NAS14NN,second,allDatasets,0.682019054889679
hnscc,26,NAS14NN,second,justTargetDataset,1.0331097841262817
lscc,26,NAS14NN,first,allDatasets,0.4360998272895813
lscc,26,NAS14NN,first,justTargetDataset,0.8037159442901611
lscc,26,NAS14NN,second,allDatasets,0.7612529993057251
lscc,26,NAS14NN,second,justTargetDataset,1.2283769845962524
luad,26,NAS14NN,first,allDatasets,0.7470358610153198
luad,26,NAS14NN,first,justTargetDataset,1.0727603435516357
luad,26,NAS14NN,second,allDatasets,0.7382374405860901
luad,26,NAS14NN,second,justTargetDataset,1.1578444242477417
ov,26,NAS14NN,first,allDatasets,0.9552273154258728
ov,26,NAS14NN,first,justTargetDataset,1.3915295600891113
ov,26,NAS14NN,second,allDatasets,1.0206938982009888
ov,26,NAS14NN,second,justTargetDataset,1.454426646232605
pdac,26,NAS14NN,first,allDatasets,2.0424346923828125
pdac,26,NAS14NN,first,justTargetDataset,2.23437762260437
pdac,26,NAS14NN,second,allDatasets,1.4081501960754395
pdac,26,NAS14NN,second,justTargetDataset,1.7335360050201416
all,26,NAS14NN,first,allDatasets,1.154031753540039
all,26,NAS14NN,first,justTargetDataset,1.1539585590362549
all,26,NAS14NN,second,allDatasets,1.0459636449813843
all,26,NAS14NN,second,justTargetDataset,1.0459227561950684
brca,27,NAS14NN,first,allDatasets,0.7547726631164551
brca,27,NAS14NN,first,justTargetDataset,1.1978110074996948
brca,27,NAS14NN,second,allDatasets,0.9805687665939331
brca,27,NAS14NN,second,justTargetDataset,1.319580078125
ccrcc,27,NAS14NN,first,allDatasets,0.681549072265625
ccrcc,27,NAS14NN,first,justTargetDataset,1.0249106884002686
ccrcc,27,NAS14NN,second,allDatasets,0.6946081519126892
ccrcc,27,NAS14NN,second,justTargetDataset,1.0474114418029785
coad,27,NAS14NN,first,allDatasets,5.040105819702148
coad,27,NAS14NN,first,justTargetDataset,5.184958457946777
coad,27,NAS14NN,second,allDatasets,2.246309280395508
coad,27,NAS14NN,second,justTargetDataset,2.574944257736206
gbm,27,NAS14NN,first,allDatasets,0.856845498085022
gbm,27,NAS14NN,first,justTargetDataset,1.2892359495162964
gbm,27,NAS14NN,second,allDatasets,0.8552162647247314
gbm,27,NAS14NN,second,justTargetDataset,1.2397301197052002
hnscc,27,NAS14NN,first,allDatasets,0.687203049659729
hnscc,27,NAS14NN,first,justTargetDataset,1.1113168001174927
hnscc,27,NAS14NN,second,allDatasets,1.4497476816177368
hnscc,27,NAS14NN,second,justTargetDataset,1.7674306631088257
lscc,27,NAS14NN,first,allDatasets,0.5117543339729309
lscc,27,NAS14NN,first,justTargetDataset,0.8695165514945984
lscc,27,NAS14NN,second,allDatasets,0.5951016545295715
lscc,27,NAS14NN,second,justTargetDataset,0.9865004420280457
luad,27,NAS14NN,first,allDatasets,1.0204119682312012
luad,27,NAS14NN,first,justTargetDataset,1.5722908973693848
luad,27,NAS14NN,second,allDatasets,0.8713515996932983
luad,27,NAS14NN,second,justTargetDataset,1.216973066329956
ov,27,NAS14NN,first,allDatasets,0.8553173542022705
ov,27,NAS14NN,first,justTargetDataset,1.2512356042861938
ov,27,NAS14NN,second,allDatasets,1.1541712284088135
ov,27,NAS14NN,second,justTargetDataset,1.6598637104034424
pdac,27,NAS14NN,first,allDatasets,2.842939615249634
pdac,27,NAS14NN,first,justTargetDataset,2.7830371856689453
pdac,27,NAS14NN,second,allDatasets,3.5204203128814697
pdac,27,NAS14NN,second,justTargetDataset,3.4600205421447754
all,27,NAS14NN,first,allDatasets,1.3134664297103882
all,27,NAS14NN,first,justTargetDataset,1.3139426708221436
all,27,NAS14NN,second,allDatasets,1.2974236011505127
all,27,NAS14NN,second,justTargetDataset,1.2969210147857666
brca,28,NAS14NN,first,allDatasets,0.8956746459007263
brca,28,NAS14NN,first,justTargetDataset,1.2908295392990112
brca,28,NAS14NN,second,allDatasets,0.8271823525428772
brca,28,NAS14NN,second,justTargetDataset,1.2154911756515503
ccrcc,28,NAS14NN,first,allDatasets,2.093519449234009
ccrcc,28,NAS14NN,first,justTargetDataset,2.2168846130371094
ccrcc,28,NAS14NN,second,allDatasets,0.6494370102882385
ccrcc,28,NAS14NN,second,justTargetDataset,0.9717870950698853
coad,28,NAS14NN,first,allDatasets,4.6797332763671875
coad,28,NAS14NN,first,justTargetDataset,4.611314296722412
coad,28,NAS14NN,second,allDatasets,3.202993631362915
coad,28,NAS14NN,second,justTargetDataset,3.4094269275665283
gbm,28,NAS14NN,first,allDatasets,0.9139513373374939
gbm,28,NAS14NN,first,justTargetDataset,1.3868430852890015
gbm,28,NAS14NN,second,allDatasets,0.7490792870521545
gbm,28,NAS14NN,second,justTargetDataset,1.122150182723999
lscc,28,NAS14NN,first,allDatasets,0.5203274488449097
lscc,28,NAS14NN,first,justTargetDataset,0.9109744429588318
lscc,28,NAS14NN,second,allDatasets,0.619637668132782
lscc,28,NAS14NN,second,justTargetDataset,1.0526084899902344
luad,28,NAS14NN,first,allDatasets,0.7390530705451965
luad,28,NAS14NN,first,justTargetDataset,1.1518973112106323
luad,28,NAS14NN,second,allDatasets,0.8060049414634705
luad,28,NAS14NN,second,justTargetDataset,1.1427580118179321
ov,28,NAS14NN,first,allDatasets,0.8965986967086792
ov,28,NAS14NN,first,justTargetDataset,1.3588794469833374
ov,28,NAS14NN,second,allDatasets,1.08538818359375
ov,28,NAS14NN,second,justTargetDataset,1.4930787086486816
pdac,28,NAS14NN,first,allDatasets,2.6585206985473633
pdac,28,NAS14NN,first,justTargetDataset,3.2199060916900635
pdac,28,NAS14NN,second,allDatasets,1.3256385326385498
all,28,NAS14NN,first,allDatasets,1.4459407329559326
all,28,NAS14NN,first,justTargetDataset,1.4469808340072632
all,28,NAS14NN,second,allDatasets,1.0288273096084595
all,28,NAS14NN,second,justTargetDataset,1.0303889513015747
brca,29,NAS14NN,first,allDatasets,0.777393639087677
brca,29,NAS14NN,first,justTargetDataset,1.226706624031067
brca,29,NAS14NN,second,allDatasets,0.9930858612060547
brca,29,NAS14NN,second,justTargetDataset,1.3867443799972534
ccrcc,29,NAS14NN,first,allDatasets,1.9374691247940063
ccrcc,29,NAS14NN,first,justTargetDataset,2.123920440673828
ccrcc,29,NAS14NN,second,allDatasets,0.6720870733261108
ccrcc,29,NAS14NN,second,justTargetDataset,1.0341073274612427
coad,29,NAS14NN,first,allDatasets,5.024486541748047
coad,29,NAS14NN,first,justTargetDataset,4.994089126586914
coad,29,NAS14NN,second,allDatasets,2.3564584255218506
gbm,29,NAS14NN,first,allDatasets,0.912168562412262
gbm,29,NAS14NN,first,justTargetDataset,1.3710672855377197
gbm,29,NAS14NN,second,allDatasets,0.7508814334869385
gbm,29,NAS14NN,second,justTargetDataset,1.120607614517212
hnscc,29,NAS14NN,first,allDatasets,0.7079260349273682
hnscc,29,NAS14NN,first,justTargetDataset,1.0906758308410645
hnscc,29,NAS14NN,second,allDatasets,0.7245975732803345
hnscc,29,NAS14NN,second,justTargetDataset,1.109619379043579
lscc,29,NAS14NN,first,allDatasets,0.611581563949585
lscc,29,NAS14NN,first,justTargetDataset,1.0333905220031738
lscc,29,NAS14NN,second,allDatasets,0.5118972063064575
lscc,29,NAS14NN,second,justTargetDataset,0.896716296672821
luad,29,NAS14NN,first,allDatasets,0.9018017053604126
luad,29,NAS14NN,first,justTargetDataset,1.272777795791626
luad,29,NAS14NN,second,allDatasets,0.6699497699737549
luad,29,NAS14NN,second,justTargetDataset,1.0371248722076416
ov,29,NAS14NN,first,allDatasets,1.0216304063796997
ov,29,NAS14NN,first,justTargetDataset,1.4742134809494019
ov,29,NAS14NN,second,allDatasets,0.94346022605896
ov,29,NAS14NN,second,justTargetDataset,1.3903441429138184
pdac,29,NAS14NN,first,allDatasets,1.3524014949798584
pdac,29,NAS14NN,first,justTargetDataset,1.518068552017212
pdac,29,NAS14NN,second,allDatasets,1.2855844497680664
pdac,29,NAS14NN,second,justTargetDataset,1.7372180223464966
all,29,NAS14NN,first,allDatasets,1.3623073101043701
all,29,NAS14NN,first,justTargetDataset,1.3641867637634277
all,29,NAS14NN,second,allDatasets,0.9298429489135742
all,29,NAS14NN,second,justTargetDataset,0.9288467168807983
brca,30,NAS14NN,first,allDatasets,0.8894897103309631
brca,30,NAS14NN,first,justTargetDataset,1.3110483884811401
brca,30,NAS14NN,second,allDatasets,1.0932016372680664
brca,30,NAS14NN,second,justTargetDataset,1.5975098609924316
ccrcc,30,NAS14NN,first,allDatasets,1.275416612625122
ccrcc,30,NAS14NN,first,justTargetDataset,1.505814790725708
ccrcc,30,NAS14NN,second,allDatasets,1.2380396127700806
ccrcc,30,NAS14NN,second,justTargetDataset,1.7142130136489868
coad,30,NAS14NN,first,allDatasets,5.178729057312012
coad,30,NAS14NN,first,justTargetDataset,5.1656928062438965
gbm,30,NAS14NN,first,allDatasets,1.0056530237197876
gbm,30,NAS14NN,first,justTargetDataset,1.573448896408081
gbm,30,NAS14NN,second,allDatasets,2.824880361557007
gbm,30,NAS14NN,second,justTargetDataset,3.959421396255493
hnscc,30,NAS14NN,first,allDatasets,0.72659832239151
hnscc,30,NAS14NN,first,justTargetDataset,1.0776970386505127
hnscc,30,NAS14NN,second,allDatasets,0.6867527961730957
hnscc,30,NAS14NN,second,justTargetDataset,1.0756301879882812
lscc,30,NAS14NN,first,allDatasets,0.5386896729469299
lscc,30,NAS14NN,first,justTargetDataset,0.92723149061203
lscc,30,NAS14NN,second,allDatasets,0.5607432723045349
lscc,30,NAS14NN,second,justTargetDataset,0.9740136861801147
luad,30,NAS14NN,first,allDatasets,0.6343187689781189
luad,30,NAS14NN,first,justTargetDataset,1.0185750722885132
luad,30,NAS14NN,second,allDatasets,0.9266501069068909
luad,30,NAS14NN,second,justTargetDataset,1.2569466829299927
ov,30,NAS14NN,first,allDatasets,1.0246025323867798
ov,30,NAS14NN,first,justTargetDataset,1.4638711214065552
ov,30,NAS14NN,second,allDatasets,0.9217726588249207
ov,30,NAS14NN,second,justTargetDataset,1.3440124988555908
pdac,30,NAS14NN,first,allDatasets,1.3801268339157104
pdac,30,NAS14NN,first,justTargetDataset,1.8022198677062988
pdac,30,NAS14NN,second,allDatasets,1.3065458536148071
pdac,30,NAS14NN,second,justTargetDataset,1.558870792388916
all,30,NAS14NN,first,allDatasets,1.254391074180603
all,30,NAS14NN,first,justTargetDataset,1.2543056011199951
all,30,NAS14NN,second,allDatasets,1.1248679161071777
all,30,NAS14NN,second,justTargetDataset,1.1238690614700317
brca,31,NAS14NN,first,allDatasets,0.9089512825012207
brca,31,NAS14NN,first,justTargetDataset,1.2552682161331177
brca,31,NAS14NN,second,allDatasets,0.7929245233535767
brca,31,NAS14NN,second,justTargetDataset,1.204309344291687
ccrcc,31,NAS14NN,first,allDatasets,0.654492199420929
ccrcc,31,NAS14NN,first,justTargetDataset,0.96500164270401
ccrcc,31,NAS14NN,second,allDatasets,0.6987630128860474
ccrcc,31,NAS14NN,second,justTargetDataset,1.0259097814559937
coad,31,NAS14NN,first,allDatasets,2.837113857269287
coad,31,NAS14NN,first,justTargetDataset,3.0096306800842285
coad,31,NAS14NN,second,allDatasets,5.389747619628906
coad,31,NAS14NN,second,justTargetDataset,5.2897419929504395
gbm,31,NAS14NN,first,allDatasets,0.80088871717453
gbm,31,NAS14NN,first,justTargetDataset,1.2264503240585327
gbm,31,NAS14NN,second,allDatasets,0.8503091931343079
gbm,31,NAS14NN,second,justTargetDataset,1.252693772315979
hnscc,31,NAS14NN,first,allDatasets,0.7129512429237366
hnscc,31,NAS14NN,first,justTargetDataset,1.0645687580108643
hnscc,31,NAS14NN,second,allDatasets,0.7160937190055847
hnscc,31,NAS14NN,second,justTargetDataset,1.1261595487594604
lscc,31,NAS14NN,first,allDatasets,0.5687943696975708
lscc,31,NAS14NN,first,justTargetDataset,0.9638603329658508
lscc,31,NAS14NN,second,allDatasets,0.5371763110160828
lscc,31,NAS14NN,second,justTargetDataset,0.9276750087738037
luad,31,NAS14NN,first,allDatasets,0.6417886018753052
luad,31,NAS14NN,first,justTargetDataset,1.011711835861206
luad,31,NAS14NN,second,allDatasets,1.199319839477539
luad,31,NAS14NN,second,justTargetDataset,1.5635396242141724
ov,31,NAS14NN,first,allDatasets,0.9501305818557739
ov,31,NAS14NN,first,justTargetDataset,1.360999584197998
ov,31,NAS14NN,second,allDatasets,1.0561234951019287
ov,31,NAS14NN,second,justTargetDataset,1.5349005460739136
pdac,31,NAS14NN,first,allDatasets,0.8968471884727478
pdac,31,NAS14NN,first,justTargetDataset,1.2169770002365112
pdac,31,NAS14NN,second,allDatasets,2.581242799758911
pdac,31,NAS14NN,second,justTargetDataset,2.627056360244751
all,31,NAS14NN,first,allDatasets,0.9260348081588745
all,31,NAS14NN,first,justTargetDataset,0.925176203250885
all,31,NAS14NN,second,allDatasets,1.3799629211425781
all,31,NAS14NN,second,justTargetDataset,1.3792710304260254
brca,32,NAS14NN,first,allDatasets,1.1056742668151855
brca,32,NAS14NN,first,justTargetDataset,1.5693514347076416
brca,32,NAS14NN,second,allDatasets,0.9070026874542236
brca,32,NAS14NN,second,justTargetDataset,1.3357408046722412
ccrcc,32,NAS14NN,first,allDatasets,0.7026268243789673
ccrcc,32,NAS14NN,first,justTargetDataset,1.0128802061080933
ccrcc,32,NAS14NN,second,allDatasets,0.70367830991745
ccrcc,32,NAS14NN,second,justTargetDataset,1.0096524953842163
coad,32,NAS14NN,first,allDatasets,4.470942974090576
coad,32,NAS14NN,first,justTargetDataset,4.436552047729492
gbm,32,NAS14NN,first,allDatasets,0.8489938378334045
gbm,32,NAS14NN,first,justTargetDataset,1.2043310403823853
gbm,32,NAS14NN,second,allDatasets,0.8073729872703552
gbm,32,NAS14NN,second,justTargetDataset,1.2401281595230103
hnscc,32,NAS14NN,first,allDatasets,0.6962496042251587
hnscc,32,NAS14NN,first,justTargetDataset,1.0683448314666748
hnscc,32,NAS14NN,second,allDatasets,0.722805380821228
hnscc,32,NAS14NN,second,justTargetDataset,1.1047062873840332
lscc,32,NAS14NN,first,allDatasets,0.5942768454551697
lscc,32,NAS14NN,first,justTargetDataset,1.0325276851654053
lscc,32,NAS14NN,second,allDatasets,0.5492499470710754
lscc,32,NAS14NN,second,justTargetDataset,0.9513445496559143
luad,32,NAS14NN,first,allDatasets,0.8575032353401184
luad,32,NAS14NN,first,justTargetDataset,1.2773103713989258
luad,32,NAS14NN,second,allDatasets,0.8274101614952087
luad,32,NAS14NN,second,justTargetDataset,1.2371398210525513
ov,32,NAS14NN,first,allDatasets,0.9600768089294434
ov,32,NAS14NN,first,justTargetDataset,1.3558489084243774
ov,32,NAS14NN,second,allDatasets,0.9867323637008667
ov,32,NAS14NN,second,justTargetDataset,1.442315936088562
pdac,32,NAS14NN,first,allDatasets,1.438846468925476
all,32,NAS14NN,first,allDatasets,1.1703640222549438
all,32,NAS14NN,first,justTargetDataset,1.1688168048858643
all,32,NAS14NN,second,allDatasets,0.9408130645751953
all,32,NAS14NN,second,justTargetDataset,0.9406793713569641
brca,33,NAS14NN,first,allDatasets,0.8860769867897034
brca,33,NAS14NN,first,justTargetDataset,1.3174002170562744
brca,33,NAS14NN,second,allDatasets,0.8541249632835388
brca,33,NAS14NN,second,justTargetDataset,1.2524577379226685
ccrcc,33,NAS14NN,first,allDatasets,0.6450024247169495
ccrcc,33,NAS14NN,first,justTargetDataset,0.8897754549980164
ccrcc,33,NAS14NN,second,allDatasets,0.7069085836410522
ccrcc,33,NAS14NN,second,justTargetDataset,1.3321771621704102
coad,33,NAS14NN,first,allDatasets,2.5248470306396484
coad,33,NAS14NN,first,justTargetDataset,2.762450933456421
coad,33,NAS14NN,second,allDatasets,5.136623382568359
coad,33,NAS14NN,second,justTargetDataset,5.050559997558594
gbm,33,NAS14NN,first,allDatasets,0.8280085921287537
gbm,33,NAS14NN,first,justTargetDataset,1.2403653860092163
gbm,33,NAS14NN,second,allDatasets,0.7926462292671204
gbm,33,NAS14NN,second,justTargetDataset,1.174957513809204
hnscc,33,NAS14NN,first,allDatasets,0.6743140816688538
hnscc,33,NAS14NN,first,justTargetDataset,1.0620923042297363
hnscc,33,NAS14NN,second,allDatasets,0.7625835537910461
hnscc,33,NAS14NN,second,justTargetDataset,1.1481765508651733
lscc,33,NAS14NN,first,allDatasets,0.49935993552207947
lscc,33,NAS14NN,first,justTargetDataset,0.8621312379837036
lscc,33,NAS14NN,second,allDatasets,0.7166491746902466
lscc,33,NAS14NN,second,justTargetDataset,1.2420027256011963
luad,33,NAS14NN,first,allDatasets,0.9168077707290649
luad,33,NAS14NN,first,justTargetDataset,1.2504897117614746
luad,33,NAS14NN,second,allDatasets,0.8422602415084839
luad,33,NAS14NN,second,justTargetDataset,1.2152736186981201
ov,33,NAS14NN,first,allDatasets,1.1401625871658325
ov,33,NAS14NN,first,justTargetDataset,1.6663333177566528
ov,33,NAS14NN,second,allDatasets,0.8770486116409302
ov,33,NAS14NN,second,justTargetDataset,1.3058500289916992
pdac,33,NAS14NN,first,allDatasets,1.1000337600708008
pdac,33,NAS14NN,first,justTargetDataset,1.5729302167892456
pdac,33,NAS14NN,second,allDatasets,1.6234954595565796
pdac,33,NAS14NN,second,justTargetDataset,1.757217288017273
all,33,NAS14NN,first,allDatasets,0.9603474736213684
all,33,NAS14NN,first,justTargetDataset,0.9613717794418335
all,33,NAS14NN,second,allDatasets,1.2348076105117798
all,33,NAS14NN,second,justTargetDataset,1.2360426187515259
brca,34,NAS14NN,first,allDatasets,0.9714875817298889
brca,34,NAS14NN,first,justTargetDataset,1.4295166730880737
brca,34,NAS14NN,second,allDatasets,0.7789819240570068
brca,34,NAS14NN,second,justTargetDataset,1.122749924659729
ccrcc,34,NAS14NN,first,allDatasets,0.7385529279708862
ccrcc,34,NAS14NN,first,justTargetDataset,1.0910165309906006
ccrcc,34,NAS14NN,second,allDatasets,0.6593708395957947
ccrcc,34,NAS14NN,second,justTargetDataset,0.9630326628684998
coad,34,NAS14NN,first,allDatasets,1.8733716011047363
coad,34,NAS14NN,first,justTargetDataset,2.0970280170440674
coad,34,NAS14NN,second,allDatasets,1.4158645868301392
coad,34,NAS14NN,second,justTargetDataset,1.7049193382263184
gbm,34,NAS14NN,first,allDatasets,0.7804864048957825
gbm,34,NAS14NN,first,justTargetDataset,1.1750425100326538
gbm,34,NAS14NN,second,allDatasets,0.8789194226264954
gbm,34,NAS14NN,second,justTargetDataset,1.3073846101760864
lscc,34,NAS14NN,first,allDatasets,0.6621928811073303
lscc,34,NAS14NN,first,justTargetDataset,1.1196000576019287
lscc,34,NAS14NN,second,allDatasets,0.8025649785995483
lscc,34,NAS14NN,second,justTargetDataset,1.1901112794876099
luad,34,NAS14NN,first,allDatasets,0.717019259929657
luad,34,NAS14NN,first,justTargetDataset,1.091502070426941
luad,34,NAS14NN,second,allDatasets,0.8054868578910828
luad,34,NAS14NN,second,justTargetDataset,1.1245657205581665
ov,34,NAS14NN,first,allDatasets,1.0268409252166748
ov,34,NAS14NN,first,justTargetDataset,1.54167640209198
pdac,34,NAS14NN,first,allDatasets,2.883516550064087
pdac,34,NAS14NN,first,justTargetDataset,2.8164381980895996
pdac,34,NAS14NN,second,allDatasets,1.1613510847091675
pdac,34,NAS14NN,second,justTargetDataset,1.522413730621338
all,34,NAS14NN,first,allDatasets,1.0916106700897217
all,34,NAS14NN,first,justTargetDataset,1.0922276973724365
all,34,NAS14NN,second,allDatasets,0.9012845158576965
all,34,NAS14NN,second,justTargetDataset,0.9006760716438293
brca,35,NAS14NN,first,allDatasets,1.0128939151763916
brca,35,NAS14NN,first,justTargetDataset,1.355943202972412
brca,35,NAS14NN,second,allDatasets,0.7255508899688721
brca,35,NAS14NN,second,justTargetDataset,1.1586730480194092
ccrcc,35,NAS14NN,first,allDatasets,0.6476505398750305
ccrcc,35,NAS14NN,first,justTargetDataset,0.9457924962043762
ccrcc,35,NAS14NN,second,allDatasets,0.6864928007125854
ccrcc,35,NAS14NN,second,justTargetDataset,1.0123190879821777
coad,35,NAS14NN,first,allDatasets,2.395803928375244
coad,35,NAS14NN,first,justTargetDataset,2.69468092918396
coad,35,NAS14NN,second,allDatasets,2.048394203186035
coad,35,NAS14NN,second,justTargetDataset,2.2515761852264404
gbm,35,NAS14NN,first,allDatasets,0.7850287556648254
gbm,35,NAS14NN,first,justTargetDataset,1.1768958568572998
gbm,35,NAS14NN,second,allDatasets,0.8969547748565674
gbm,35,NAS14NN,second,justTargetDataset,1.2989720106124878
hnscc,35,NAS14NN,first,allDatasets,0.6754462122917175
hnscc,35,NAS14NN,first,justTargetDataset,1.0915675163269043
hnscc,35,NAS14NN,second,allDatasets,0.7773147821426392
hnscc,35,NAS14NN,second,justTargetDataset,1.1501808166503906
lscc,35,NAS14NN,first,allDatasets,0.5649816989898682
lscc,35,NAS14NN,first,justTargetDataset,0.9614918231964111
lscc,35,NAS14NN,second,allDatasets,0.5464065074920654
lscc,35,NAS14NN,second,justTargetDataset,0.9144043922424316
luad,35,NAS14NN,first,allDatasets,0.6629732847213745
luad,35,NAS14NN,first,justTargetDataset,1.0402613878250122
luad,35,NAS14NN,second,allDatasets,0.8886476159095764
luad,35,NAS14NN,second,justTargetDataset,1.23585844039917
ov,35,NAS14NN,first,allDatasets,0.9460896849632263
ov,35,NAS14NN,first,justTargetDataset,1.362638235092163
ov,35,NAS14NN,second,allDatasets,0.9940465092658997
ov,35,NAS14NN,second,justTargetDataset,1.464219331741333
pdac,35,NAS14NN,first,allDatasets,1.4952973127365112
pdac,35,NAS14NN,first,justTargetDataset,1.6184048652648926
pdac,35,NAS14NN,second,allDatasets,1.1630724668502808
pdac,35,NAS14NN,second,justTargetDataset,1.5670931339263916
all,35,NAS14NN,first,allDatasets,0.951593816280365
all,35,NAS14NN,first,justTargetDataset,0.9534050226211548
all,35,NAS14NN,second,allDatasets,0.9357074499130249
all,35,NAS14NN,second,justTargetDataset,0.9349491596221924
brca,36,NAS14NN,first,allDatasets,1.2786977291107178
brca,36,NAS14NN,first,justTargetDataset,1.9751907587051392
brca,36,NAS14NN,second,allDatasets,0.8179144263267517
brca,36,NAS14NN,second,justTargetDataset,1.191442608833313
ccrcc,36,NAS14NN,first,allDatasets,0.6473583579063416
ccrcc,36,NAS14NN,first,justTargetDataset,0.9360630512237549
ccrcc,36,NAS14NN,second,allDatasets,0.7237421870231628
ccrcc,36,NAS14NN,second,justTargetDataset,1.0661193132400513
gbm,36,NAS14NN,first,allDatasets,0.8214715123176575
gbm,36,NAS14NN,first,justTargetDataset,1.2074666023254395
gbm,36,NAS14NN,second,allDatasets,0.7718415856361389
gbm,36,NAS14NN,second,justTargetDataset,1.1685456037521362
hnscc,36,NAS14NN,first,allDatasets,0.6340338587760925
hnscc,36,NAS14NN,first,justTargetDataset,1.017458438873291
hnscc,36,NAS14NN,second,allDatasets,0.8020074963569641
hnscc,36,NAS14NN,second,justTargetDataset,1.1776679754257202
lscc,36,NAS14NN,first,allDatasets,0.5700215101242065
lscc,36,NAS14NN,first,justTargetDataset,1.0193003416061401
lscc,36,NAS14NN,second,allDatasets,0.5569884181022644
lscc,36,NAS14NN,second,justTargetDataset,0.9278154373168945
luad,36,NAS14NN,first,allDatasets,0.71592777967453
luad,36,NAS14NN,first,justTargetDataset,1.1482491493225098
luad,36,NAS14NN,second,allDatasets,0.8153472542762756
luad,36,NAS14NN,second,justTargetDataset,1.113957405090332
ov,36,NAS14NN,first,allDatasets,0.9449180364608765
ov,36,NAS14NN,first,justTargetDataset,1.3371168375015259
ov,36,NAS14NN,second,allDatasets,0.9954854249954224
ov,36,NAS14NN,second,justTargetDataset,1.4905028343200684
pdac,36,NAS14NN,first,allDatasets,4.3674211502075195
pdac,36,NAS14NN,first,justTargetDataset,4.058102130889893
all,36,NAS14NN,first,allDatasets,1.2370080947875977
all,36,NAS14NN,first,justTargetDataset,1.2361009120941162
all,36,NAS14NN,second,allDatasets,0.9326239228248596
all,36,NAS14NN,second,justTargetDataset,0.932837188243866
brca,37,NAS14NN,first,allDatasets,0.8067751526832581
brca,37,NAS14NN,first,justTargetDataset,1.217964768409729
brca,37,NAS14NN,second,allDatasets,0.923715353012085
ccrcc,37,NAS14NN,first,allDatasets,0.6649302244186401
ccrcc,37,NAS14NN,first,justTargetDataset,0.9690431952476501
coad,37,NAS14NN,first,allDatasets,4.1440958976745605
coad,37,NAS14NN,first,justTargetDataset,4.1880693435668945
coad,37,NAS14NN,second,allDatasets,3.5547752380371094
coad,37,NAS14NN,second,justTargetDataset,3.8160793781280518
gbm,37,NAS14NN,first,allDatasets,0.9429925084114075
gbm,37,NAS14NN,first,justTargetDataset,1.4386565685272217
gbm,37,NAS14NN,second,allDatasets,0.7627422213554382
gbm,37,NAS14NN,second,justTargetDataset,1.1316026449203491
hnscc,37,NAS14NN,first,allDatasets,0.7270938754081726
hnscc,37,NAS14NN,first,justTargetDataset,1.0852638483047485
hnscc,37,NAS14NN,second,allDatasets,0.6887521743774414
hnscc,37,NAS14NN,second,justTargetDataset,1.0864542722702026
lscc,37,NAS14NN,first,allDatasets,0.5401755571365356
lscc,37,NAS14NN,first,justTargetDataset,0.9534863233566284
lscc,37,NAS14NN,second,allDatasets,0.5506917834281921
lscc,37,NAS14NN,second,justTargetDataset,0.9392324090003967
luad,37,NAS14NN,first,allDatasets,0.7727567553520203
ov,37,NAS14NN,first,allDatasets,1.0500285625457764
ov,37,NAS14NN,first,justTargetDataset,1.487247109413147
pdac,37,NAS14NN,first,allDatasets,1.3761111497879028
pdac,37,NAS14NN,first,justTargetDataset,1.6985408067703247
pdac,37,NAS14NN,second,allDatasets,2.2665324211120605
pdac,37,NAS14NN,second,justTargetDataset,2.5915582180023193
all,37,NAS14NN,first,allDatasets,1.0991835594177246
all,37,NAS14NN,first,justTargetDataset,1.0995436906814575
all,37,NAS14NN,second,allDatasets,1.1759037971496582
all,37,NAS14NN,second,justTargetDataset,1.1776355504989624
brca,38,NAS14NN,first,allDatasets,0.7557578682899475
brca,38,NAS14NN,first,justTargetDataset,1.2120091915130615
brca,38,NAS14NN,second,allDatasets,0.9177731871604919
brca,38,NAS14NN,second,justTargetDataset,1.2687894105911255
coad,38,NAS14NN,first,allDatasets,6.803943157196045
coad,38,NAS14NN,first,justTargetDataset,6.582175254821777
hnscc,38,NAS14NN,first,allDatasets,0.7006401419639587
hnscc,38,NAS14NN,first,justTargetDataset,1.0720397233963013
hnscc,38,NAS14NN,second,allDatasets,0.7226707935333252
hnscc,38,NAS14NN,second,justTargetDataset,1.1404510736465454
lscc,38,NAS14NN,first,allDatasets,0.5808360576629639
lscc,38,NAS14NN,first,justTargetDataset,0.9889131188392639
lscc,38,NAS14NN,second,allDatasets,0.5178492069244385
lscc,38,NAS14NN,second,justTargetDataset,0.9030147194862366
luad,38,NAS14NN,first,allDatasets,0.840320885181427
ov,38,NAS14NN,first,allDatasets,1.1172394752502441
ov,38,NAS14NN,first,justTargetDataset,1.6458793878555298
ov,38,NAS14NN,second,allDatasets,0.9065424799919128
ov,38,NAS14NN,second,justTargetDataset,1.31257963180542
pdac,38,NAS14NN,first,allDatasets,1.238115906715393
pdac,38,NAS14NN,first,justTargetDataset,1.6248224973678589
pdac,38,NAS14NN,second,allDatasets,2.165653705596924
pdac,38,NAS14NN,second,justTargetDataset,2.183229446411133
all,38,NAS14NN,first,allDatasets,1.3137410879135132
all,38,NAS14NN,first,justTargetDataset,1.3130934238433838
all,38,NAS14NN,second,allDatasets,1.2138067483901978
all,38,NAS14NN,second,justTargetDataset,1.213261365890503
brca,39,NAS14NN,first,allDatasets,1.134861707687378
brca,39,NAS14NN,first,justTargetDataset,1.685906171798706
brca,39,NAS14NN,second,allDatasets,0.7652885913848877
brca,39,NAS14NN,second,justTargetDataset,1.1836496591567993
coad,39,NAS14NN,first,allDatasets,8.066787719726562
coad,39,NAS14NN,first,justTargetDataset,7.740963459014893
coad,39,NAS14NN,second,allDatasets,1.4899425506591797
coad,39,NAS14NN,second,justTargetDataset,1.9112776517868042
hnscc,39,NAS14NN,first,allDatasets,0.7504616975784302
hnscc,39,NAS14NN,first,justTargetDataset,1.1446444988250732
lscc,39,NAS14NN,first,allDatasets,0.5681623816490173
lscc,39,NAS14NN,first,justTargetDataset,0.9878280758857727
lscc,39,NAS14NN,second,allDatasets,0.5599656105041504
lscc,39,NAS14NN,second,justTargetDataset,0.9367216229438782
luad,39,NAS14NN,first,allDatasets,0.8368392586708069
luad,39,NAS14NN,first,justTargetDataset,1.2072536945343018
luad,39,NAS14NN,second,allDatasets,0.674279510974884
ov,39,NAS14NN,first,allDatasets,3.295961618423462
ov,39,NAS14NN,first,justTargetDataset,3.604689359664917
ov,39,NAS14NN,second,allDatasets,0.9527093172073364
ov,39,NAS14NN,second,justTargetDataset,1.3542581796646118
all,39,NAS14NN,first,allDatasets,1.7256022691726685
all,39,NAS14NN,first,justTargetDataset,1.7258591651916504
all,39,NAS14NN,second,allDatasets,1.1474722623825073
all,39,NAS14NN,second,justTargetDataset,1.1483098268508911
brca,40,NAS14NN,first,allDatasets,0.8127493262290955
brca,40,NAS14NN,first,justTargetDataset,1.1814897060394287
ccrcc,40,NAS14NN,first,allDatasets,0.6872982382774353
ccrcc,40,NAS14NN,first,justTargetDataset,1.0201998949050903
ccrcc,40,NAS14NN,second,allDatasets,0.6582670211791992
ccrcc,40,NAS14NN,second,justTargetDataset,1.1937618255615234
coad,40,NAS14NN,first,allDatasets,1.2879921197891235
coad,40,NAS14NN,first,justTargetDataset,1.6209403276443481
coad,40,NAS14NN,second,allDatasets,2.3352103233337402
coad,40,NAS14NN,second,justTargetDataset,2.5142581462860107
gbm,40,NAS14NN,first,allDatasets,0.7453227639198303
gbm,40,NAS14NN,first,justTargetDataset,1.09014093875885
gbm,40,NAS14NN,second,allDatasets,0.8796842098236084
gbm,40,NAS14NN,second,justTargetDataset,1.3947443962097168
hnscc,40,NAS14NN,first,allDatasets,0.7196397185325623
hnscc,40,NAS14NN,first,justTargetDataset,1.1209381818771362
hnscc,40,NAS14NN,second,allDatasets,0.7033172845840454
hnscc,40,NAS14NN,second,justTargetDataset,2.4250168800354004
lscc,40,NAS14NN,first,allDatasets,0.5704634785652161
lscc,40,NAS14NN,first,justTargetDataset,0.9487177133560181
lscc,40,NAS14NN,second,allDatasets,0.5785508155822754
lscc,40,NAS14NN,second,justTargetDataset,0.9899135828018188
luad,40,NAS14NN,first,allDatasets,0.7533780932426453
luad,40,NAS14NN,first,justTargetDataset,1.0761029720306396
luad,40,NAS14NN,second,allDatasets,0.7681999802589417
luad,40,NAS14NN,second,justTargetDataset,1.1597381830215454
ov,40,NAS14NN,first,allDatasets,0.9818201661109924
ov,40,NAS14NN,first,justTargetDataset,1.3391133546829224
ov,40,NAS14NN,second,allDatasets,0.9813110828399658
ov,40,NAS14NN,second,justTargetDataset,1.4465349912643433
pdac,40,NAS14NN,first,allDatasets,1.19253671169281
pdac,40,NAS14NN,first,justTargetDataset,1.5578347444534302
pdac,40,NAS14NN,second,allDatasets,2.842653512954712
pdac,40,NAS14NN,second,justTargetDataset,2.678537607192993
all,40,NAS14NN,first,allDatasets,0.8426773548126221
all,40,NAS14NN,first,justTargetDataset,0.8425043821334839
all,40,NAS14NN,second,allDatasets,1.1078869104385376
all,40,NAS14NN,second,justTargetDataset,1.107495665550232
ccrcc,41,NAS14NN,first,allDatasets,0.5955866575241089
coad,41,NAS14NN,first,allDatasets,8.7485933303833
coad,41,NAS14NN,first,justTargetDataset,8.394370079040527
coad,41,NAS14NN,second,allDatasets,1.022994875907898
coad,41,NAS14NN,second,justTargetDataset,1.3187081813812256
gbm,41,NAS14NN,first,allDatasets,0.7100054621696472
gbm,41,NAS14NN,first,justTargetDataset,1.0628892183303833
gbm,41,NAS14NN,second,allDatasets,0.9278398156166077
gbm,41,NAS14NN,second,justTargetDataset,1.3519315719604492
hnscc,41,NAS14NN,first,allDatasets,0.741604745388031
hnscc,41,NAS14NN,first,justTargetDataset,1.0928583145141602
hnscc,41,NAS14NN,second,allDatasets,0.6707379817962646
hnscc,41,NAS14NN,second,justTargetDataset,1.0804928541183472
lscc,41,NAS14NN,first,allDatasets,0.49063873291015625
lscc,41,NAS14NN,first,justTargetDataset,0.8752315044403076
lscc,41,NAS14NN,second,allDatasets,0.6339348554611206
lscc,41,NAS14NN,second,justTargetDataset,1.0579833984375
luad,41,NAS14NN,first,allDatasets,0.6692929863929749
luad,41,NAS14NN,first,justTargetDataset,1.020638346672058
luad,41,NAS14NN,second,allDatasets,0.9272739291191101
luad,41,NAS14NN,second,justTargetDataset,1.2956308126449585
ov,41,NAS14NN,first,allDatasets,2.7898740768432617
ov,41,NAS14NN,first,justTargetDataset,3.5601601600646973
ov,41,NAS14NN,second,allDatasets,0.9060420989990234
ov,41,NAS14NN,second,justTargetDataset,1.2607228755950928
pdac,41,NAS14NN,first,allDatasets,1.3867436647415161
pdac,41,NAS14NN,first,justTargetDataset,1.7392109632492065
pdac,41,NAS14NN,second,allDatasets,1.484658122062683
pdac,41,NAS14NN,second,justTargetDataset,1.6446352005004883
all,41,NAS14NN,first,allDatasets,1.5202032327651978
all,41,NAS14NN,first,justTargetDataset,1.5193828344345093
all,41,NAS14NN,second,allDatasets,0.9132459759712219
all,41,NAS14NN,second,justTargetDataset,0.9136450290679932
brca,42,NAS14NN,first,allDatasets,0.8860732913017273
brca,42,NAS14NN,first,justTargetDataset,1.3684391975402832
brca,42,NAS14NN,second,allDatasets,0.8278798460960388
brca,42,NAS14NN,second,justTargetDataset,1.2132154703140259
ccrcc,42,NAS14NN,first,allDatasets,0.7069022059440613
ccrcc,42,NAS14NN,first,justTargetDataset,1.011220097541809
ccrcc,42,NAS14NN,second,allDatasets,1.362850308418274
ccrcc,42,NAS14NN,second,justTargetDataset,1.839487910270691
coad,42,NAS14NN,first,allDatasets,7.726262092590332
coad,42,NAS14NN,first,justTargetDataset,7.491370677947998
coad,42,NAS14NN,second,allDatasets,2.240593194961548
coad,42,NAS14NN,second,justTargetDataset,2.434978723526001
gbm,42,NAS14NN,first,allDatasets,0.8033124208450317
gbm,42,NAS14NN,first,justTargetDataset,1.217847466468811
gbm,42,NAS14NN,second,allDatasets,0.9978343844413757
gbm,42,NAS14NN,second,justTargetDataset,1.4377559423446655
hnscc,42,NAS14NN,first,allDatasets,0.6531373858451843
hnscc,42,NAS14NN,first,justTargetDataset,1.016971468925476
hnscc,42,NAS14NN,second,allDatasets,0.7518782615661621
hnscc,42,NAS14NN,second,justTargetDataset,1.1597752571105957
lscc,42,NAS14NN,first,allDatasets,0.6880016922950745
lscc,42,NAS14NN,first,justTargetDataset,1.1122868061065674
lscc,42,NAS14NN,second,allDatasets,0.6407748460769653
lscc,42,NAS14NN,second,justTargetDataset,1.1428494453430176
luad,42,NAS14NN,first,allDatasets,1.204633355140686
luad,42,NAS14NN,first,justTargetDataset,1.6904487609863281
luad,42,NAS14NN,second,allDatasets,0.8354023694992065
luad,42,NAS14NN,second,justTargetDataset,1.209640383720398
ov,42,NAS14NN,first,allDatasets,2.877444267272949
ov,42,NAS14NN,first,justTargetDataset,3.6242759227752686
ov,42,NAS14NN,second,allDatasets,0.8966952562332153
ov,42,NAS14NN,second,justTargetDataset,1.282533884048462
pdac,42,NAS14NN,first,allDatasets,1.3424280881881714
pdac,42,NAS14NN,first,justTargetDataset,1.5893737077713013
pdac,42,NAS14NN,second,allDatasets,1.0523101091384888
pdac,42,NAS14NN,second,justTargetDataset,1.4143983125686646
all,42,NAS14NN,first,allDatasets,1.5771454572677612
all,42,NAS14NN,first,justTargetDataset,1.5777689218521118
all,42,NAS14NN,second,allDatasets,1.0525234937667847
all,42,NAS14NN,second,justTargetDataset,1.0509388446807861
brca,43,NAS14NN,first,allDatasets,0.8863515257835388
brca,43,NAS14NN,first,justTargetDataset,1.2928684949874878
brca,43,NAS14NN,second,allDatasets,0.7901432514190674
brca,43,NAS14NN,second,justTargetDataset,1.1966636180877686
ccrcc,43,NAS14NN,first,allDatasets,1.7450957298278809
ccrcc,43,NAS14NN,first,justTargetDataset,2.049877882003784
ccrcc,43,NAS14NN,second,allDatasets,0.6562995314598083
ccrcc,43,NAS14NN,second,justTargetDataset,0.9998915195465088
coad,43,NAS14NN,first,allDatasets,3.091705083847046
coad,43,NAS14NN,first,justTargetDataset,3.428758144378662
coad,43,NAS14NN,second,allDatasets,4.279698371887207
coad,43,NAS14NN,second,justTargetDataset,4.248477458953857
gbm,43,NAS14NN,first,allDatasets,0.8362711668014526
gbm,43,NAS14NN,first,justTargetDataset,1.2604821920394897
gbm,43,NAS14NN,second,allDatasets,0.8009326457977295
gbm,43,NAS14NN,second,justTargetDataset,1.250709891319275
hnscc,43,NAS14NN,first,allDatasets,0.6416149139404297
hnscc,43,NAS14NN,first,justTargetDataset,1.0362695455551147
hnscc,43,NAS14NN,second,allDatasets,1.324236512184143
hnscc,43,NAS14NN,second,justTargetDataset,1.7211978435516357
lscc,43,NAS14NN,first,allDatasets,0.5889935493469238
lscc,43,NAS14NN,first,justTargetDataset,0.9813453555107117
lscc,43,NAS14NN,second,allDatasets,0.5044493079185486
lscc,43,NAS14NN,second,justTargetDataset,0.8893316388130188
luad,43,NAS14NN,first,allDatasets,0.793344259262085
luad,43,NAS14NN,first,justTargetDataset,1.1429293155670166
ov,43,NAS14NN,first,allDatasets,1.5764131546020508
ov,43,NAS14NN,first,justTargetDataset,2.2101731300354004
ov,43,NAS14NN,second,allDatasets,1.0265156030654907
ov,43,NAS14NN,second,justTargetDataset,1.5037649869918823
pdac,43,NAS14NN,first,allDatasets,2.217649459838867
pdac,43,NAS14NN,first,justTargetDataset,2.511645555496216
pdac,43,NAS14NN,second,allDatasets,1.3266633749008179
pdac,43,NAS14NN,second,justTargetDataset,1.5015168190002441
all,43,NAS14NN,first,allDatasets,1.2860815525054932
all,43,NAS14NN,first,justTargetDataset,1.2856576442718506
all,43,NAS14NN,second,allDatasets,1.1497397422790527
all,43,NAS14NN,second,justTargetDataset,1.149537444114685
brca,44,NAS14NN,first,allDatasets,0.8365641236305237
brca,44,NAS14NN,first,justTargetDataset,1.1578799486160278
brca,44,NAS14NN,second,allDatasets,1.093855619430542
brca,44,NAS14NN,second,justTargetDataset,1.8026297092437744
ccrcc,44,NAS14NN,first,allDatasets,0.6727508306503296
ccrcc,44,NAS14NN,first,justTargetDataset,1.0401344299316406
ccrcc,44,NAS14NN,second,allDatasets,3.0645604133605957
ccrcc,44,NAS14NN,second,justTargetDataset,3.051485538482666
coad,44,NAS14NN,first,allDatasets,4.718319416046143
coad,44,NAS14NN,first,justTargetDataset,4.847846984863281
coad,44,NAS14NN,second,allDatasets,1.3112223148345947
coad,44,NAS14NN,second,justTargetDataset,1.6327210664749146
gbm,44,NAS14NN,first,allDatasets,0.7406212091445923
gbm,44,NAS14NN,first,justTargetDataset,1.1209065914154053
gbm,44,NAS14NN,second,allDatasets,0.948246955871582
gbm,44,NAS14NN,second,justTargetDataset,1.413067102432251
hnscc,44,NAS14NN,first,allDatasets,0.7591671347618103
hnscc,44,NAS14NN,first,justTargetDataset,1.1601507663726807
lscc,44,NAS14NN,first,allDatasets,0.5362061858177185
lscc,44,NAS14NN,first,justTargetDataset,0.9761164784431458
lscc,44,NAS14NN,second,allDatasets,0.6117125749588013
lscc,44,NAS14NN,second,justTargetDataset,1.0193403959274292
luad,44,NAS14NN,first,allDatasets,1.0854588747024536
luad,44,NAS14NN,first,justTargetDataset,1.568526268005371
luad,44,NAS14NN,second,allDatasets,0.7044718861579895
luad,44,NAS14NN,second,justTargetDataset,1.0724467039108276
ov,44,NAS14NN,first,allDatasets,1.719525933265686
ov,44,NAS14NN,first,justTargetDataset,2.176971435546875
ov,44,NAS14NN,second,allDatasets,3.8811216354370117
ov,44,NAS14NN,second,justTargetDataset,4.121755599975586
pdac,44,NAS14NN,first,allDatasets,2.9801058769226074
pdac,44,NAS14NN,first,justTargetDataset,2.9354121685028076
pdac,44,NAS14NN,second,allDatasets,1.3750056028366089
pdac,44,NAS14NN,second,justTargetDataset,1.6797302961349487
all,44,NAS14NN,first,allDatasets,1.3791435956954956
all,44,NAS14NN,first,justTargetDataset,1.379650354385376
all,44,NAS14NN,second,allDatasets,1.419498324394226
all,44,NAS14NN,second,justTargetDataset,1.419016718864441
brca,45,NAS14NN,first,allDatasets,0.6784402132034302
brca,45,NAS14NN,first,justTargetDataset,1.0469117164611816
brca,45,NAS14NN,second,allDatasets,1.0244550704956055
ccrcc,45,NAS14NN,first,allDatasets,0.6686486005783081
ccrcc,45,NAS14NN,first,justTargetDataset,0.9716536402702332
ccrcc,45,NAS14NN,second,allDatasets,0.7040672302246094
ccrcc,45,NAS14NN,second,justTargetDataset,1.021018147468567
coad,45,NAS14NN,first,allDatasets,3.002117156982422
coad,45,NAS14NN,first,justTargetDataset,3.2289719581604004
coad,45,NAS14NN,second,allDatasets,1.7882534265518188
coad,45,NAS14NN,second,justTargetDataset,2.101869821548462
gbm,45,NAS14NN,first,allDatasets,0.8037013411521912
gbm,45,NAS14NN,first,justTargetDataset,1.241863489151001
gbm,45,NAS14NN,second,allDatasets,0.8111668229103088
gbm,45,NAS14NN,second,justTargetDataset,1.2015199661254883
hnscc,45,NAS14NN,first,allDatasets,0.7170807123184204
hnscc,45,NAS14NN,first,justTargetDataset,1.1184349060058594
hnscc,45,NAS14NN,second,allDatasets,0.7202645540237427
hnscc,45,NAS14NN,second,justTargetDataset,1.1090255975723267
lscc,45,NAS14NN,first,allDatasets,0.45692577958106995
luad,45,NAS14NN,first,allDatasets,0.9602678418159485
luad,45,NAS14NN,first,justTargetDataset,1.3305926322937012
luad,45,NAS14NN,second,allDatasets,0.6326102614402771
luad,45,NAS14NN,second,justTargetDataset,0.9869773387908936
ov,45,NAS14NN,first,allDatasets,0.9999974966049194
ov,45,NAS14NN,first,justTargetDataset,1.4217479228973389
ov,45,NAS14NN,second,allDatasets,0.9666925072669983
ov,45,NAS14NN,second,justTargetDataset,1.417292833328247
pdac,45,NAS14NN,first,allDatasets,2.236220359802246
pdac,45,NAS14NN,first,justTargetDataset,2.271070718765259
pdac,45,NAS14NN,second,allDatasets,1.0597809553146362
pdac,45,NAS14NN,second,justTargetDataset,1.4114609956741333
all,45,NAS14NN,first,allDatasets,1.0847028493881226
all,45,NAS14NN,first,justTargetDataset,1.084330677986145
all,45,NAS14NN,second,allDatasets,0.8952942490577698
all,45,NAS14NN,second,justTargetDataset,0.8931379318237305
brca,46,NAS14NN,first,allDatasets,0.8970458507537842
brca,46,NAS14NN,first,justTargetDataset,1.286987543106079
brca,46,NAS14NN,second,allDatasets,0.8121048212051392
brca,46,NAS14NN,second,justTargetDataset,1.2192052602767944
ccrcc,46,NAS14NN,first,allDatasets,0.6960605382919312
ccrcc,46,NAS14NN,first,justTargetDataset,1.0161635875701904
ccrcc,46,NAS14NN,second,allDatasets,1.3180283308029175
ccrcc,46,NAS14NN,second,justTargetDataset,1.6835824251174927
coad,46,NAS14NN,first,allDatasets,0.9668769240379333
gbm,46,NAS14NN,first,allDatasets,0.8372448682785034
gbm,46,NAS14NN,first,justTargetDataset,1.2401208877563477
gbm,46,NAS14NN,second,allDatasets,0.8613633513450623
gbm,46,NAS14NN,second,justTargetDataset,1.283958911895752
hnscc,46,NAS14NN,first,allDatasets,0.6701081395149231
hnscc,46,NAS14NN,first,justTargetDataset,1.043049931526184
hnscc,46,NAS14NN,second,allDatasets,0.7616516351699829
hnscc,46,NAS14NN,second,justTargetDataset,1.1494957208633423
lscc,46,NAS14NN,first,allDatasets,0.6046423316001892
lscc,46,NAS14NN,first,justTargetDataset,1.0816538333892822
lscc,46,NAS14NN,second,allDatasets,0.5258734822273254
lscc,46,NAS14NN,second,justTargetDataset,0.9154841303825378
luad,46,NAS14NN,first,allDatasets,0.9844205975532532
luad,46,NAS14NN,first,justTargetDataset,1.5583875179290771
luad,46,NAS14NN,second,allDatasets,0.8374612331390381
luad,46,NAS14NN,second,justTargetDataset,1.2427250146865845
ov,46,NAS14NN,first,allDatasets,1.9245433807373047
ov,46,NAS14NN,first,justTargetDataset,2.4224321842193604
pdac,46,NAS14NN,first,allDatasets,1.9105830192565918
pdac,46,NAS14NN,first,justTargetDataset,2.020923137664795
pdac,46,NAS14NN,second,allDatasets,1.3470797538757324
all,46,NAS14NN,first,allDatasets,1.0027532577514648
all,46,NAS14NN,first,justTargetDataset,1.0028128623962402
all,46,NAS14NN,second,allDatasets,1.2636934518814087
all,46,NAS14NN,second,justTargetDataset,1.2634272575378418
brca,47,NAS14NN,first,allDatasets,0.9759408235549927
brca,47,NAS14NN,first,justTargetDataset,1.3048176765441895
brca,47,NAS14NN,second,allDatasets,0.7781936526298523
brca,47,NAS14NN,second,justTargetDataset,1.3131119012832642
ccrcc,47,NAS14NN,first,allDatasets,0.655945897102356
ccrcc,47,NAS14NN,first,justTargetDataset,0.9718190431594849
ccrcc,47,NAS14NN,second,allDatasets,0.6983528733253479
ccrcc,47,NAS14NN,second,justTargetDataset,1.0198293924331665
coad,47,NAS14NN,first,allDatasets,2.0467031002044678
coad,47,NAS14NN,first,justTargetDataset,2.369351387023926
coad,47,NAS14NN,second,allDatasets,10.454887390136719
coad,47,NAS14NN,second,justTargetDataset,9.791994094848633
gbm,47,NAS14NN,first,allDatasets,1.9243183135986328
gbm,47,NAS14NN,first,justTargetDataset,2.2738845348358154
gbm,47,NAS14NN,second,allDatasets,0.9928341507911682
gbm,47,NAS14NN,second,justTargetDataset,1.4748198986053467
hnscc,47,NAS14NN,first,allDatasets,0.7625788450241089
hnscc,47,NAS14NN,first,justTargetDataset,1.1408668756484985
hnscc,47,NAS14NN,second,allDatasets,0.6789361238479614
hnscc,47,NAS14NN,second,justTargetDataset,1.0760353803634644
lscc,47,NAS14NN,first,allDatasets,0.5304354429244995
lscc,47,NAS14NN,first,justTargetDataset,0.9235484600067139
lscc,47,NAS14NN,second,allDatasets,0.6304675340652466
luad,47,NAS14NN,first,allDatasets,0.768712043762207
luad,47,NAS14NN,first,justTargetDataset,1.0996646881103516
luad,47,NAS14NN,second,allDatasets,0.7380725741386414
ov,47,NAS14NN,first,allDatasets,2.879901647567749
ov,47,NAS14NN,first,justTargetDataset,3.131488800048828
ov,47,NAS14NN,second,allDatasets,0.9690784811973572
ov,47,NAS14NN,second,justTargetDataset,1.3901664018630981
pdac,47,NAS14NN,first,allDatasets,1.0900459289550781
pdac,47,NAS14NN,first,justTargetDataset,1.3822896480560303
pdac,47,NAS14NN,second,allDatasets,1.134979486465454
pdac,47,NAS14NN,second,justTargetDataset,1.518999457359314
all,47,NAS14NN,first,allDatasets,1.1192046403884888
all,47,NAS14NN,first,justTargetDataset,1.1189038753509521
all,47,NAS14NN,second,allDatasets,1.5720558166503906
all,47,NAS14NN,second,justTargetDataset,1.5727102756500244
brca,48,NAS14NN,first,allDatasets,0.8180577754974365
brca,48,NAS14NN,first,justTargetDataset,1.2178972959518433
brca,48,NAS14NN,second,allDatasets,0.8716952800750732
brca,48,NAS14NN,second,justTargetDataset,1.2933751344680786
ccrcc,48,NAS14NN,first,allDatasets,0.682260274887085
ccrcc,48,NAS14NN,first,justTargetDataset,1.004597783088684
ccrcc,48,NAS14NN,second,allDatasets,0.7027180790901184
ccrcc,48,NAS14NN,second,justTargetDataset,1.061073899269104
coad,48,NAS14NN,first,allDatasets,2.5950875282287598
coad,48,NAS14NN,first,justTargetDataset,2.912130355834961
coad,48,NAS14NN,second,allDatasets,2.6847758293151855
coad,48,NAS14NN,second,justTargetDataset,2.8818142414093018
gbm,48,NAS14NN,first,allDatasets,0.8066904544830322
gbm,48,NAS14NN,first,justTargetDataset,1.2187514305114746
gbm,48,NAS14NN,second,allDatasets,0.8459917306900024
gbm,48,NAS14NN,second,justTargetDataset,1.238065242767334
hnscc,48,NAS14NN,first,allDatasets,0.9447914958000183
hnscc,48,NAS14NN,first,justTargetDataset,1.4193320274353027
hnscc,48,NAS14NN,second,allDatasets,1.7841516733169556
hnscc,48,NAS14NN,second,justTargetDataset,1.9637504816055298
lscc,48,NAS14NN,first,allDatasets,0.5381169319152832
lscc,48,NAS14NN,first,justTargetDataset,0.9223091006278992
lscc,48,NAS14NN,second,allDatasets,0.5492146015167236
lscc,48,NAS14NN,second,justTargetDataset,0.9567647576332092
luad,48,NAS14NN,first,allDatasets,0.7119281888008118
luad,48,NAS14NN,first,justTargetDataset,1.109591007232666
luad,48,NAS14NN,second,allDatasets,0.9016110897064209
luad,48,NAS14NN,second,justTargetDataset,1.2663195133209229
ov,48,NAS14NN,first,allDatasets,0.9528858065605164
ov,48,NAS14NN,first,justTargetDataset,1.397865653038025
ov,48,NAS14NN,second,allDatasets,4.619372844696045
ov,48,NAS14NN,second,justTargetDataset,4.7350993156433105
pdac,48,NAS14NN,first,allDatasets,1.1267794370651245
pdac,48,NAS14NN,first,justTargetDataset,1.4628500938415527
all,48,NAS14NN,first,allDatasets,0.963914692401886
all,48,NAS14NN,first,justTargetDataset,0.9630866646766663
all,48,NAS14NN,second,allDatasets,1.3430372476577759
all,48,NAS14NN,second,justTargetDataset,1.3425710201263428
brca,49,NAS14NN,first,allDatasets,0.7721547484397888
brca,49,NAS14NN,first,justTargetDataset,1.19065260887146
brca,49,NAS14NN,second,allDatasets,0.9484304785728455
brca,49,NAS14NN,second,justTargetDataset,1.2898985147476196
ccrcc,49,NAS14NN,first,allDatasets,0.9362850785255432
ccrcc,49,NAS14NN,first,justTargetDataset,1.2751764059066772
ccrcc,49,NAS14NN,second,allDatasets,0.6301782131195068
ccrcc,49,NAS14NN,second,justTargetDataset,0.9562178254127502
gbm,49,NAS14NN,first,allDatasets,0.8168966770172119
gbm,49,NAS14NN,first,justTargetDataset,1.2437275648117065
lscc,49,NAS14NN,first,allDatasets,0.5771985054016113
lscc,49,NAS14NN,first,justTargetDataset,0.9811280369758606
lscc,49,NAS14NN,second,allDatasets,0.5195286870002747
lscc,49,NAS14NN,second,justTargetDataset,0.8847177028656006
luad,49,NAS14NN,first,allDatasets,0.8327959179878235
luad,49,NAS14NN,first,justTargetDataset,1.185795545578003
luad,49,NAS14NN,second,allDatasets,0.6914533972740173
luad,49,NAS14NN,second,justTargetDataset,1.0905213356018066
ov,49,NAS14NN,first,allDatasets,0.985740065574646
ov,49,NAS14NN,first,justTargetDataset,1.468883752822876
ov,49,NAS14NN,second,allDatasets,0.9832369685173035
ov,49,NAS14NN,second,justTargetDataset,1.3342450857162476
pdac,49,NAS14NN,first,allDatasets,1.0412551164627075
pdac,49,NAS14NN,first,justTargetDataset,1.3415971994400024
pdac,49,NAS14NN,second,allDatasets,1.4068249464035034
pdac,49,NAS14NN,second,justTargetDataset,1.6502019166946411
all,49,NAS14NN,first,allDatasets,1.1364598274230957
all,49,NAS14NN,first,justTargetDataset,1.135783314704895
all,49,NAS14NN,second,allDatasets,0.8856258988380432
all,49,NAS14NN,second,justTargetDataset,0.8859531283378601
brca,50,NAS14NN,first,allDatasets,0.8385303020477295
brca,50,NAS14NN,first,justTargetDataset,1.3504170179367065
ccrcc,50,NAS14NN,first,allDatasets,0.7379284501075745
ccrcc,50,NAS14NN,first,justTargetDataset,1.0509006977081299
ccrcc,50,NAS14NN,second,allDatasets,0.6603277325630188
ccrcc,50,NAS14NN,second,justTargetDataset,1.1655892133712769
coad,50,NAS14NN,first,allDatasets,3.3342792987823486
coad,50,NAS14NN,first,justTargetDataset,3.527151346206665
coad,50,NAS14NN,second,allDatasets,0.9714273810386658
coad,50,NAS14NN,second,justTargetDataset,1.2656983137130737
gbm,50,NAS14NN,first,allDatasets,0.9145727157592773
gbm,50,NAS14NN,first,justTargetDataset,1.3306679725646973
gbm,50,NAS14NN,second,allDatasets,0.7776405811309814
gbm,50,NAS14NN,second,justTargetDataset,1.181618332862854
lscc,50,NAS14NN,first,allDatasets,0.5499216914176941
lscc,50,NAS14NN,first,justTargetDataset,0.9414932727813721
lscc,50,NAS14NN,second,allDatasets,0.5413472652435303
lscc,50,NAS14NN,second,justTargetDataset,0.9165663123130798
luad,50,NAS14NN,first,allDatasets,0.9144098162651062
luad,50,NAS14NN,first,justTargetDataset,1.262160301208496
luad,50,NAS14NN,second,allDatasets,0.9812387228012085
luad,50,NAS14NN,second,justTargetDataset,1.415390133857727
ov,50,NAS14NN,first,allDatasets,1.0234140157699585
ov,50,NAS14NN,first,justTargetDataset,1.5560948848724365
ov,50,NAS14NN,second,allDatasets,0.9446009397506714
ov,50,NAS14NN,second,justTargetDataset,1.2877037525177002
pdac,50,NAS14NN,first,allDatasets,1.177714467048645
all,50,NAS14NN,first,allDatasets,1.04812490940094
all,50,NAS14NN,first,justTargetDataset,1.0473005771636963
all,50,NAS14NN,second,allDatasets,0.8735087513923645
all,50,NAS14NN,second,justTargetDataset,0.8734568953514099
brca,51,NAS14NN,first,allDatasets,0.9153835773468018
brca,51,NAS14NN,first,justTargetDataset,1.2794779539108276
brca,51,NAS14NN,second,allDatasets,0.7814542055130005
brca,51,NAS14NN,second,justTargetDataset,1.2085351943969727
ccrcc,51,NAS14NN,first,allDatasets,1.2560559511184692
ccrcc,51,NAS14NN,first,justTargetDataset,1.5111415386199951
ccrcc,51,NAS14NN,second,allDatasets,0.7479211688041687
ccrcc,51,NAS14NN,second,justTargetDataset,1.101508378982544
coad,51,NAS14NN,first,allDatasets,8.00318717956543
coad,51,NAS14NN,first,justTargetDataset,7.756115436553955
coad,51,NAS14NN,second,allDatasets,1.352479338645935
coad,51,NAS14NN,second,justTargetDataset,1.638704538345337
gbm,51,NAS14NN,first,allDatasets,0.8212747573852539
gbm,51,NAS14NN,first,justTargetDataset,1.197703242301941
gbm,51,NAS14NN,second,allDatasets,0.8814982771873474
gbm,51,NAS14NN,second,justTargetDataset,1.3631701469421387
hnscc,51,NAS14NN,first,allDatasets,0.7588594555854797
hnscc,51,NAS14NN,first,justTargetDataset,1.1348191499710083
hnscc,51,NAS14NN,second,allDatasets,0.6624576449394226
hnscc,51,NAS14NN,second,justTargetDataset,1.0406091213226318
lscc,51,NAS14NN,first,allDatasets,0.5369647741317749
lscc,51,NAS14NN,first,justTargetDataset,0.9244009256362915
lscc,51,NAS14NN,second,allDatasets,0.5829023718833923
lscc,51,NAS14NN,second,justTargetDataset,1.004773497581482
luad,51,NAS14NN,first,allDatasets,1.5412532091140747
luad,51,NAS14NN,first,justTargetDataset,1.9532248973846436
luad,51,NAS14NN,second,allDatasets,0.6833532452583313
luad,51,NAS14NN,second,justTargetDataset,1.044333815574646
ov,51,NAS14NN,first,allDatasets,0.942232072353363
ov,51,NAS14NN,first,justTargetDataset,1.4066705703735352
ov,51,NAS14NN,second,allDatasets,1.070265769958496
ov,51,NAS14NN,second,justTargetDataset,1.5284842252731323
pdac,51,NAS14NN,first,allDatasets,2.2932143211364746
pdac,51,NAS14NN,first,justTargetDataset,2.358666181564331
pdac,51,NAS14NN,second,allDatasets,2.8828847408294678
pdac,51,NAS14NN,second,justTargetDataset,2.9878764152526855
all,51,NAS14NN,first,allDatasets,1.6833727359771729
all,51,NAS14NN,first,justTargetDataset,1.6841245889663696
all,51,NAS14NN,second,allDatasets,1.0236279964447021
all,51,NAS14NN,second,justTargetDataset,1.0247634649276733
brca,52,NAS14NN,first,allDatasets,0.8332862257957458
brca,52,NAS14NN,first,justTargetDataset,1.181153416633606
brca,52,NAS14NN,second,allDatasets,0.8791531920433044
brca,52,NAS14NN,second,justTargetDataset,1.354313611984253
ccrcc,52,NAS14NN,first,allDatasets,0.7070137858390808
ccrcc,52,NAS14NN,first,justTargetDataset,0.9997804164886475
ccrcc,52,NAS14NN,second,allDatasets,0.7306768894195557
ccrcc,52,NAS14NN,second,justTargetDataset,1.2433865070343018
coad,52,NAS14NN,first,allDatasets,1.837897777557373
coad,52,NAS14NN,first,justTargetDataset,2.0767133235931396
coad,52,NAS14NN,second,allDatasets,5.166772365570068
coad,52,NAS14NN,second,justTargetDataset,5.105236053466797
gbm,52,NAS14NN,first,allDatasets,0.807795524597168
gbm,52,NAS14NN,first,justTargetDataset,1.1765236854553223
gbm,52,NAS14NN,second,allDatasets,0.7760494351387024
gbm,52,NAS14NN,second,justTargetDataset,1.242093563079834
hnscc,52,NAS14NN,first,allDatasets,0.709673285484314
lscc,52,NAS14NN,first,allDatasets,0.5269965529441833
lscc,52,NAS14NN,first,justTargetDataset,0.9060753583908081
lscc,52,NAS14NN,second,allDatasets,0.5802323818206787
lscc,52,NAS14NN,second,justTargetDataset,0.9733818769454956
luad,52,NAS14NN,first,allDatasets,1.0564308166503906
luad,52,NAS14NN,first,justTargetDataset,1.600523591041565
luad,52,NAS14NN,second,allDatasets,0.7780430912971497
luad,52,NAS14NN,second,justTargetDataset,1.1528620719909668
ov,52,NAS14NN,first,allDatasets,0.9208952188491821
ov,52,NAS14NN,first,justTargetDataset,1.324832558631897
ov,52,NAS14NN,second,allDatasets,1.0894114971160889
ov,52,NAS14NN,second,justTargetDataset,1.5808947086334229
pdac,52,NAS14NN,first,allDatasets,1.3443163633346558
pdac,52,NAS14NN,first,justTargetDataset,1.5327224731445312
pdac,52,NAS14NN,second,allDatasets,2.111304998397827
pdac,52,NAS14NN,second,justTargetDataset,2.2446484565734863
all,52,NAS14NN,first,allDatasets,0.9453197121620178
all,52,NAS14NN,first,justTargetDataset,0.9449973702430725
all,52,NAS14NN,second,allDatasets,1.2702234983444214
all,52,NAS14NN,second,justTargetDataset,1.2695112228393555
brca,53,NAS14NN,first,allDatasets,1.0533658266067505
brca,53,NAS14NN,first,justTargetDataset,1.4791268110275269
brca,53,NAS14NN,second,allDatasets,0.7533069252967834
brca,53,NAS14NN,second,justTargetDataset,1.1596524715423584
ccrcc,53,NAS14NN,first,allDatasets,0.6628512740135193
ccrcc,53,NAS14NN,first,justTargetDataset,0.9362543821334839
ccrcc,53,NAS14NN,second,allDatasets,0.6975743174552917
ccrcc,53,NAS14NN,second,justTargetDataset,1.3548332452774048
coad,53,NAS14NN,first,allDatasets,5.142935276031494
coad,53,NAS14NN,first,justTargetDataset,5.119585037231445
coad,53,NAS14NN,second,allDatasets,1.9618046283721924
coad,53,NAS14NN,second,justTargetDataset,2.162959575653076
gbm,53,NAS14NN,first,allDatasets,4.746769428253174
gbm,53,NAS14NN,first,justTargetDataset,5.719615936279297
gbm,53,NAS14NN,second,allDatasets,0.7723948955535889
gbm,53,NAS14NN,second,justTargetDataset,1.1268784999847412
hnscc,53,NAS14NN,first,allDatasets,0.6714038848876953
hnscc,53,NAS14NN,first,justTargetDataset,1.0450923442840576
hnscc,53,NAS14NN,second,allDatasets,0.7862937450408936
hnscc,53,NAS14NN,second,justTargetDataset,1.217186689376831
luad,53,NAS14NN,first,allDatasets,0.7129109501838684
luad,53,NAS14NN,first,justTargetDataset,1.0984642505645752
luad,53,NAS14NN,second,allDatasets,0.8116368055343628
luad,53,NAS14NN,second,justTargetDataset,1.1719285249710083
ov,53,NAS14NN,first,allDatasets,1.6500658988952637
ov,53,NAS14NN,first,justTargetDataset,2.102905511856079
ov,53,NAS14NN,second,allDatasets,1.0934820175170898
ov,53,NAS14NN,second,justTargetDataset,1.5764830112457275
pdac,53,NAS14NN,first,allDatasets,1.1374015808105469
pdac,53,NAS14NN,first,justTargetDataset,1.3942396640777588
pdac,53,NAS14NN,second,allDatasets,0.8608589768409729
pdac,53,NAS14NN,second,justTargetDataset,1.2426930665969849
all,53,NAS14NN,first,allDatasets,1.5421605110168457
all,53,NAS14NN,first,justTargetDataset,1.5419442653656006
all,53,NAS14NN,second,allDatasets,0.8798544406890869
all,53,NAS14NN,second,justTargetDataset,0.8810541033744812
brca,54,NAS14NN,first,allDatasets,0.771940290927887
brca,54,NAS14NN,first,justTargetDataset,1.2007429599761963
brca,54,NAS14NN,second,allDatasets,0.9493942856788635
brca,54,NAS14NN,second,justTargetDataset,1.268254041671753
ccrcc,54,NAS14NN,first,allDatasets,0.7098387479782104
ccrcc,54,NAS14NN,first,justTargetDataset,1.0310711860656738
ccrcc,54,NAS14NN,second,allDatasets,0.6779021620750427
ccrcc,54,NAS14NN,second,justTargetDataset,1.1258373260498047
coad,54,NAS14NN,first,allDatasets,0.9337079524993896
coad,54,NAS14NN,first,justTargetDataset,1.2286566495895386
coad,54,NAS14NN,second,allDatasets,1.634125828742981
coad,54,NAS14NN,second,justTargetDataset,1.8846322298049927
gbm,54,NAS14NN,first,allDatasets,0.8222633600234985
gbm,54,NAS14NN,first,justTargetDataset,1.1840014457702637
lscc,54,NAS14NN,first,allDatasets,0.5622181296348572
lscc,54,NAS14NN,first,justTargetDataset,0.9554501175880432
lscc,54,NAS14NN,second,allDatasets,0.5407979488372803
lscc,54,NAS14NN,second,justTargetDataset,0.9235970377922058
luad,54,NAS14NN,first,allDatasets,0.7607904076576233
luad,54,NAS14NN,first,justTargetDataset,1.1375194787979126
luad,54,NAS14NN,second,allDatasets,0.7215762138366699
luad,54,NAS14NN,second,justTargetDataset,1.0790905952453613
ov,54,NAS14NN,first,allDatasets,1.007538914680481
ov,54,NAS14NN,first,justTargetDataset,1.4276987314224243
ov,54,NAS14NN,second,allDatasets,1.0284321308135986
ov,54,NAS14NN,second,justTargetDataset,1.5228755474090576
pdac,54,NAS14NN,first,allDatasets,5.835933208465576
pdac,54,NAS14NN,first,justTargetDataset,5.180500030517578
pdac,54,NAS14NN,second,allDatasets,3.9250478744506836
pdac,54,NAS14NN,second,justTargetDataset,3.732163429260254
all,54,NAS14NN,first,allDatasets,1.2801079750061035
all,54,NAS14NN,first,justTargetDataset,1.2796077728271484
all,54,NAS14NN,second,allDatasets,1.1304341554641724
all,54,NAS14NN,second,justTargetDataset,1.1304923295974731
brca,55,NAS14NN,first,allDatasets,0.9208759069442749
brca,55,NAS14NN,first,justTargetDataset,1.4049456119537354
brca,55,NAS14NN,second,allDatasets,0.7725821137428284
ccrcc,55,NAS14NN,first,allDatasets,2.2397546768188477
ccrcc,55,NAS14NN,first,justTargetDataset,2.2770559787750244
ccrcc,55,NAS14NN,second,allDatasets,0.7232073545455933
ccrcc,55,NAS14NN,second,justTargetDataset,1.0805002450942993
gbm,55,NAS14NN,first,allDatasets,3.711373805999756
gbm,55,NAS14NN,first,justTargetDataset,5.064801216125488
gbm,55,NAS14NN,second,allDatasets,0.9065218567848206
gbm,55,NAS14NN,second,justTargetDataset,1.334480881690979
lscc,55,NAS14NN,first,allDatasets,0.645839273929596
luad,55,NAS14NN,first,allDatasets,0.7173845767974854
luad,55,NAS14NN,first,justTargetDataset,1.1016536951065063
pdac,55,NAS14NN,first,allDatasets,1.0486646890640259
pdac,55,NAS14NN,first,justTargetDataset,1.9860587120056152
pdac,55,NAS14NN,second,allDatasets,1.1795272827148438
all,55,NAS14NN,first,allDatasets,1.5272890329360962
all,55,NAS14NN,first,justTargetDataset,1.5257915258407593
all,55,NAS14NN,second,allDatasets,1.072957158088684
all,55,NAS14NN,second,justTargetDataset,1.0738887786865234
brca,56,NAS14NN,first,allDatasets,0.8936028480529785
brca,56,NAS14NN,first,justTargetDataset,1.2991420030593872
brca,56,NAS14NN,second,allDatasets,0.8035997748374939
brca,56,NAS14NN,second,justTargetDataset,1.2049436569213867
ccrcc,56,NAS14NN,first,allDatasets,0.6031215190887451
ccrcc,56,NAS14NN,first,justTargetDataset,0.9162731170654297
ccrcc,56,NAS14NN,second,allDatasets,0.776677131652832
ccrcc,56,NAS14NN,second,justTargetDataset,1.1194976568222046
gbm,56,NAS14NN,first,allDatasets,0.87540602684021
hnscc,56,NAS14NN,first,allDatasets,0.7137868404388428
hnscc,56,NAS14NN,first,justTargetDataset,1.0747482776641846
hnscc,56,NAS14NN,second,allDatasets,0.6792646646499634
hnscc,56,NAS14NN,second,justTargetDataset,1.0369641780853271
lscc,56,NAS14NN,first,allDatasets,0.5059402585029602
luad,56,NAS14NN,first,allDatasets,1.5721508264541626
luad,56,NAS14NN,first,justTargetDataset,1.985527753829956
luad,56,NAS14NN,second,allDatasets,0.7318766713142395
luad,56,NAS14NN,second,justTargetDataset,1.0868816375732422
pdac,56,NAS14NN,first,allDatasets,1.110009789466858
pdac,56,NAS14NN,first,justTargetDataset,1.4806525707244873
pdac,56,NAS14NN,second,allDatasets,1.1425511837005615
pdac,56,NAS14NN,second,justTargetDataset,1.4456006288528442
all,56,NAS14NN,first,allDatasets,1.4255980253219604
all,56,NAS14NN,first,justTargetDataset,1.424742341041565
ccrcc,57,NAS14NN,first,allDatasets,0.6519126296043396
ccrcc,57,NAS14NN,first,justTargetDataset,0.9435616731643677
ccrcc,57,NAS14NN,second,allDatasets,0.7174545526504517
ccrcc,57,NAS14NN,second,justTargetDataset,1.0455303192138672
coad,57,NAS14NN,first,allDatasets,2.1201419830322266
coad,57,NAS14NN,first,justTargetDataset,2.385718584060669
coad,57,NAS14NN,second,allDatasets,5.266180515289307
coad,57,NAS14NN,second,justTargetDataset,5.408046722412109
hnscc,57,NAS14NN,first,allDatasets,1.0011606216430664
hnscc,57,NAS14NN,first,justTargetDataset,1.4341665506362915
hnscc,57,NAS14NN,second,allDatasets,0.6793016791343689
hnscc,57,NAS14NN,second,justTargetDataset,1.1821235418319702
lscc,57,NAS14NN,first,allDatasets,0.529634952545166
lscc,57,NAS14NN,first,justTargetDataset,0.937184751033783
lscc,57,NAS14NN,second,allDatasets,0.5892965793609619
lscc,57,NAS14NN,second,justTargetDataset,1.000957727432251
luad,57,NAS14NN,first,allDatasets,0.7172277569770813
luad,57,NAS14NN,first,justTargetDataset,1.0531601905822754
luad,57,NAS14NN,second,allDatasets,0.7975672483444214
luad,57,NAS14NN,second,justTargetDataset,1.2726908922195435
pdac,57,NAS14NN,first,allDatasets,2.498784303665161
pdac,57,NAS14NN,first,justTargetDataset,2.464848041534424
pdac,57,NAS14NN,second,allDatasets,1.2593889236450195
pdac,57,NAS14NN,second,justTargetDataset,1.666541576385498
all,57,NAS14NN,first,allDatasets,1.0854518413543701
all,57,NAS14NN,first,justTargetDataset,1.087629795074463
all,57,NAS14NN,second,allDatasets,1.163952350616455
all,57,NAS14NN,second,justTargetDataset,1.1656935214996338
brca,58,NAS14NN,first,allDatasets,0.8421623706817627
brca,58,NAS14NN,first,justTargetDataset,1.2630670070648193
brca,58,NAS14NN,second,allDatasets,0.8211944103240967
brca,58,NAS14NN,second,justTargetDataset,1.2317051887512207
ccrcc,58,NAS14NN,first,allDatasets,0.6754982471466064
ccrcc,58,NAS14NN,first,justTargetDataset,0.974355936050415
ccrcc,58,NAS14NN,second,allDatasets,0.6894527077674866
ccrcc,58,NAS14NN,second,justTargetDataset,1.0803052186965942
coad,58,NAS14NN,first,allDatasets,1.7430627346038818
coad,58,NAS14NN,first,justTargetDataset,2.067157030105591
coad,58,NAS14NN,second,allDatasets,3.857799768447876
coad,58,NAS14NN,second,justTargetDataset,3.835681200027466
gbm,58,NAS14NN,first,allDatasets,0.8955297470092773
gbm,58,NAS14NN,first,justTargetDataset,1.3276559114456177
gbm,58,NAS14NN,second,allDatasets,0.8105865716934204
gbm,58,NAS14NN,second,justTargetDataset,1.2344958782196045
hnscc,58,NAS14NN,first,allDatasets,0.779980480670929
hnscc,58,NAS14NN,first,justTargetDataset,1.1574238538742065
hnscc,58,NAS14NN,second,allDatasets,0.6796999573707581
hnscc,58,NAS14NN,second,justTargetDataset,1.0728352069854736
lscc,58,NAS14NN,first,allDatasets,0.5577881336212158
lscc,58,NAS14NN,first,justTargetDataset,0.9498946666717529
lscc,58,NAS14NN,second,allDatasets,0.5270224809646606
lscc,58,NAS14NN,second,justTargetDataset,0.9034128785133362
luad,58,NAS14NN,first,allDatasets,0.9395353198051453
luad,58,NAS14NN,first,justTargetDataset,1.331642746925354
luad,58,NAS14NN,second,allDatasets,1.019601821899414
luad,58,NAS14NN,second,justTargetDataset,1.5818277597427368
ov,58,NAS14NN,first,allDatasets,0.939027726650238
pdac,58,NAS14NN,first,allDatasets,0.9308043122291565
pdac,58,NAS14NN,first,justTargetDataset,1.3013978004455566
pdac,58,NAS14NN,second,allDatasets,1.4023478031158447
pdac,58,NAS14NN,second,justTargetDataset,1.658966064453125
all,58,NAS14NN,first,allDatasets,0.9027518033981323
all,58,NAS14NN,first,justTargetDataset,0.9025672078132629
all,58,NAS14NN,second,allDatasets,1.1083312034606934
all,58,NAS14NN,second,justTargetDataset,1.1084463596343994
brca,59,NAS14NN,first,allDatasets,0.904302716255188
brca,59,NAS14NN,first,justTargetDataset,1.3496925830841064
brca,59,NAS14NN,second,allDatasets,0.7980252504348755
brca,59,NAS14NN,second,justTargetDataset,1.1689481735229492
ccrcc,59,NAS14NN,first,allDatasets,0.7379029393196106
ccrcc,59,NAS14NN,first,justTargetDataset,1.090266466140747
ccrcc,59,NAS14NN,second,allDatasets,0.6336502432823181
ccrcc,59,NAS14NN,second,justTargetDataset,0.9310757517814636
coad,59,NAS14NN,first,allDatasets,2.67612361907959
coad,59,NAS14NN,first,justTargetDataset,2.8234384059906006
coad,59,NAS14NN,second,allDatasets,1.5591888427734375
coad,59,NAS14NN,second,justTargetDataset,1.839879035949707
gbm,59,NAS14NN,first,allDatasets,0.8753959536552429
gbm,59,NAS14NN,first,justTargetDataset,1.351777195930481
gbm,59,NAS14NN,second,allDatasets,0.7966563701629639
gbm,59,NAS14NN,second,justTargetDataset,1.1388195753097534
hnscc,59,NAS14NN,first,allDatasets,0.6935186982154846
hnscc,59,NAS14NN,first,justTargetDataset,1.0703390836715698
hnscc,59,NAS14NN,second,allDatasets,0.7339600324630737
hnscc,59,NAS14NN,second,justTargetDataset,1.1192457675933838
lscc,59,NAS14NN,first,allDatasets,0.47938308119773865
lscc,59,NAS14NN,first,justTargetDataset,0.8533271551132202
lscc,59,NAS14NN,second,allDatasets,0.6559642553329468
lscc,59,NAS14NN,second,justTargetDataset,1.0783283710479736
luad,59,NAS14NN,first,allDatasets,0.7951074242591858
luad,59,NAS14NN,first,justTargetDataset,1.1441951990127563
luad,59,NAS14NN,second,allDatasets,0.683392345905304
luad,59,NAS14NN,second,justTargetDataset,1.1030067205429077
pdac,59,NAS14NN,first,allDatasets,1.3922991752624512
pdac,59,NAS14NN,first,justTargetDataset,1.6417146921157837
pdac,59,NAS14NN,second,allDatasets,0.8597500324249268
pdac,59,NAS14NN,second,justTargetDataset,1.171735405921936
all,59,NAS14NN,first,allDatasets,0.9860056638717651
all,59,NAS14NN,first,justTargetDataset,0.9857128858566284
all,59,NAS14NN,second,allDatasets,0.9269025325775146
all,59,NAS14NN,second,justTargetDataset,0.9273752570152283
brca,60,NAS14NN,first,allDatasets,0.8759451508522034
brca,60,NAS14NN,first,justTargetDataset,1.2883466482162476
brca,60,NAS14NN,second,allDatasets,1.1052138805389404
brca,60,NAS14NN,second,justTargetDataset,1.5822199583053589
coad,60,NAS14NN,first,allDatasets,1.4619747400283813
coad,60,NAS14NN,first,justTargetDataset,1.7349640130996704
coad,60,NAS14NN,second,allDatasets,3.107861280441284
coad,60,NAS14NN,second,justTargetDataset,3.3907673358917236
hnscc,60,NAS14NN,first,allDatasets,0.781568169593811
hnscc,60,NAS14NN,first,justTargetDataset,1.2163400650024414
hnscc,60,NAS14NN,second,allDatasets,0.7203702330589294
hnscc,60,NAS14NN,second,justTargetDataset,1.0977885723114014
lscc,60,NAS14NN,first,allDatasets,0.6360323429107666
lscc,60,NAS14NN,first,justTargetDataset,1.0556309223175049
lscc,60,NAS14NN,second,allDatasets,0.5031944513320923
lscc,60,NAS14NN,second,justTargetDataset,0.8716716170310974
luad,60,NAS14NN,first,allDatasets,0.7977986335754395
luad,60,NAS14NN,first,justTargetDataset,1.1519770622253418
luad,60,NAS14NN,second,allDatasets,0.7220194935798645
luad,60,NAS14NN,second,justTargetDataset,1.1261318922042847
ov,60,NAS14NN,first,allDatasets,1.2718963623046875
ov,60,NAS14NN,first,justTargetDataset,1.8088455200195312
ov,60,NAS14NN,second,allDatasets,1.4435983896255493
ov,60,NAS14NN,second,justTargetDataset,1.99479341506958
all,60,NAS14NN,first,allDatasets,0.89962238073349
all,60,NAS14NN,first,justTargetDataset,0.8990294337272644
all,60,NAS14NN,second,allDatasets,1.0270752906799316
all,60,NAS14NN,second,justTargetDataset,1.0278027057647705
brca,61,NAS14NN,first,allDatasets,1.0285682678222656
brca,61,NAS14NN,first,justTargetDataset,1.4405813217163086
ccrcc,61,NAS14NN,first,allDatasets,0.6433091163635254
ccrcc,61,NAS14NN,first,justTargetDataset,0.9504319429397583
ccrcc,61,NAS14NN,second,allDatasets,0.7009150385856628
ccrcc,61,NAS14NN,second,justTargetDataset,1.0111498832702637
coad,61,NAS14NN,first,allDatasets,1.0428916215896606
coad,61,NAS14NN,first,justTargetDataset,1.3434138298034668
coad,61,NAS14NN,second,allDatasets,3.5945348739624023
coad,61,NAS14NN,second,justTargetDataset,3.6766180992126465
gbm,61,NAS14NN,first,allDatasets,0.8271652460098267
gbm,61,NAS14NN,first,justTargetDataset,1.2370147705078125
gbm,61,NAS14NN,second,allDatasets,0.8407394886016846
gbm,61,NAS14NN,second,justTargetDataset,1.2967625856399536
hnscc,61,NAS14NN,first,allDatasets,0.6727595329284668
hnscc,61,NAS14NN,first,justTargetDataset,1.0289313793182373
hnscc,61,NAS14NN,second,allDatasets,0.7479810118675232
hnscc,61,NAS14NN,second,justTargetDataset,1.1700310707092285
lscc,61,NAS14NN,first,allDatasets,0.4688275158405304
luad,61,NAS14NN,first,allDatasets,0.7137163877487183
luad,61,NAS14NN,first,justTargetDataset,1.0977369546890259
luad,61,NAS14NN,second,allDatasets,0.7507929801940918
luad,61,NAS14NN,second,justTargetDataset,1.1582831144332886
pdac,61,NAS14NN,first,allDatasets,1.3716955184936523
pdac,61,NAS14NN,first,justTargetDataset,1.6688148975372314
pdac,61,NAS14NN,second,allDatasets,3.698554754257202
pdac,61,NAS14NN,second,justTargetDataset,3.611391305923462
all,61,NAS14NN,first,allDatasets,0.8283137083053589
all,61,NAS14NN,first,justTargetDataset,0.82826828956604
all,61,NAS14NN,second,allDatasets,1.3002328872680664
all,61,NAS14NN,second,justTargetDataset,1.3006051778793335
brca,62,NAS14NN,first,allDatasets,0.7470510005950928
brca,62,NAS14NN,first,justTargetDataset,1.0756192207336426
brca,62,NAS14NN,second,allDatasets,0.951471745967865
brca,62,NAS14NN,second,justTargetDataset,1.4000511169433594
ccrcc,62,NAS14NN,first,allDatasets,0.6505762338638306
ccrcc,62,NAS14NN,first,justTargetDataset,0.9403748512268066
ccrcc,62,NAS14NN,second,allDatasets,0.7250356674194336
ccrcc,62,NAS14NN,second,justTargetDataset,1.0761798620224
coad,62,NAS14NN,first,allDatasets,6.262594699859619
coad,62,NAS14NN,first,justTargetDataset,5.986896514892578
coad,62,NAS14NN,second,allDatasets,3.930368185043335
coad,62,NAS14NN,second,justTargetDataset,4.136862754821777
gbm,62,NAS14NN,first,allDatasets,0.8443365097045898
gbm,62,NAS14NN,first,justTargetDataset,1.2639081478118896
gbm,62,NAS14NN,second,allDatasets,1.7157981395721436
gbm,62,NAS14NN,second,justTargetDataset,2.5525920391082764
hnscc,62,NAS14NN,first,allDatasets,0.6365609169006348
hnscc,62,NAS14NN,first,justTargetDataset,1.0174692869186401
hnscc,62,NAS14NN,second,allDatasets,0.7850909233093262
hnscc,62,NAS14NN,second,justTargetDataset,1.185683250427246
lscc,62,NAS14NN,first,allDatasets,0.5005379915237427
lscc,62,NAS14NN,first,justTargetDataset,0.8837791085243225
lscc,62,NAS14NN,second,allDatasets,0.6201842427253723
lscc,62,NAS14NN,second,justTargetDataset,0.8210344314575195
luad,62,NAS14NN,first,allDatasets,0.8620587587356567
luad,62,NAS14NN,first,justTargetDataset,1.3076072931289673
luad,62,NAS14NN,second,allDatasets,0.6538849472999573
luad,62,NAS14NN,second,justTargetDataset,0.9706094264984131
pdac,62,NAS14NN,first,allDatasets,1.3355592489242554
pdac,62,NAS14NN,first,justTargetDataset,1.5420846939086914
pdac,62,NAS14NN,second,allDatasets,1.4025969505310059
all,62,NAS14NN,first,allDatasets,1.2258894443511963
all,62,NAS14NN,first,justTargetDataset,1.2262845039367676
all,62,NAS14NN,second,allDatasets,1.1761953830718994
all,62,NAS14NN,second,justTargetDataset,1.1778159141540527
brca,63,NAS14NN,first,allDatasets,0.857302725315094
brca,63,NAS14NN,first,justTargetDataset,1.4158083200454712
brca,63,NAS14NN,second,allDatasets,0.854634165763855
brca,63,NAS14NN,second,justTargetDataset,1.21421480178833
ccrcc,63,NAS14NN,first,allDatasets,0.6854474544525146
ccrcc,63,NAS14NN,first,justTargetDataset,0.9978848099708557
ccrcc,63,NAS14NN,second,allDatasets,0.6624531745910645
ccrcc,63,NAS14NN,second,justTargetDataset,0.9646421670913696
coad,63,NAS14NN,first,allDatasets,3.4525938034057617
coad,63,NAS14NN,first,justTargetDataset,3.530834197998047
coad,63,NAS14NN,second,allDatasets,1.6218596696853638
coad,63,NAS14NN,second,justTargetDataset,1.862907886505127
gbm,63,NAS14NN,first,allDatasets,0.7653376460075378
gbm,63,NAS14NN,first,justTargetDataset,1.1607081890106201
gbm,63,NAS14NN,second,allDatasets,0.8917798399925232
gbm,63,NAS14NN,second,justTargetDataset,1.3366261720657349
hnscc,63,NAS14NN,first,allDatasets,2.2911570072174072
hnscc,63,NAS14NN,first,justTargetDataset,2.4179069995880127
hnscc,63,NAS14NN,second,allDatasets,1.3170464038848877
hnscc,63,NAS14NN,second,justTargetDataset,1.6617763042449951
lscc,63,NAS14NN,first,allDatasets,0.5744426846504211
lscc,63,NAS14NN,first,justTargetDataset,0.9707348346710205
lscc,63,NAS14NN,second,allDatasets,0.5491762161254883
lscc,63,NAS14NN,second,justTargetDataset,0.9367932677268982
luad,63,NAS14NN,first,allDatasets,0.8085726499557495
luad,63,NAS14NN,first,justTargetDataset,1.1585378646850586
luad,63,NAS14NN,second,allDatasets,0.8709387183189392
luad,63,NAS14NN,second,justTargetDataset,1.2744060754776
ov,63,NAS14NN,first,allDatasets,0.9810773730278015
pdac,63,NAS14NN,first,allDatasets,1.0432370901107788
pdac,63,NAS14NN,first,justTargetDataset,1.470630407333374
pdac,63,NAS14NN,second,allDatasets,1.200104832649231
pdac,63,NAS14NN,second,justTargetDataset,1.461271047592163
all,63,NAS14NN,first,allDatasets,1.2076308727264404
all,63,NAS14NN,first,justTargetDataset,1.2076455354690552
all,63,NAS14NN,second,allDatasets,0.9769172668457031
all,63,NAS14NN,second,justTargetDataset,0.9769351482391357
brca,64,NAS14NN,first,allDatasets,0.7483117580413818
brca,64,NAS14NN,first,justTargetDataset,1.1703351736068726
brca,64,NAS14NN,second,allDatasets,0.9463377594947815
brca,64,NAS14NN,second,justTargetDataset,1.3314560651779175
coad,64,NAS14NN,first,allDatasets,2.2878293991088867
coad,64,NAS14NN,first,justTargetDataset,2.4208261966705322
coad,64,NAS14NN,second,allDatasets,1.9189532995224
coad,64,NAS14NN,second,justTargetDataset,2.2494711875915527
gbm,64,NAS14NN,first,allDatasets,0.7867054343223572
gbm,64,NAS14NN,first,justTargetDataset,1.170190453529358
gbm,64,NAS14NN,second,allDatasets,0.9455502033233643
gbm,64,NAS14NN,second,justTargetDataset,1.383423089981079
hnscc,64,NAS14NN,first,allDatasets,0.8258993029594421
hnscc,64,NAS14NN,first,justTargetDataset,1.2737983465194702
hnscc,64,NAS14NN,second,allDatasets,0.6704280376434326
hnscc,64,NAS14NN,second,justTargetDataset,1.019707441329956
lscc,64,NAS14NN,first,allDatasets,0.5371376276016235
lscc,64,NAS14NN,first,justTargetDataset,0.9503908157348633
lscc,64,NAS14NN,second,allDatasets,0.5616703629493713
lscc,64,NAS14NN,second,justTargetDataset,0.9716447591781616
luad,64,NAS14NN,first,allDatasets,0.8096323609352112
luad,64,NAS14NN,first,justTargetDataset,1.2067294120788574
luad,64,NAS14NN,second,allDatasets,0.7623171210289001
luad,64,NAS14NN,second,justTargetDataset,1.1335114240646362
pdac,64,NAS14NN,first,allDatasets,2.7769925594329834
pdac,64,NAS14NN,first,justTargetDataset,2.8069307804107666
pdac,64,NAS14NN,second,allDatasets,2.7243361473083496
pdac,64,NAS14NN,second,justTargetDataset,2.7775707244873047
all,64,NAS14NN,first,allDatasets,1.1525187492370605
all,64,NAS14NN,first,justTargetDataset,1.1514486074447632
all,64,NAS14NN,second,allDatasets,1.1666405200958252
all,64,NAS14NN,second,justTargetDataset,1.1661076545715332
brca,65,NAS14NN,first,allDatasets,0.8327693343162537
brca,65,NAS14NN,first,justTargetDataset,1.256360411643982
brca,65,NAS14NN,second,allDatasets,0.8442692160606384
brca,65,NAS14NN,second,justTargetDataset,1.1865286827087402
ccrcc,65,NAS14NN,first,allDatasets,0.650818407535553
ccrcc,65,NAS14NN,first,justTargetDataset,0.9521140456199646
ccrcc,65,NAS14NN,second,allDatasets,0.7359500527381897
ccrcc,65,NAS14NN,second,justTargetDataset,1.0419820547103882
coad,65,NAS14NN,first,allDatasets,3.300185203552246
coad,65,NAS14NN,first,justTargetDataset,3.4454307556152344
coad,65,NAS14NN,second,allDatasets,6.404778003692627
coad,65,NAS14NN,second,justTargetDataset,6.205601692199707
gbm,65,NAS14NN,first,allDatasets,0.8714234828948975
gbm,65,NAS14NN,first,justTargetDataset,1.3178201913833618
gbm,65,NAS14NN,second,allDatasets,0.7697306275367737
gbm,65,NAS14NN,second,justTargetDataset,1.1449720859527588
hnscc,65,NAS14NN,first,allDatasets,0.6744973659515381
hnscc,65,NAS14NN,first,justTargetDataset,1.0671861171722412
hnscc,65,NAS14NN,second,allDatasets,0.7118180990219116
hnscc,65,NAS14NN,second,justTargetDataset,1.1149438619613647
luad,65,NAS14NN,first,allDatasets,0.6746151447296143
luad,65,NAS14NN,first,justTargetDataset,1.0317745208740234
luad,65,NAS14NN,second,allDatasets,0.8631294965744019
luad,65,NAS14NN,second,justTargetDataset,1.2330416440963745
ov,65,NAS14NN,first,allDatasets,1.0547794103622437
ov,65,NAS14NN,first,justTargetDataset,1.4342601299285889
ov,65,NAS14NN,second,allDatasets,0.9703291654586792
ov,65,NAS14NN,second,justTargetDataset,1.4473575353622437
pdac,65,NAS14NN,first,allDatasets,0.9781707525253296
pdac,65,NAS14NN,first,justTargetDataset,1.28421950340271
pdac,65,NAS14NN,second,allDatasets,1.664002537727356
pdac,65,NAS14NN,second,justTargetDataset,1.8701446056365967
all,65,NAS14NN,first,allDatasets,0.9905039072036743
all,65,NAS14NN,first,justTargetDataset,0.9923686385154724
all,65,NAS14NN,second,allDatasets,1.2982109785079956
all,65,NAS14NN,second,justTargetDataset,1.2992994785308838
brca,66,NAS14NN,first,allDatasets,0.8205013275146484
ccrcc,66,NAS14NN,first,allDatasets,0.6922152638435364
ccrcc,66,NAS14NN,first,justTargetDataset,1.033422827720642
ccrcc,66,NAS14NN,second,allDatasets,2.8596270084381104
ccrcc,66,NAS14NN,second,justTargetDataset,2.7113542556762695
coad,66,NAS14NN,first,allDatasets,1.6700022220611572
coad,66,NAS14NN,first,justTargetDataset,1.937700629234314
coad,66,NAS14NN,second,allDatasets,2.002598524093628
coad,66,NAS14NN,second,justTargetDataset,2.247715950012207
gbm,66,NAS14NN,first,allDatasets,0.8355887532234192
gbm,66,NAS14NN,first,justTargetDataset,1.2176499366760254
gbm,66,NAS14NN,second,allDatasets,0.7943140268325806
gbm,66,NAS14NN,second,justTargetDataset,1.2519865036010742
hnscc,66,NAS14NN,first,allDatasets,0.7507892847061157
hnscc,66,NAS14NN,first,justTargetDataset,1.1544885635375977
hnscc,66,NAS14NN,second,allDatasets,0.6543814539909363
hnscc,66,NAS14NN,second,justTargetDataset,1.021255373954773
lscc,66,NAS14NN,first,allDatasets,0.745408296585083
lscc,66,NAS14NN,first,justTargetDataset,1.2393989562988281
lscc,66,NAS14NN,second,allDatasets,0.6221655607223511
lscc,66,NAS14NN,second,justTargetDataset,1.0189746618270874
luad,66,NAS14NN,first,allDatasets,0.9607596397399902
luad,66,NAS14NN,first,justTargetDataset,1.3895246982574463
luad,66,NAS14NN,second,allDatasets,0.5840898156166077
luad,66,NAS14NN,second,justTargetDataset,0.9389441609382629
ov,66,NAS14NN,first,allDatasets,1.0260318517684937
ov,66,NAS14NN,first,justTargetDataset,1.5443979501724243
ov,66,NAS14NN,second,allDatasets,0.9752936959266663
ov,66,NAS14NN,second,justTargetDataset,1.399592638015747
pdac,66,NAS14NN,first,allDatasets,1.1216628551483154
pdac,66,NAS14NN,first,justTargetDataset,1.3999565839767456
pdac,66,NAS14NN,second,allDatasets,4.1306681632995605
pdac,66,NAS14NN,second,justTargetDataset,3.8063738346099854
all,66,NAS14NN,first,allDatasets,0.9533453583717346
all,66,NAS14NN,first,justTargetDataset,0.953912615776062
all,66,NAS14NN,second,allDatasets,1.4705350399017334
all,66,NAS14NN,second,justTargetDataset,1.4707344770431519
brca,67,NAS14NN,first,allDatasets,0.9067577719688416
brca,67,NAS14NN,first,justTargetDataset,1.3357810974121094
brca,67,NAS14NN,second,allDatasets,0.8569512963294983
brca,67,NAS14NN,second,justTargetDataset,1.2890244722366333
ccrcc,67,NAS14NN,first,allDatasets,0.7116284370422363
coad,67,NAS14NN,first,allDatasets,1.6889077425003052
coad,67,NAS14NN,first,justTargetDataset,1.8909878730773926
coad,67,NAS14NN,second,allDatasets,4.659022331237793
coad,67,NAS14NN,second,justTargetDataset,4.556434631347656
gbm,67,NAS14NN,first,allDatasets,0.8595588803291321
gbm,67,NAS14NN,first,justTargetDataset,1.2795692682266235
gbm,67,NAS14NN,second,allDatasets,0.831614077091217
gbm,67,NAS14NN,second,justTargetDataset,1.257802128791809
hnscc,67,NAS14NN,first,allDatasets,0.7020468711853027
lscc,67,NAS14NN,first,allDatasets,0.5362274646759033
lscc,67,NAS14NN,first,justTargetDataset,0.9295300245285034
lscc,67,NAS14NN,second,allDatasets,0.5542400479316711
lscc,67,NAS14NN,second,justTargetDataset,0.9413235783576965
luad,67,NAS14NN,first,allDatasets,0.7215498089790344
luad,67,NAS14NN,first,justTargetDataset,1.0643244981765747
luad,67,NAS14NN,second,allDatasets,1.112164855003357
ov,67,NAS14NN,first,allDatasets,3.3967390060424805
ov,67,NAS14NN,first,justTargetDataset,3.5129356384277344
ov,67,NAS14NN,second,allDatasets,1.0168389081954956
ov,67,NAS14NN,second,justTargetDataset,1.6097034215927124
pdac,67,NAS14NN,first,allDatasets,1.0782941579818726
pdac,67,NAS14NN,first,justTargetDataset,1.4459104537963867
pdac,67,NAS14NN,second,allDatasets,1.2423144578933716
pdac,67,NAS14NN,second,justTargetDataset,1.5169100761413574
all,67,NAS14NN,first,allDatasets,1.0347917079925537
all,67,NAS14NN,first,justTargetDataset,1.0350993871688843
all,67,NAS14NN,second,allDatasets,1.1788880825042725
all,67,NAS14NN,second,justTargetDataset,1.1798837184906006
brca,68,NAS14NN,first,allDatasets,1.2163386344909668
brca,68,NAS14NN,first,justTargetDataset,1.8688822984695435
brca,68,NAS14NN,second,allDatasets,0.8894086480140686
brca,68,NAS14NN,second,justTargetDataset,1.2805190086364746
ccrcc,68,NAS14NN,first,allDatasets,1.3892160654067993
ccrcc,68,NAS14NN,first,justTargetDataset,1.6168220043182373
ccrcc,68,NAS14NN,second,allDatasets,1.632476568222046
ccrcc,68,NAS14NN,second,justTargetDataset,1.9762619733810425
coad,68,NAS14NN,first,allDatasets,3.4741268157958984
coad,68,NAS14NN,first,justTargetDataset,3.713942527770996
coad,68,NAS14NN,second,allDatasets,1.9902271032333374
coad,68,NAS14NN,second,justTargetDataset,2.281322717666626
gbm,68,NAS14NN,first,allDatasets,0.9174731969833374
gbm,68,NAS14NN,first,justTargetDataset,1.3513680696487427
gbm,68,NAS14NN,second,allDatasets,0.780012845993042
gbm,68,NAS14NN,second,justTargetDataset,1.1501927375793457
lscc,68,NAS14NN,first,allDatasets,0.5760740041732788
lscc,68,NAS14NN,first,justTargetDataset,0.9778615236282349
lscc,68,NAS14NN,second,allDatasets,0.5402344465255737
lscc,68,NAS14NN,second,justTargetDataset,0.9314942955970764
luad,68,NAS14NN,first,allDatasets,0.7961716055870056
luad,68,NAS14NN,first,justTargetDataset,1.1681270599365234
luad,68,NAS14NN,second,allDatasets,0.7733956575393677
luad,68,NAS14NN,second,justTargetDataset,1.1414381265640259
ov,68,NAS14NN,first,allDatasets,1.1122623682022095
ov,68,NAS14NN,first,justTargetDataset,1.5744521617889404
ov,68,NAS14NN,second,allDatasets,0.8535119891166687
ov,68,NAS14NN,second,justTargetDataset,1.2360609769821167
pdac,68,NAS14NN,first,allDatasets,1.0184844732284546
pdac,68,NAS14NN,first,justTargetDataset,1.3548582792282104
pdac,68,NAS14NN,second,allDatasets,0.9572451114654541
pdac,68,NAS14NN,second,justTargetDataset,1.2959283590316772
all,68,NAS14NN,first,allDatasets,1.169090747833252
all,68,NAS14NN,first,justTargetDataset,1.169016718864441
all,68,NAS14NN,second,allDatasets,1.0736708641052246
all,68,NAS14NN,second,justTargetDataset,1.0732054710388184
brca,69,NAS14NN,first,allDatasets,2.4188661575317383
brca,69,NAS14NN,first,justTargetDataset,3.109567880630493
brca,69,NAS14NN,second,allDatasets,0.9006844758987427
brca,69,NAS14NN,second,justTargetDataset,1.5074905157089233
ccrcc,69,NAS14NN,first,allDatasets,0.7061399817466736
ccrcc,69,NAS14NN,first,justTargetDataset,1.2533211708068848
ccrcc,69,NAS14NN,second,allDatasets,1.2719794511795044
ccrcc,69,NAS14NN,second,justTargetDataset,1.4374457597732544
coad,69,NAS14NN,first,allDatasets,4.148504734039307
coad,69,NAS14NN,first,justTargetDataset,4.133244514465332
coad,69,NAS14NN,second,allDatasets,1.5223606824874878
coad,69,NAS14NN,second,justTargetDataset,1.7567110061645508
gbm,69,NAS14NN,first,allDatasets,0.8850129246711731
gbm,69,NAS14NN,first,justTargetDataset,1.319431185722351
gbm,69,NAS14NN,second,allDatasets,0.7801260352134705
gbm,69,NAS14NN,second,justTargetDataset,1.1594510078430176
hnscc,69,NAS14NN,first,allDatasets,0.7143070697784424
hnscc,69,NAS14NN,first,justTargetDataset,1.0837090015411377
hnscc,69,NAS14NN,second,allDatasets,0.6931207776069641
hnscc,69,NAS14NN,second,justTargetDataset,1.098909854888916
lscc,69,NAS14NN,first,allDatasets,0.5619403123855591
lscc,69,NAS14NN,first,justTargetDataset,0.9531905055046082
lscc,69,NAS14NN,second,allDatasets,0.5345824956893921
lscc,69,NAS14NN,second,justTargetDataset,0.9291419982910156
luad,69,NAS14NN,first,allDatasets,0.8340216279029846
luad,69,NAS14NN,first,justTargetDataset,1.1902910470962524
luad,69,NAS14NN,second,allDatasets,0.7579976320266724
luad,69,NAS14NN,second,justTargetDataset,1.157042145729065
ov,69,NAS14NN,first,allDatasets,0.9364261031150818
ov,69,NAS14NN,first,justTargetDataset,1.3372430801391602
ov,69,NAS14NN,second,allDatasets,1.0991792678833008
ov,69,NAS14NN,second,justTargetDataset,1.6317998170852661
pdac,69,NAS14NN,first,allDatasets,1.7310073375701904
pdac,69,NAS14NN,first,justTargetDataset,1.8671236038208008
pdac,69,NAS14NN,second,allDatasets,0.9690478444099426
pdac,69,NAS14NN,second,justTargetDataset,1.3745760917663574
all,69,NAS14NN,first,allDatasets,1.288903832435608
all,69,NAS14NN,first,justTargetDataset,1.2899436950683594
all,69,NAS14NN,second,allDatasets,0.9445840120315552
all,69,NAS14NN,second,justTargetDataset,0.9425011873245239
brca,70,NAS14NN,first,allDatasets,1.0090969800949097
brca,70,NAS14NN,first,justTargetDataset,1.421961784362793
brca,70,NAS14NN,second,allDatasets,0.7223545908927917
brca,70,NAS14NN,second,justTargetDataset,1.0919783115386963
ccrcc,70,NAS14NN,first,allDatasets,0.6673669219017029
ccrcc,70,NAS14NN,first,justTargetDataset,0.9577717781066895
ccrcc,70,NAS14NN,second,allDatasets,0.6940869092941284
ccrcc,70,NAS14NN,second,justTargetDataset,1.0170317888259888
coad,70,NAS14NN,first,allDatasets,8.37980842590332
coad,70,NAS14NN,first,justTargetDataset,8.014524459838867
coad,70,NAS14NN,second,allDatasets,1.87120521068573
coad,70,NAS14NN,second,justTargetDataset,2.148838996887207
gbm,70,NAS14NN,first,allDatasets,0.8700559735298157
gbm,70,NAS14NN,first,justTargetDataset,1.3006904125213623
gbm,70,NAS14NN,second,allDatasets,0.7776498198509216
gbm,70,NAS14NN,second,justTargetDataset,1.2091809511184692
hnscc,70,NAS14NN,first,allDatasets,0.803411066532135
hnscc,70,NAS14NN,first,justTargetDataset,1.1947853565216064
hnscc,70,NAS14NN,second,allDatasets,0.636615514755249
hnscc,70,NAS14NN,second,justTargetDataset,1.0327526330947876
lscc,70,NAS14NN,first,allDatasets,0.5235058069229126
lscc,70,NAS14NN,first,justTargetDataset,0.7932252883911133
lscc,70,NAS14NN,second,allDatasets,0.9226576685905457
lscc,70,NAS14NN,second,justTargetDataset,1.5359011888504028
luad,70,NAS14NN,first,allDatasets,0.7798305749893188
luad,70,NAS14NN,first,justTargetDataset,1.2010281085968018
luad,70,NAS14NN,second,allDatasets,1.9224679470062256
luad,70,NAS14NN,second,justTargetDataset,2.4985506534576416
ov,70,NAS14NN,first,allDatasets,1.0816494226455688
ov,70,NAS14NN,first,justTargetDataset,1.6047319173812866
ov,70,NAS14NN,second,allDatasets,0.9609658718109131
ov,70,NAS14NN,second,justTargetDataset,1.3929598331451416
pdac,70,NAS14NN,first,allDatasets,2.6355111598968506
brca,71,NAS14NN,first,allDatasets,0.8975157141685486
brca,71,NAS14NN,first,justTargetDataset,1.3135253190994263
brca,71,NAS14NN,second,allDatasets,0.8131051659584045
brca,71,NAS14NN,second,justTargetDataset,1.1620264053344727
ccrcc,71,NAS14NN,first,allDatasets,0.7320822477340698
ccrcc,71,NAS14NN,first,justTargetDataset,1.051276683807373
ccrcc,71,NAS14NN,second,allDatasets,0.6714675426483154
ccrcc,71,NAS14NN,second,justTargetDataset,1.000649333000183
lscc,71,NAS14NN,first,allDatasets,0.7277817726135254
lscc,71,NAS14NN,first,justTargetDataset,1.2874776124954224
lscc,71,NAS14NN,second,allDatasets,0.5500651597976685
lscc,71,NAS14NN,second,justTargetDataset,0.9321778416633606
luad,71,NAS14NN,first,allDatasets,0.8675857782363892
luad,71,NAS14NN,first,justTargetDataset,1.2908365726470947
luad,71,NAS14NN,second,allDatasets,0.9161678552627563
luad,71,NAS14NN,second,justTargetDataset,1.2697008848190308
ov,71,NAS14NN,first,allDatasets,1.0747147798538208
ov,71,NAS14NN,first,justTargetDataset,1.5542776584625244
ov,71,NAS14NN,second,allDatasets,2.1775200366973877
ov,71,NAS14NN,second,justTargetDataset,2.711636543273926
brca,72,NAS14NN,first,allDatasets,0.8344912528991699
ccrcc,72,NAS14NN,first,allDatasets,0.7678296566009521
coad,72,NAS14NN,first,allDatasets,3.614837408065796
coad,72,NAS14NN,first,justTargetDataset,3.7878503799438477
coad,72,NAS14NN,second,allDatasets,1.246134877204895
coad,72,NAS14NN,second,justTargetDataset,1.5181480646133423
gbm,72,NAS14NN,first,allDatasets,0.9325581192970276
gbm,72,NAS14NN,first,justTargetDataset,1.3646758794784546
gbm,72,NAS14NN,second,allDatasets,0.7309032082557678
gbm,72,NAS14NN,second,justTargetDataset,1.1057262420654297
lscc,72,NAS14NN,first,allDatasets,0.5869272947311401
lscc,72,NAS14NN,first,justTargetDataset,0.9734576940536499
lscc,72,NAS14NN,second,allDatasets,0.5030596852302551
lscc,72,NAS14NN,second,justTargetDataset,0.9054366946220398
luad,72,NAS14NN,first,allDatasets,0.8351535797119141
luad,72,NAS14NN,first,justTargetDataset,1.2087007761001587
luad,72,NAS14NN,second,allDatasets,1.1130127906799316
luad,72,NAS14NN,second,justTargetDataset,1.4745850563049316
pdac,72,NAS14NN,first,allDatasets,1.0194120407104492
pdac,72,NAS14NN,first,justTargetDataset,1.4320276975631714
pdac,72,NAS14NN,second,allDatasets,1.356981873512268
pdac,72,NAS14NN,second,justTargetDataset,1.6759870052337646
all,72,NAS14NN,first,allDatasets,1.0523720979690552
all,72,NAS14NN,first,justTargetDataset,1.0520286560058594
all,72,NAS14NN,second,allDatasets,0.9753458499908447
all,72,NAS14NN,second,justTargetDataset,0.9754592180252075
brca,73,NAS14NN,first,allDatasets,0.7049972414970398
brca,73,NAS14NN,first,justTargetDataset,1.0519201755523682
brca,73,NAS14NN,second,allDatasets,0.984591007232666
brca,73,NAS14NN,second,justTargetDataset,1.4032340049743652
coad,73,NAS14NN,first,allDatasets,5.848596572875977
coad,73,NAS14NN,first,justTargetDataset,5.852768898010254
coad,73,NAS14NN,second,allDatasets,6.644530773162842
coad,73,NAS14NN,second,justTargetDataset,6.703752517700195
gbm,73,NAS14NN,first,allDatasets,3.606287717819214
gbm,73,NAS14NN,first,justTargetDataset,5.018555164337158
gbm,73,NAS14NN,second,allDatasets,3.8250527381896973
gbm,73,NAS14NN,second,justTargetDataset,4.353688716888428
hnscc,73,NAS14NN,first,allDatasets,0.7759062051773071
hnscc,73,NAS14NN,first,justTargetDataset,1.1866923570632935
hnscc,73,NAS14NN,second,allDatasets,0.6660498976707458
hnscc,73,NAS14NN,second,justTargetDataset,1.6572085618972778
lscc,73,NAS14NN,first,allDatasets,0.5372747778892517
lscc,73,NAS14NN,first,justTargetDataset,0.9315504431724548
lscc,73,NAS14NN,second,allDatasets,0.5737475156784058
lscc,73,NAS14NN,second,justTargetDataset,0.9822215437889099
luad,73,NAS14NN,first,allDatasets,0.8178781270980835
luad,73,NAS14NN,first,justTargetDataset,1.1384599208831787
luad,73,NAS14NN,second,allDatasets,0.7715290784835815
luad,73,NAS14NN,second,justTargetDataset,1.1709637641906738
ov,73,NAS14NN,first,allDatasets,0.9362847805023193
ov,73,NAS14NN,first,justTargetDataset,1.3764657974243164
ov,73,NAS14NN,second,allDatasets,0.998943030834198
pdac,73,NAS14NN,first,allDatasets,0.9705639481544495
pdac,73,NAS14NN,first,justTargetDataset,1.3194581270217896
pdac,73,NAS14NN,second,allDatasets,1.3979073762893677
pdac,73,NAS14NN,second,justTargetDataset,1.768357276916504
all,73,NAS14NN,first,allDatasets,1.486959457397461
all,73,NAS14NN,first,justTargetDataset,1.4861470460891724
all,73,NAS14NN,second,allDatasets,1.530400276184082
all,73,NAS14NN,second,justTargetDataset,1.5301635265350342
brca,74,NAS14NN,first,allDatasets,0.7904042601585388
brca,74,NAS14NN,first,justTargetDataset,1.1852076053619385
brca,74,NAS14NN,second,allDatasets,0.8865098357200623
brca,74,NAS14NN,second,justTargetDataset,1.2346733808517456
ccrcc,74,NAS14NN,first,allDatasets,0.6328184008598328
ccrcc,74,NAS14NN,first,justTargetDataset,0.9154224395751953
ccrcc,74,NAS14NN,second,allDatasets,0.7319115400314331
ccrcc,74,NAS14NN,second,justTargetDataset,1.0984904766082764
coad,74,NAS14NN,first,allDatasets,2.5773303508758545
coad,74,NAS14NN,first,justTargetDataset,2.7061209678649902
coad,74,NAS14NN,second,allDatasets,4.798061847686768
coad,74,NAS14NN,second,justTargetDataset,4.805787086486816
gbm,74,NAS14NN,first,allDatasets,0.8831604719161987
gbm,74,NAS14NN,first,justTargetDataset,1.3005709648132324
gbm,74,NAS14NN,second,allDatasets,0.7785995006561279
gbm,74,NAS14NN,second,justTargetDataset,1.1693987846374512
lscc,74,NAS14NN,first,allDatasets,0.6242982745170593
lscc,74,NAS14NN,first,justTargetDataset,1.0353279113769531
lscc,74,NAS14NN,second,allDatasets,0.5122469067573547
lscc,74,NAS14NN,second,justTargetDataset,0.9176547527313232
luad,74,NAS14NN,first,allDatasets,0.6223863363265991
luad,74,NAS14NN,first,justTargetDataset,1.0204488039016724
luad,74,NAS14NN,second,allDatasets,0.9363076686859131
luad,74,NAS14NN,second,justTargetDataset,1.307892918586731
ov,74,NAS14NN,first,allDatasets,1.007296085357666
ov,74,NAS14NN,first,justTargetDataset,1.4897348880767822
ov,74,NAS14NN,second,allDatasets,0.9667183756828308
ov,74,NAS14NN,second,justTargetDataset,1.4069340229034424
all,74,NAS14NN,first,allDatasets,1.0478084087371826
all,74,NAS14NN,first,justTargetDataset,1.0488590002059937
all,74,NAS14NN,second,allDatasets,1.2773493528366089
all,74,NAS14NN,second,justTargetDataset,1.2772775888442993
brca,75,NAS14NN,first,allDatasets,0.7785438299179077
brca,75,NAS14NN,first,justTargetDataset,1.096146583557129
brca,75,NAS14NN,second,allDatasets,0.9080823063850403
brca,75,NAS14NN,second,justTargetDataset,1.3013685941696167
ccrcc,75,NAS14NN,first,allDatasets,0.6453582048416138
ccrcc,75,NAS14NN,first,justTargetDataset,0.97225421667099
ccrcc,75,NAS14NN,second,allDatasets,0.7222062349319458
ccrcc,75,NAS14NN,second,justTargetDataset,1.043609380722046
coad,75,NAS14NN,first,allDatasets,4.9952569007873535
coad,75,NAS14NN,first,justTargetDataset,4.867443084716797
coad,75,NAS14NN,second,allDatasets,2.468759775161743
coad,75,NAS14NN,second,justTargetDataset,2.702387809753418
gbm,75,NAS14NN,first,allDatasets,0.969244658946991
gbm,75,NAS14NN,first,justTargetDataset,1.4672887325286865
gbm,75,NAS14NN,second,allDatasets,0.714195191860199
gbm,75,NAS14NN,second,justTargetDataset,1.0573704242706299
hnscc,75,NAS14NN,first,allDatasets,0.7510378956794739
hnscc,75,NAS14NN,first,justTargetDataset,1.1256914138793945
hnscc,75,NAS14NN,second,allDatasets,0.6521104574203491
hnscc,75,NAS14NN,second,justTargetDataset,1.0443986654281616
lscc,75,NAS14NN,first,allDatasets,0.5446447730064392
lscc,75,NAS14NN,first,justTargetDataset,0.9365807175636292
lscc,75,NAS14NN,second,allDatasets,0.558794379234314
lscc,75,NAS14NN,second,justTargetDataset,0.9033970236778259
luad,75,NAS14NN,first,allDatasets,0.8622925281524658
luad,75,NAS14NN,first,justTargetDataset,1.2055063247680664
luad,75,NAS14NN,second,allDatasets,0.6483237147331238
luad,75,NAS14NN,second,justTargetDataset,1.081952691078186
ov,75,NAS14NN,first,allDatasets,0.9830191135406494
ov,75,NAS14NN,first,justTargetDataset,1.4795001745224
ov,75,NAS14NN,second,allDatasets,1.850577473640442
ov,75,NAS14NN,second,justTargetDataset,2.5013315677642822
pdac,75,NAS14NN,first,allDatasets,2.088405132293701
pdac,75,NAS14NN,first,justTargetDataset,2.1746678352355957
pdac,75,NAS14NN,second,allDatasets,0.9293120503425598
pdac,75,NAS14NN,second,justTargetDataset,1.2861298322677612
all,75,NAS14NN,first,allDatasets,1.2392911911010742
all,75,NAS14NN,first,justTargetDataset,1.2401314973831177
all,75,NAS14NN,second,allDatasets,0.9569368958473206
all,75,NAS14NN,second,justTargetDataset,0.9564750790596008
brca,76,NAS14NN,first,allDatasets,1.166866660118103
brca,76,NAS14NN,first,justTargetDataset,1.720388650894165
brca,76,NAS14NN,second,allDatasets,0.706026017665863
brca,76,NAS14NN,second,justTargetDataset,1.054848074913025
ccrcc,76,NAS14NN,first,allDatasets,0.6274715662002563
ccrcc,76,NAS14NN,first,justTargetDataset,0.9174667596817017
ccrcc,76,NAS14NN,second,allDatasets,1.2158204317092896
ccrcc,76,NAS14NN,second,justTargetDataset,1.5815072059631348
coad,76,NAS14NN,first,allDatasets,8.094273567199707
coad,76,NAS14NN,first,justTargetDataset,7.720520496368408
coad,76,NAS14NN,second,allDatasets,3.8342134952545166
coad,76,NAS14NN,second,justTargetDataset,3.943711280822754
gbm,76,NAS14NN,first,allDatasets,0.9153181910514832
gbm,76,NAS14NN,first,justTargetDataset,1.3485171794891357
gbm,76,NAS14NN,second,allDatasets,0.8135976195335388
gbm,76,NAS14NN,second,justTargetDataset,1.251678466796875
hnscc,76,NAS14NN,first,allDatasets,0.6848942041397095
hnscc,76,NAS14NN,first,justTargetDataset,1.0590338706970215
hnscc,76,NAS14NN,second,allDatasets,0.742912769317627
hnscc,76,NAS14NN,second,justTargetDataset,1.1353024244308472
lscc,76,NAS14NN,first,allDatasets,0.4855489134788513
lscc,76,NAS14NN,first,justTargetDataset,0.8731870651245117
lscc,76,NAS14NN,second,allDatasets,0.6401298642158508
lscc,76,NAS14NN,second,justTargetDataset,1.0488892793655396
luad,76,NAS14NN,first,allDatasets,0.7300025224685669
luad,76,NAS14NN,first,justTargetDataset,1.0968985557556152
luad,76,NAS14NN,second,allDatasets,0.7970125079154968
luad,76,NAS14NN,second,justTargetDataset,1.1723649501800537
ov,76,NAS14NN,first,allDatasets,1.017844319343567
ov,76,NAS14NN,first,justTargetDataset,1.4513118267059326
ov,76,NAS14NN,second,allDatasets,1.0313166379928589
ov,76,NAS14NN,second,justTargetDataset,1.4833248853683472
pdac,76,NAS14NN,first,allDatasets,2.2270140647888184
pdac,76,NAS14NN,first,justTargetDataset,2.399261713027954
pdac,76,NAS14NN,second,allDatasets,4.5426177978515625
pdac,76,NAS14NN,second,justTargetDataset,4.099789619445801
all,76,NAS14NN,first,allDatasets,1.4769436120986938
all,76,NAS14NN,first,justTargetDataset,1.477968692779541
all,76,NAS14NN,second,allDatasets,1.465387225151062
all,76,NAS14NN,second,justTargetDataset,1.4661647081375122
brca,77,NAS14NN,first,allDatasets,1.1261513233184814
brca,77,NAS14NN,first,justTargetDataset,1.6880114078521729
brca,77,NAS14NN,second,allDatasets,0.7882254719734192
brca,77,NAS14NN,second,justTargetDataset,1.1621425151824951
ccrcc,77,NAS14NN,first,allDatasets,0.7048318982124329
ccrcc,77,NAS14NN,first,justTargetDataset,1.0582857131958008
ccrcc,77,NAS14NN,second,allDatasets,1.5947070121765137
ccrcc,77,NAS14NN,second,justTargetDataset,1.6324518918991089
coad,77,NAS14NN,first,allDatasets,1.9376463890075684
coad,77,NAS14NN,first,justTargetDataset,2.144656181335449
coad,77,NAS14NN,second,allDatasets,2.511791467666626
coad,77,NAS14NN,second,justTargetDataset,2.7722115516662598
gbm,77,NAS14NN,first,allDatasets,0.9760299921035767
gbm,77,NAS14NN,first,justTargetDataset,1.4920746088027954
gbm,77,NAS14NN,second,allDatasets,0.7273446917533875
gbm,77,NAS14NN,second,justTargetDataset,1.0668917894363403
hnscc,77,NAS14NN,first,allDatasets,0.7061505913734436
hnscc,77,NAS14NN,first,justTargetDataset,1.0763705968856812
hnscc,77,NAS14NN,second,allDatasets,2.2195634841918945
hnscc,77,NAS14NN,second,justTargetDataset,2.3504624366760254
lscc,77,NAS14NN,first,allDatasets,0.4983583390712738
lscc,77,NAS14NN,first,justTargetDataset,0.8586289286613464
lscc,77,NAS14NN,second,allDatasets,0.6275138258934021
luad,77,NAS14NN,first,allDatasets,0.8102092742919922
luad,77,NAS14NN,first,justTargetDataset,1.1848523616790771
luad,77,NAS14NN,second,allDatasets,0.7612877488136292
luad,77,NAS14NN,second,justTargetDataset,1.1168251037597656
ov,77,NAS14NN,first,allDatasets,3.6609275341033936
ov,77,NAS14NN,first,justTargetDataset,3.9727420806884766
ov,77,NAS14NN,second,allDatasets,1.1031419038772583
ov,77,NAS14NN,second,justTargetDataset,1.6083812713623047
pdac,77,NAS14NN,first,allDatasets,1.3698877096176147
pdac,77,NAS14NN,first,justTargetDataset,1.8006601333618164
pdac,77,NAS14NN,second,allDatasets,1.1934624910354614
pdac,77,NAS14NN,second,justTargetDataset,1.4853688478469849
all,77,NAS14NN,first,allDatasets,1.1404049396514893
all,77,NAS14NN,first,justTargetDataset,1.1393065452575684
all,77,NAS14NN,second,allDatasets,1.2654122114181519
all,77,NAS14NN,second,justTargetDataset,1.2669836282730103
brca,78,NAS14NN,first,allDatasets,0.7065178155899048
brca,78,NAS14NN,first,justTargetDataset,1.0758130550384521
brca,78,NAS14NN,second,allDatasets,1.008796215057373
brca,78,NAS14NN,second,justTargetDataset,1.4448329210281372
ccrcc,78,NAS14NN,first,allDatasets,0.6390410661697388
coad,78,NAS14NN,first,allDatasets,2.2730789184570312
coad,78,NAS14NN,first,justTargetDataset,2.5241236686706543
coad,78,NAS14NN,second,allDatasets,2.1552298069000244
coad,78,NAS14NN,second,justTargetDataset,2.4498472213745117
gbm,78,NAS14NN,first,allDatasets,0.8027803301811218
gbm,78,NAS14NN,first,justTargetDataset,1.2355504035949707
gbm,78,NAS14NN,second,allDatasets,0.8011011481285095
gbm,78,NAS14NN,second,justTargetDataset,1.2000844478607178
hnscc,78,NAS14NN,first,allDatasets,0.8444003462791443
hnscc,78,NAS14NN,first,justTargetDataset,1.3124738931655884
hnscc,78,NAS14NN,second,allDatasets,0.707378089427948
hnscc,78,NAS14NN,second,justTargetDataset,1.0848900079727173
lscc,78,NAS14NN,first,allDatasets,0.5910203456878662
lscc,78,NAS14NN,first,justTargetDataset,1.0079206228256226
lscc,78,NAS14NN,second,allDatasets,0.5287501215934753
lscc,78,NAS14NN,second,justTargetDataset,0.9006668925285339
luad,78,NAS14NN,first,allDatasets,0.7929547429084778
luad,78,NAS14NN,first,justTargetDataset,1.153215765953064
luad,78,NAS14NN,second,allDatasets,0.7518796324729919
luad,78,NAS14NN,second,justTargetDataset,1.1278380155563354
ov,78,NAS14NN,first,allDatasets,0.9820131659507751
ov,78,NAS14NN,first,justTargetDataset,1.4137754440307617
ov,78,NAS14NN,second,allDatasets,0.985545814037323
ov,78,NAS14NN,second,justTargetDataset,1.4051852226257324
pdac,78,NAS14NN,first,allDatasets,1.6447491645812988
pdac,78,NAS14NN,first,justTargetDataset,1.7968881130218506
all,78,NAS14NN,first,allDatasets,0.9744084477424622
all,78,NAS14NN,first,justTargetDataset,0.9739088416099548
all,78,NAS14NN,second,allDatasets,0.9624470472335815
all,78,NAS14NN,second,justTargetDataset,0.9621765613555908
brca,79,NAS14NN,first,allDatasets,0.8147258758544922
brca,79,NAS14NN,first,justTargetDataset,1.2677311897277832
brca,79,NAS14NN,second,allDatasets,0.8955309391021729
brca,79,NAS14NN,second,justTargetDataset,1.250016212463379
ccrcc,79,NAS14NN,first,allDatasets,0.7070499062538147
ccrcc,79,NAS14NN,first,justTargetDataset,1.0220669507980347
ccrcc,79,NAS14NN,second,allDatasets,0.6504400968551636
ccrcc,79,NAS14NN,second,justTargetDataset,0.9688885807991028
coad,79,NAS14NN,first,allDatasets,5.357860565185547
coad,79,NAS14NN,first,justTargetDataset,5.281698703765869
coad,79,NAS14NN,second,allDatasets,1.5733039379119873
coad,79,NAS14NN,second,justTargetDataset,1.8794032335281372
gbm,79,NAS14NN,first,allDatasets,0.9428912401199341
gbm,79,NAS14NN,first,justTargetDataset,1.3832319974899292
gbm,79,NAS14NN,second,allDatasets,0.757174551486969
gbm,79,NAS14NN,second,justTargetDataset,1.1588411331176758
lscc,79,NAS14NN,first,allDatasets,0.47741249203681946
lscc,79,NAS14NN,first,justTargetDataset,0.8470159769058228
lscc,79,NAS14NN,second,allDatasets,0.6353582739830017
lscc,79,NAS14NN,second,justTargetDataset,1.0577927827835083
luad,79,NAS14NN,first,allDatasets,0.8086315393447876
luad,79,NAS14NN,first,justTargetDataset,1.1594592332839966
luad,79,NAS14NN,second,allDatasets,0.6992592811584473
luad,79,NAS14NN,second,justTargetDataset,1.1143568754196167
ov,79,NAS14NN,first,allDatasets,0.9252756237983704
ov,79,NAS14NN,first,justTargetDataset,1.3472113609313965
ov,79,NAS14NN,second,allDatasets,1.1096868515014648
ov,79,NAS14NN,second,justTargetDataset,1.5826423168182373
pdac,79,NAS14NN,first,allDatasets,1.3110400438308716
pdac,79,NAS14NN,first,justTargetDataset,1.5852751731872559
pdac,79,NAS14NN,second,allDatasets,0.9724900722503662
pdac,79,NAS14NN,second,justTargetDataset,1.4094675779342651
all,79,NAS14NN,first,allDatasets,1.1869418621063232
all,79,NAS14NN,first,justTargetDataset,1.1868383884429932
all,79,NAS14NN,second,allDatasets,0.8560031056404114
all,79,NAS14NN,second,justTargetDataset,0.8572412729263306
brca,80,NAS14NN,first,allDatasets,0.9627870917320251
brca,80,NAS14NN,first,justTargetDataset,1.491986870765686
brca,80,NAS14NN,second,allDatasets,0.765296459197998
brca,80,NAS14NN,second,justTargetDataset,1.1225026845932007
ccrcc,80,NAS14NN,first,allDatasets,0.6932514905929565
ccrcc,80,NAS14NN,first,justTargetDataset,1.02235746383667
ccrcc,80,NAS14NN,second,allDatasets,0.6597291231155396
ccrcc,80,NAS14NN,second,justTargetDataset,0.9277411103248596
coad,80,NAS14NN,first,allDatasets,0.9517692923545837
coad,80,NAS14NN,first,justTargetDataset,1.2563668489456177
coad,80,NAS14NN,second,allDatasets,4.2986836433410645
coad,80,NAS14NN,second,justTargetDataset,4.251664161682129
gbm,80,NAS14NN,first,allDatasets,0.8545534610748291
gbm,80,NAS14NN,first,justTargetDataset,1.2880393266677856
gbm,80,NAS14NN,second,allDatasets,0.8214179873466492
gbm,80,NAS14NN,second,justTargetDataset,1.2671711444854736
hnscc,80,NAS14NN,first,allDatasets,0.6817448139190674
hnscc,80,NAS14NN,first,justTargetDataset,1.0564465522766113
hnscc,80,NAS14NN,second,allDatasets,0.7411676645278931
hnscc,80,NAS14NN,second,justTargetDataset,1.1363670825958252
lscc,80,NAS14NN,first,allDatasets,0.5599710941314697
lscc,80,NAS14NN,first,justTargetDataset,0.925202488899231
lscc,80,NAS14NN,second,allDatasets,0.5585600733757019
lscc,80,NAS14NN,second,justTargetDataset,0.9867773056030273
luad,80,NAS14NN,first,allDatasets,0.8327749967575073
luad,80,NAS14NN,first,justTargetDataset,1.1767061948776245
luad,80,NAS14NN,second,allDatasets,0.7193255424499512
luad,80,NAS14NN,second,justTargetDataset,1.0960934162139893
ov,80,NAS14NN,first,allDatasets,0.9644609689712524
ov,80,NAS14NN,first,justTargetDataset,1.447912335395813
ov,80,NAS14NN,second,allDatasets,1.1212095022201538
ov,80,NAS14NN,second,justTargetDataset,1.6110047101974487
pdac,80,NAS14NN,first,allDatasets,1.3451768159866333
pdac,80,NAS14NN,first,justTargetDataset,1.6669639348983765
pdac,80,NAS14NN,second,allDatasets,2.222750186920166
pdac,80,NAS14NN,second,justTargetDataset,2.352858304977417
all,80,NAS14NN,first,allDatasets,0.8627210259437561
all,80,NAS14NN,first,justTargetDataset,0.8638403415679932
all,80,NAS14NN,second,allDatasets,1.1820532083511353
all,80,NAS14NN,second,justTargetDataset,1.184041976928711
brca,81,NAS14NN,first,allDatasets,0.9695897698402405
brca,81,NAS14NN,first,justTargetDataset,1.4251725673675537
brca,81,NAS14NN,second,allDatasets,1.0429257154464722
brca,81,NAS14NN,second,justTargetDataset,1.528489112854004
ccrcc,81,NAS14NN,first,allDatasets,0.6415073275566101
ccrcc,81,NAS14NN,first,justTargetDataset,0.925265371799469
ccrcc,81,NAS14NN,second,allDatasets,0.7069988250732422
ccrcc,81,NAS14NN,second,justTargetDataset,1.0671632289886475
coad,81,NAS14NN,first,allDatasets,3.2179548740386963
coad,81,NAS14NN,first,justTargetDataset,3.322059392929077
coad,81,NAS14NN,second,allDatasets,1.4471954107284546
coad,81,NAS14NN,second,justTargetDataset,1.693016529083252
gbm,81,NAS14NN,first,allDatasets,0.8725528120994568
gbm,81,NAS14NN,first,justTargetDataset,1.3195693492889404
gbm,81,NAS14NN,second,allDatasets,0.809462308883667
gbm,81,NAS14NN,second,justTargetDataset,1.1791601181030273
hnscc,81,NAS14NN,first,allDatasets,0.7118021845817566
hnscc,81,NAS14NN,first,justTargetDataset,1.0621029138565063
hnscc,81,NAS14NN,second,allDatasets,0.7264479398727417
hnscc,81,NAS14NN,second,justTargetDataset,1.1685160398483276
lscc,81,NAS14NN,first,allDatasets,0.61458420753479
lscc,81,NAS14NN,first,justTargetDataset,1.0198311805725098
lscc,81,NAS14NN,second,allDatasets,0.5119932293891907
lscc,81,NAS14NN,second,justTargetDataset,0.9442457556724548
luad,81,NAS14NN,first,allDatasets,1.0699597597122192
luad,81,NAS14NN,first,justTargetDataset,1.531693458557129
luad,81,NAS14NN,second,allDatasets,0.9710169434547424
luad,81,NAS14NN,second,justTargetDataset,1.434766173362732
pdac,81,NAS14NN,first,allDatasets,2.1449038982391357
pdac,81,NAS14NN,first,justTargetDataset,2.3479762077331543
pdac,81,NAS14NN,second,allDatasets,1.643269658088684
pdac,81,NAS14NN,second,justTargetDataset,1.7623333930969238
all,81,NAS14NN,first,allDatasets,1.1726773977279663
all,81,NAS14NN,first,justTargetDataset,1.1728912591934204
all,81,NAS14NN,second,allDatasets,0.9534274339675903
all,81,NAS14NN,second,justTargetDataset,0.9528937935829163
brca,82,NAS14NN,first,allDatasets,0.8226219415664673
brca,82,NAS14NN,first,justTargetDataset,1.2822743654251099
brca,82,NAS14NN,second,allDatasets,0.947688639163971
brca,82,NAS14NN,second,justTargetDataset,1.370446801185608
ccrcc,82,NAS14NN,first,allDatasets,0.6652543544769287
ccrcc,82,NAS14NN,first,justTargetDataset,0.9781597256660461
ccrcc,82,NAS14NN,second,allDatasets,0.6897946000099182
ccrcc,82,NAS14NN,second,justTargetDataset,1.0300078392028809
coad,82,NAS14NN,first,allDatasets,4.466323375701904
coad,82,NAS14NN,first,justTargetDataset,4.590150356292725
coad,82,NAS14NN,second,allDatasets,2.677501678466797
coad,82,NAS14NN,second,justTargetDataset,2.9247050285339355
gbm,82,NAS14NN,first,allDatasets,0.8545365333557129
gbm,82,NAS14NN,first,justTargetDataset,1.302047848701477
gbm,82,NAS14NN,second,allDatasets,0.7926254272460938
gbm,82,NAS14NN,second,justTargetDataset,1.19698166847229
hnscc,82,NAS14NN,first,allDatasets,0.7091377973556519
hnscc,82,NAS14NN,first,justTargetDataset,1.1181793212890625
hnscc,82,NAS14NN,second,allDatasets,0.7655386328697205
hnscc,82,NAS14NN,second,justTargetDataset,1.1390900611877441
lscc,82,NAS14NN,first,allDatasets,0.5790532231330872
lscc,82,NAS14NN,first,justTargetDataset,0.9727268218994141
lscc,82,NAS14NN,second,allDatasets,0.5330055356025696
lscc,82,NAS14NN,second,justTargetDataset,0.9025889039039612
luad,82,NAS14NN,first,allDatasets,0.824532151222229
luad,82,NAS14NN,first,justTargetDataset,1.2592765092849731
luad,82,NAS14NN,second,allDatasets,0.6896628141403198
luad,82,NAS14NN,second,justTargetDataset,1.05564284324646
ov,82,NAS14NN,first,allDatasets,0.9081349968910217
ov,82,NAS14NN,first,justTargetDataset,1.3069502115249634
ov,82,NAS14NN,second,allDatasets,1.0760447978973389
ov,82,NAS14NN,second,justTargetDataset,1.6012197732925415
pdac,82,NAS14NN,first,allDatasets,2.6278443336486816
pdac,82,NAS14NN,first,justTargetDataset,2.5731897354125977
pdac,82,NAS14NN,second,allDatasets,1.0771484375
pdac,82,NAS14NN,second,justTargetDataset,1.4437193870544434
all,82,NAS14NN,first,allDatasets,1.238574504852295
all,82,NAS14NN,first,justTargetDataset,1.239008903503418
all,82,NAS14NN,second,allDatasets,0.9571641087532043
all,82,NAS14NN,second,justTargetDataset,0.9573729634284973
ccrcc,83,NAS14NN,first,allDatasets,0.7536538243293762
ccrcc,83,NAS14NN,first,justTargetDataset,1.1195756196975708
ccrcc,83,NAS14NN,second,allDatasets,0.645363986492157
ccrcc,83,NAS14NN,second,justTargetDataset,0.9538746476173401
coad,83,NAS14NN,first,allDatasets,2.274747371673584
coad,83,NAS14NN,first,justTargetDataset,2.5213234424591064
coad,83,NAS14NN,second,allDatasets,3.0300614833831787
coad,83,NAS14NN,second,justTargetDataset,3.3159689903259277
gbm,83,NAS14NN,first,allDatasets,0.8227931261062622
gbm,83,NAS14NN,first,justTargetDataset,1.2387256622314453
gbm,83,NAS14NN,second,allDatasets,0.9031856060028076
gbm,83,NAS14NN,second,justTargetDataset,1.3338028192520142
hnscc,83,NAS14NN,first,allDatasets,0.6990556120872498
hnscc,83,NAS14NN,first,justTargetDataset,1.1048356294631958
hnscc,83,NAS14NN,second,allDatasets,0.7076712250709534
hnscc,83,NAS14NN,second,justTargetDataset,1.072181224822998
lscc,83,NAS14NN,first,allDatasets,0.48043277859687805
lscc,83,NAS14NN,first,justTargetDataset,0.8478641510009766
lscc,83,NAS14NN,second,allDatasets,0.6565347909927368
lscc,83,NAS14NN,second,justTargetDataset,1.0930726528167725
luad,83,NAS14NN,first,allDatasets,0.7416298985481262
luad,83,NAS14NN,first,justTargetDataset,1.1432627439498901
luad,83,NAS14NN,second,allDatasets,0.8635513186454773
luad,83,NAS14NN,second,justTargetDataset,1.197588324546814
ov,83,NAS14NN,first,allDatasets,0.9627065658569336
ov,83,NAS14NN,first,justTargetDataset,1.3334448337554932
ov,83,NAS14NN,second,allDatasets,2.7869389057159424
ov,83,NAS14NN,second,justTargetDataset,3.4974613189697266
pdac,83,NAS14NN,first,allDatasets,1.6807775497436523
pdac,83,NAS14NN,first,justTargetDataset,1.83948814868927
pdac,83,NAS14NN,second,allDatasets,1.5661118030548096
pdac,83,NAS14NN,second,justTargetDataset,1.93681800365448
all,83,NAS14NN,first,allDatasets,0.9717254638671875
all,83,NAS14NN,first,justTargetDataset,0.9724746346473694
all,83,NAS14NN,second,allDatasets,1.1654105186462402
all,83,NAS14NN,second,justTargetDataset,1.164655089378357
brca,84,NAS14NN,first,allDatasets,0.8357598781585693
brca,84,NAS14NN,first,justTargetDataset,1.2389521598815918
brca,84,NAS14NN,second,allDatasets,0.8727580308914185
brca,84,NAS14NN,second,justTargetDataset,1.3197977542877197
ccrcc,84,NAS14NN,first,allDatasets,0.7308315634727478
ccrcc,84,NAS14NN,first,justTargetDataset,1.0714828968048096
ccrcc,84,NAS14NN,second,allDatasets,1.642991065979004
ccrcc,84,NAS14NN,second,justTargetDataset,2.0880424976348877
coad,84,NAS14NN,first,allDatasets,5.564333915710449
coad,84,NAS14NN,first,justTargetDataset,5.568999290466309
coad,84,NAS14NN,second,allDatasets,0.9727147817611694
coad,84,NAS14NN,second,justTargetDataset,1.2835067510604858
hnscc,84,NAS14NN,first,allDatasets,0.6893764734268188
hnscc,84,NAS14NN,first,justTargetDataset,1.0843478441238403
hnscc,84,NAS14NN,second,allDatasets,2.301684856414795
hnscc,84,NAS14NN,second,justTargetDataset,2.519550085067749
lscc,84,NAS14NN,first,allDatasets,0.5433279871940613
lscc,84,NAS14NN,first,justTargetDataset,0.9201306104660034
lscc,84,NAS14NN,second,allDatasets,0.5707226395606995
lscc,84,NAS14NN,second,justTargetDataset,0.9692603349685669
luad,84,NAS14NN,first,allDatasets,0.8299429416656494
luad,84,NAS14NN,first,justTargetDataset,1.2064298391342163
luad,84,NAS14NN,second,allDatasets,0.7465837597846985
luad,84,NAS14NN,second,justTargetDataset,1.202773928642273
ov,84,NAS14NN,first,allDatasets,0.9762167930603027
ov,84,NAS14NN,first,justTargetDataset,1.3779114484786987
ov,84,NAS14NN,second,allDatasets,0.9710314273834229
ov,84,NAS14NN,second,justTargetDataset,1.3882628679275513
pdac,84,NAS14NN,first,allDatasets,5.030252456665039
pdac,84,NAS14NN,first,justTargetDataset,4.5278096199035645
pdac,84,NAS14NN,second,allDatasets,2.3044843673706055
pdac,84,NAS14NN,second,justTargetDataset,2.56839656829834
all,84,NAS14NN,first,allDatasets,1.5534683465957642
all,84,NAS14NN,first,justTargetDataset,1.5536938905715942
all,84,NAS14NN,second,allDatasets,1.270233154296875
brca,85,NAS14NN,first,allDatasets,0.9326309561729431
brca,85,NAS14NN,first,justTargetDataset,1.3462761640548706
brca,85,NAS14NN,second,allDatasets,0.31716564297676086
brca,85,NAS14NN,second,justTargetDataset,1.1481293439865112
ccrcc,85,NAS14NN,first,allDatasets,0.726284384727478
ccrcc,85,NAS14NN,first,justTargetDataset,1.1364128589630127
ccrcc,85,NAS14NN,second,allDatasets,1.3812466859817505
ccrcc,85,NAS14NN,second,justTargetDataset,1.6337741613388062
coad,85,NAS14NN,first,allDatasets,1.7520551681518555
coad,85,NAS14NN,first,justTargetDataset,2.084594488143921
coad,85,NAS14NN,second,allDatasets,0.9928874373435974
coad,85,NAS14NN,second,justTargetDataset,1.2774063348770142
hnscc,85,NAS14NN,first,allDatasets,2.210397720336914
hnscc,85,NAS14NN,first,justTargetDataset,2.4722142219543457
hnscc,85,NAS14NN,second,allDatasets,0.8568954467773438
hnscc,85,NAS14NN,second,justTargetDataset,1.3423315286636353
lscc,85,NAS14NN,first,allDatasets,0.5818008780479431
lscc,85,NAS14NN,first,justTargetDataset,0.956430971622467
lscc,85,NAS14NN,second,allDatasets,0.5440877676010132
lscc,85,NAS14NN,second,justTargetDataset,0.9597219824790955
luad,85,NAS14NN,first,allDatasets,0.6957728862762451
luad,85,NAS14NN,first,justTargetDataset,1.0753421783447266
luad,85,NAS14NN,second,allDatasets,0.8475390076637268
luad,85,NAS14NN,second,justTargetDataset,1.1768028736114502
ov,85,NAS14NN,first,allDatasets,0.932111918926239
ov,85,NAS14NN,first,justTargetDataset,1.284449577331543
ov,85,NAS14NN,second,allDatasets,1.0682934522628784
ov,85,NAS14NN,second,justTargetDataset,1.6316829919815063
pdac,85,NAS14NN,first,allDatasets,1.2283244132995605
pdac,85,NAS14NN,first,justTargetDataset,1.6152442693710327
pdac,85,NAS14NN,second,allDatasets,1.444878101348877
pdac,85,NAS14NN,second,justTargetDataset,1.704250454902649
all,85,NAS14NN,first,allDatasets,1.0863633155822754
all,85,NAS14NN,first,justTargetDataset,1.088395357131958
all,85,NAS14NN,second,allDatasets,0.9855271577835083
all,85,NAS14NN,second,justTargetDataset,0.9873974919319153
brca,86,NAS14NN,first,allDatasets,0.87919682264328
brca,86,NAS14NN,first,justTargetDataset,1.225256323814392
brca,86,NAS14NN,second,allDatasets,0.8148531317710876
brca,86,NAS14NN,second,justTargetDataset,1.2325226068496704
ccrcc,86,NAS14NN,first,allDatasets,0.7670902013778687
ccrcc,86,NAS14NN,first,justTargetDataset,1.089473009109497
ccrcc,86,NAS14NN,second,allDatasets,0.6375090479850769
ccrcc,86,NAS14NN,second,justTargetDataset,0.9609565734863281
coad,86,NAS14NN,first,allDatasets,2.8468475341796875
coad,86,NAS14NN,first,justTargetDataset,3.2202913761138916
coad,86,NAS14NN,second,allDatasets,4.10217809677124
coad,86,NAS14NN,second,justTargetDataset,4.028807640075684
gbm,86,NAS14NN,first,allDatasets,0.7251156568527222
gbm,86,NAS14NN,first,justTargetDataset,1.1221346855163574
gbm,86,NAS14NN,second,allDatasets,0.9555284976959229
gbm,86,NAS14NN,second,justTargetDataset,1.37949538230896
hnscc,86,NAS14NN,first,allDatasets,0.7212802767753601
hnscc,86,NAS14NN,first,justTargetDataset,1.1109694242477417
hnscc,86,NAS14NN,second,allDatasets,0.7089856863021851
hnscc,86,NAS14NN,second,justTargetDataset,1.0763330459594727
lscc,86,NAS14NN,first,allDatasets,0.4824153482913971
lscc,86,NAS14NN,first,justTargetDataset,0.8791425228118896
lscc,86,NAS14NN,second,allDatasets,0.6216880083084106
lscc,86,NAS14NN,second,justTargetDataset,0.9940384030342102
luad,86,NAS14NN,first,allDatasets,0.8341228365898132
luad,86,NAS14NN,first,justTargetDataset,1.1678954362869263
luad,86,NAS14NN,second,allDatasets,0.8391983509063721
luad,86,NAS14NN,second,justTargetDataset,1.3267543315887451
ov,86,NAS14NN,first,allDatasets,0.9727379083633423
ov,86,NAS14NN,first,justTargetDataset,1.406378149986267
ov,86,NAS14NN,second,allDatasets,1.0380055904388428
ov,86,NAS14NN,second,justTargetDataset,1.4790109395980835
pdac,86,NAS14NN,first,allDatasets,1.4063794612884521
pdac,86,NAS14NN,first,justTargetDataset,1.7375584840774536
pdac,86,NAS14NN,second,allDatasets,1.9499462842941284
pdac,86,NAS14NN,second,justTargetDataset,2.0561676025390625
all,86,NAS14NN,first,allDatasets,0.9997714161872864
ccrcc,87,NAS14NN,first,allDatasets,1.4707882404327393
ccrcc,87,NAS14NN,first,justTargetDataset,1.7193615436553955
ccrcc,87,NAS14NN,second,allDatasets,0.7981184124946594
ccrcc,87,NAS14NN,second,justTargetDataset,1.1198056936264038
coad,87,NAS14NN,first,allDatasets,1.7889437675476074
coad,87,NAS14NN,first,justTargetDataset,2.0313682556152344
coad,87,NAS14NN,second,allDatasets,1.0669745206832886
coad,87,NAS14NN,second,justTargetDataset,1.4027395248413086
hnscc,87,NAS14NN,first,allDatasets,0.7738056182861328
hnscc,87,NAS14NN,first,justTargetDataset,1.1454988718032837
hnscc,87,NAS14NN,second,allDatasets,0.6441397666931152
hnscc,87,NAS14NN,second,justTargetDataset,1.0241965055465698
lscc,87,NAS14NN,first,allDatasets,0.5310322046279907
lscc,87,NAS14NN,first,justTargetDataset,0.9169468283653259
lscc,87,NAS14NN,second,allDatasets,0.563190221786499
lscc,87,NAS14NN,second,justTargetDataset,0.9688678979873657
luad,87,NAS14NN,first,allDatasets,0.6689087152481079
luad,87,NAS14NN,first,justTargetDataset,1.0241094827651978
luad,87,NAS14NN,second,allDatasets,1.1342629194259644
luad,87,NAS14NN,second,justTargetDataset,1.5029308795928955
ov,87,NAS14NN,first,allDatasets,0.9574145674705505
ov,87,NAS14NN,first,justTargetDataset,1.420129656791687
ov,87,NAS14NN,second,allDatasets,1.069027066230774
ov,87,NAS14NN,second,justTargetDataset,1.5429233312606812
pdac,87,NAS14NN,first,allDatasets,1.1877541542053223
pdac,87,NAS14NN,first,justTargetDataset,1.5656825304031372
pdac,87,NAS14NN,second,allDatasets,1.4269410371780396
pdac,87,NAS14NN,second,justTargetDataset,1.6423131227493286
all,87,NAS14NN,first,allDatasets,0.9776474237442017
all,87,NAS14NN,first,justTargetDataset,0.977227509021759
all,87,NAS14NN,second,allDatasets,0.951292097568512
all,87,NAS14NN,second,justTargetDataset,0.9501535296440125
brca,88,NAS14NN,first,allDatasets,0.7585778832435608
brca,88,NAS14NN,first,justTargetDataset,1.1253082752227783
brca,88,NAS14NN,second,allDatasets,0.9553940296173096
brca,88,NAS14NN,second,justTargetDataset,1.357532262802124
ccrcc,88,NAS14NN,first,allDatasets,0.6824936270713806
ccrcc,88,NAS14NN,first,justTargetDataset,1.0029046535491943
ccrcc,88,NAS14NN,second,allDatasets,0.6513067483901978
ccrcc,88,NAS14NN,second,justTargetDataset,0.9606602191925049
coad,88,NAS14NN,first,allDatasets,2.918339967727661
coad,88,NAS14NN,first,justTargetDataset,3.2125420570373535
coad,88,NAS14NN,second,allDatasets,1.0506609678268433
coad,88,NAS14NN,second,justTargetDataset,1.3628346920013428
gbm,88,NAS14NN,first,allDatasets,0.809468686580658
gbm,88,NAS14NN,first,justTargetDataset,1.2336794137954712
gbm,88,NAS14NN,second,allDatasets,0.8076329827308655
gbm,88,NAS14NN,second,justTargetDataset,1.2217867374420166
hnscc,88,NAS14NN,first,allDatasets,0.693516731262207
hnscc,88,NAS14NN,first,justTargetDataset,1.050713062286377
hnscc,88,NAS14NN,second,allDatasets,0.7680099010467529
hnscc,88,NAS14NN,second,justTargetDataset,1.1797763109207153
luad,88,NAS14NN,first,allDatasets,1.026291012763977
luad,88,NAS14NN,first,justTargetDataset,1.564994215965271
luad,88,NAS14NN,second,allDatasets,1.2699145078659058
luad,88,NAS14NN,second,justTargetDataset,1.6007394790649414
ov,88,NAS14NN,first,allDatasets,1.6284183263778687
ov,88,NAS14NN,first,justTargetDataset,2.3013393878936768
ov,88,NAS14NN,second,allDatasets,1.1277104616165161
ov,88,NAS14NN,second,justTargetDataset,1.5932471752166748
pdac,88,NAS14NN,first,allDatasets,1.2128071784973145
pdac,88,NAS14NN,first,justTargetDataset,1.5010040998458862
pdac,88,NAS14NN,second,allDatasets,1.1343659162521362
pdac,88,NAS14NN,second,justTargetDataset,1.508306860923767
all,88,NAS14NN,first,allDatasets,1.051737666130066
all,88,NAS14NN,first,justTargetDataset,1.0516846179962158
all,88,NAS14NN,second,allDatasets,0.9362602829933167
all,88,NAS14NN,second,justTargetDataset,0.938376784324646
brca,89,NAS14NN,first,allDatasets,0.833235502243042
brca,89,NAS14NN,first,justTargetDataset,1.2254797220230103
brca,89,NAS14NN,second,allDatasets,0.8773640394210815
brca,89,NAS14NN,second,justTargetDataset,1.288742184638977
ccrcc,89,NAS14NN,first,allDatasets,0.6713647246360779
ccrcc,89,NAS14NN,first,justTargetDataset,1.037670373916626
ccrcc,89,NAS14NN,second,allDatasets,0.7258778810501099
ccrcc,89,NAS14NN,second,justTargetDataset,1.0268622636795044
gbm,89,NAS14NN,first,allDatasets,0.7601110935211182
gbm,89,NAS14NN,first,justTargetDataset,1.143893837928772
gbm,89,NAS14NN,second,allDatasets,0.906121015548706
gbm,89,NAS14NN,second,justTargetDataset,1.3252549171447754
hnscc,89,NAS14NN,first,allDatasets,1.2340346574783325
hnscc,89,NAS14NN,first,justTargetDataset,1.6101363897323608
hnscc,89,NAS14NN,second,allDatasets,0.7313411235809326
hnscc,89,NAS14NN,second,justTargetDataset,1.1133222579956055
lscc,89,NAS14NN,first,allDatasets,0.6145715117454529
lscc,89,NAS14NN,first,justTargetDataset,0.9928808808326721
lscc,89,NAS14NN,second,allDatasets,0.5034112930297852
lscc,89,NAS14NN,second,justTargetDataset,0.8954865336418152
luad,89,NAS14NN,first,allDatasets,0.6574094295501709
luad,89,NAS14NN,first,justTargetDataset,0.992132842540741
luad,89,NAS14NN,second,allDatasets,0.8678141236305237
luad,89,NAS14NN,second,justTargetDataset,1.2703465223312378
pdac,89,NAS14NN,first,allDatasets,1.800517201423645
pdac,89,NAS14NN,first,justTargetDataset,1.87412428855896
pdac,89,NAS14NN,second,allDatasets,0.9314221143722534
pdac,89,NAS14NN,second,justTargetDataset,1.4282323122024536
all,89,NAS14NN,first,allDatasets,1.11001718044281
all,89,NAS14NN,first,justTargetDataset,1.108322024345398
all,89,NAS14NN,second,allDatasets,1.1110821962356567
all,89,NAS14NN,second,justTargetDataset,1.1111568212509155
brca,90,NAS14NN,first,allDatasets,0.7382330298423767
brca,90,NAS14NN,first,justTargetDataset,1.112485647201538
brca,90,NAS14NN,second,allDatasets,0.9435771107673645
brca,90,NAS14NN,second,justTargetDataset,1.3227647542953491
ccrcc,90,NAS14NN,first,allDatasets,0.6588123440742493
coad,90,NAS14NN,first,allDatasets,7.210965156555176
coad,90,NAS14NN,first,justTargetDataset,6.947281360626221
coad,90,NAS14NN,second,allDatasets,3.2671964168548584
coad,90,NAS14NN,second,justTargetDataset,3.5088000297546387
gbm,90,NAS14NN,first,allDatasets,0.7980429530143738
gbm,90,NAS14NN,first,justTargetDataset,1.1776305437088013
gbm,90,NAS14NN,second,allDatasets,0.8889939785003662
gbm,90,NAS14NN,second,justTargetDataset,1.3216150999069214
hnscc,90,NAS14NN,first,allDatasets,0.7469859719276428
hnscc,90,NAS14NN,first,justTargetDataset,1.1605178117752075
hnscc,90,NAS14NN,second,allDatasets,0.7076101899147034
hnscc,90,NAS14NN,second,justTargetDataset,1.093888282775879
lscc,90,NAS14NN,first,allDatasets,0.5718682408332825
lscc,90,NAS14NN,first,justTargetDataset,1.0059665441513062
lscc,90,NAS14NN,second,allDatasets,0.6168838739395142
lscc,90,NAS14NN,second,justTargetDataset,1.0219640731811523
luad,90,NAS14NN,first,allDatasets,0.7013809084892273
luad,90,NAS14NN,first,justTargetDataset,1.056901454925537
luad,90,NAS14NN,second,allDatasets,1.0328799486160278
luad,90,NAS14NN,second,justTargetDataset,1.515967607498169
ov,90,NAS14NN,first,allDatasets,1.797366738319397
ov,90,NAS14NN,first,justTargetDataset,2.37467098236084
ov,90,NAS14NN,second,allDatasets,3.534852981567383
ov,90,NAS14NN,second,justTargetDataset,3.816039562225342
pdac,90,NAS14NN,first,allDatasets,1.1250340938568115
pdac,90,NAS14NN,first,justTargetDataset,1.4109435081481934
pdac,90,NAS14NN,second,allDatasets,1.7050570249557495
pdac,90,NAS14NN,second,justTargetDataset,1.9159294366836548
all,90,NAS14NN,first,allDatasets,1.3337448835372925
all,90,NAS14NN,first,justTargetDataset,1.332310676574707
all,90,NAS14NN,second,allDatasets,1.2969650030136108
all,90,NAS14NN,second,justTargetDataset,1.297616720199585
brca,91,NAS14NN,first,allDatasets,0.9347894191741943
brca,91,NAS14NN,first,justTargetDataset,1.33217453956604
brca,91,NAS14NN,second,allDatasets,0.80268794298172
brca,91,NAS14NN,second,justTargetDataset,1.1969215869903564
ccrcc,91,NAS14NN,first,allDatasets,0.6739523410797119
ccrcc,91,NAS14NN,first,justTargetDataset,0.9696159958839417
ccrcc,91,NAS14NN,second,allDatasets,0.7035661935806274
ccrcc,91,NAS14NN,second,justTargetDataset,1.0366075038909912
coad,91,NAS14NN,first,allDatasets,2.658053398132324
coad,91,NAS14NN,first,justTargetDataset,2.8257391452789307
coad,91,NAS14NN,second,allDatasets,5.188425064086914
coad,91,NAS14NN,second,justTargetDataset,5.187224388122559
gbm,91,NAS14NN,first,allDatasets,0.8227567076683044
gbm,91,NAS14NN,first,justTargetDataset,1.2273579835891724
gbm,91,NAS14NN,second,allDatasets,0.9167093634605408
gbm,91,NAS14NN,second,justTargetDataset,1.3911545276641846
hnscc,91,NAS14NN,first,allDatasets,0.9714093208312988
hnscc,91,NAS14NN,first,justTargetDataset,1.4047644138336182
hnscc,91,NAS14NN,second,allDatasets,0.36128684878349304
hnscc,91,NAS14NN,second,justTargetDataset,1.1008380651474
lscc,91,NAS14NN,first,allDatasets,0.5485337972640991
lscc,91,NAS14NN,first,justTargetDataset,0.9252692461013794
lscc,91,NAS14NN,second,allDatasets,0.5563415884971619
lscc,91,NAS14NN,second,justTargetDataset,0.9650294184684753
luad,91,NAS14NN,first,allDatasets,0.9524071216583252
luad,91,NAS14NN,first,justTargetDataset,1.3529062271118164
luad,91,NAS14NN,second,allDatasets,0.8524811267852783
luad,91,NAS14NN,second,justTargetDataset,1.2525895833969116
ov,91,NAS14NN,first,allDatasets,3.075120687484741
ov,91,NAS14NN,first,justTargetDataset,3.857809543609619
ov,91,NAS14NN,second,allDatasets,1.0106958150863647
ov,91,NAS14NN,second,justTargetDataset,1.501607060432434
all,91,NAS14NN,first,allDatasets,1.435839056968689
all,91,NAS14NN,first,justTargetDataset,1.4361428022384644
all,91,NAS14NN,second,allDatasets,1.3229855298995972
all,91,NAS14NN,second,justTargetDataset,1.323187232017517
brca,92,NAS14NN,first,allDatasets,0.7164385914802551
brca,92,NAS14NN,first,justTargetDataset,1.1227436065673828
brca,92,NAS14NN,second,allDatasets,0.9861390590667725
brca,92,NAS14NN,second,justTargetDataset,1.3548665046691895
ccrcc,92,NAS14NN,first,allDatasets,0.6681287884712219
ccrcc,92,NAS14NN,first,justTargetDataset,0.988290548324585
ccrcc,92,NAS14NN,second,allDatasets,0.6854968070983887
ccrcc,92,NAS14NN,second,justTargetDataset,1.0088107585906982
coad,92,NAS14NN,first,allDatasets,4.926222324371338
coad,92,NAS14NN,first,justTargetDataset,4.78826379776001
coad,92,NAS14NN,second,allDatasets,2.7370526790618896
coad,92,NAS14NN,second,justTargetDataset,3.0118744373321533
gbm,92,NAS14NN,first,allDatasets,0.8556272983551025
gbm,92,NAS14NN,first,justTargetDataset,1.2333614826202393
gbm,92,NAS14NN,second,allDatasets,0.7989423871040344
gbm,92,NAS14NN,second,justTargetDataset,1.1907880306243896
hnscc,92,NAS14NN,first,allDatasets,0.6629794836044312
hnscc,92,NAS14NN,first,justTargetDataset,1.0387839078903198
hnscc,92,NAS14NN,second,allDatasets,0.7603180408477783
hnscc,92,NAS14NN,second,justTargetDataset,1.144810676574707
lscc,92,NAS14NN,first,allDatasets,0.7326527833938599
lscc,92,NAS14NN,first,justTargetDataset,1.176957368850708
lscc,92,NAS14NN,second,allDatasets,0.6486448645591736
lscc,92,NAS14NN,second,justTargetDataset,1.0657309293746948
luad,92,NAS14NN,first,allDatasets,0.6722655892372131
luad,92,NAS14NN,first,justTargetDataset,1.095261573791504
luad,92,NAS14NN,second,allDatasets,0.8511572480201721
luad,92,NAS14NN,second,justTargetDataset,1.145065188407898
pdac,92,NAS14NN,first,allDatasets,1.427276849746704
pdac,92,NAS14NN,first,justTargetDataset,1.763864278793335
pdac,92,NAS14NN,second,allDatasets,1.0484185218811035
pdac,92,NAS14NN,second,justTargetDataset,1.3659377098083496
all,92,NAS14NN,first,allDatasets,1.3544745445251465
all,92,NAS14NN,first,justTargetDataset,1.3555145263671875
all,92,NAS14NN,second,allDatasets,0.9965560436248779
all,92,NAS14NN,second,justTargetDataset,0.995319664478302
brca,93,NAS14NN,first,allDatasets,0.9326685667037964
brca,93,NAS14NN,first,justTargetDataset,1.3865411281585693
brca,93,NAS14NN,second,allDatasets,0.9876635074615479
brca,93,NAS14NN,second,justTargetDataset,1.3998554944992065
ccrcc,93,NAS14NN,first,allDatasets,0.618050754070282
ccrcc,93,NAS14NN,first,justTargetDataset,1.29121732711792
ccrcc,93,NAS14NN,second,allDatasets,0.6997619271278381
ccrcc,93,NAS14NN,second,justTargetDataset,1.0074430704116821
coad,93,NAS14NN,first,allDatasets,2.4609949588775635
coad,93,NAS14NN,first,justTargetDataset,2.705068588256836
coad,93,NAS14NN,second,allDatasets,4.0642290115356445
coad,93,NAS14NN,second,justTargetDataset,4.144336223602295
gbm,93,NAS14NN,first,allDatasets,0.7031226754188538
gbm,93,NAS14NN,first,justTargetDataset,1.0948504209518433
gbm,93,NAS14NN,second,allDatasets,0.9693517088890076
gbm,93,NAS14NN,second,justTargetDataset,1.4020384550094604
hnscc,93,NAS14NN,first,allDatasets,0.6726366281509399
hnscc,93,NAS14NN,first,justTargetDataset,1.045225977897644
hnscc,93,NAS14NN,second,allDatasets,0.738523542881012
hnscc,93,NAS14NN,second,justTargetDataset,1.1577651500701904
lscc,93,NAS14NN,first,allDatasets,0.5354962348937988
lscc,93,NAS14NN,first,justTargetDataset,0.9190919399261475
lscc,93,NAS14NN,second,allDatasets,0.5740435123443604
lscc,93,NAS14NN,second,justTargetDataset,0.975888729095459
luad,93,NAS14NN,first,allDatasets,1.419756531715393
luad,93,NAS14NN,first,justTargetDataset,2.0334208011627197
luad,93,NAS14NN,second,allDatasets,0.7583581209182739
luad,93,NAS14NN,second,justTargetDataset,1.1533656120300293
ov,93,NAS14NN,first,allDatasets,0.9986189007759094
ov,93,NAS14NN,first,justTargetDataset,1.4733937978744507
ov,93,NAS14NN,second,allDatasets,2.626908540725708
ov,93,NAS14NN,second,justTargetDataset,2.871544599533081
pdac,93,NAS14NN,first,allDatasets,1.4606267213821411
pdac,93,NAS14NN,first,justTargetDataset,1.688800573348999
pdac,93,NAS14NN,second,allDatasets,1.6846890449523926
pdac,93,NAS14NN,second,justTargetDataset,1.8960806131362915
all,93,NAS14NN,first,allDatasets,1.0584592819213867
all,93,NAS14NN,first,justTargetDataset,1.0576924085617065
all,93,NAS14NN,second,allDatasets,1.2525694370269775
all,93,NAS14NN,second,justTargetDataset,1.2527669668197632
ccrcc,94,NAS14NN,first,allDatasets,0.8192732334136963
ccrcc,94,NAS14NN,first,justTargetDataset,1.1817618608474731
ccrcc,94,NAS14NN,second,allDatasets,0.5579636693000793
ccrcc,94,NAS14NN,second,justTargetDataset,0.8468860983848572
coad,94,NAS14NN,first,allDatasets,1.4859809875488281
coad,94,NAS14NN,first,justTargetDataset,1.8339401483535767
coad,94,NAS14NN,second,allDatasets,2.176131248474121
coad,94,NAS14NN,second,justTargetDataset,2.461369037628174
gbm,94,NAS14NN,first,allDatasets,0.9169115424156189
gbm,94,NAS14NN,first,justTargetDataset,1.379109501838684
gbm,94,NAS14NN,second,allDatasets,0.7776463031768799
gbm,94,NAS14NN,second,justTargetDataset,1.1303330659866333
hnscc,94,NAS14NN,first,allDatasets,0.6674091219902039
hnscc,94,NAS14NN,first,justTargetDataset,1.0190844535827637
hnscc,94,NAS14NN,second,allDatasets,0.7808725833892822
hnscc,94,NAS14NN,second,justTargetDataset,3.307799816131592
lscc,94,NAS14NN,first,allDatasets,0.5149279832839966
lscc,94,NAS14NN,first,justTargetDataset,0.8894519209861755
lscc,94,NAS14NN,second,allDatasets,0.5919455885887146
lscc,94,NAS14NN,second,justTargetDataset,0.9901633262634277
luad,94,NAS14NN,first,allDatasets,0.6943410038948059
luad,94,NAS14NN,first,justTargetDataset,1.0749328136444092
luad,94,NAS14NN,second,allDatasets,0.8261442184448242
luad,94,NAS14NN,second,justTargetDataset,1.1617006063461304
ov,94,NAS14NN,first,allDatasets,1.024638056755066
ov,94,NAS14NN,first,justTargetDataset,1.499311923980713
ov,94,NAS14NN,second,allDatasets,0.9801585674285889
ov,94,NAS14NN,second,justTargetDataset,1.3890223503112793
pdac,94,NAS14NN,first,allDatasets,0.9086925387382507
pdac,94,NAS14NN,first,justTargetDataset,1.2740229368209839
pdac,94,NAS14NN,second,allDatasets,1.4449712038040161
pdac,94,NAS14NN,second,justTargetDataset,1.7101354598999023
all,94,NAS14NN,first,allDatasets,0.8423365354537964
all,94,NAS14NN,first,justTargetDataset,0.8427927494049072
all,94,NAS14NN,second,allDatasets,0.9580121636390686
all,94,NAS14NN,second,justTargetDataset,0.9584433436393738
brca,95,NAS14NN,first,allDatasets,0.8684319257736206
brca,95,NAS14NN,first,justTargetDataset,1.2807586193084717
brca,95,NAS14NN,second,allDatasets,0.8444377779960632
brca,95,NAS14NN,second,justTargetDataset,1.2280272245407104
ccrcc,95,NAS14NN,first,allDatasets,0.6618322730064392
ccrcc,95,NAS14NN,first,justTargetDataset,1.124400019645691
ccrcc,95,NAS14NN,second,allDatasets,1.1997615098953247
ccrcc,95,NAS14NN,second,justTargetDataset,1.3725601434707642
coad,95,NAS14NN,first,allDatasets,2.083228349685669
coad,95,NAS14NN,first,justTargetDataset,2.307117223739624
coad,95,NAS14NN,second,allDatasets,5.29674768447876
coad,95,NAS14NN,second,justTargetDataset,5.110144138336182
gbm,95,NAS14NN,first,allDatasets,0.33276286721229553
gbm,95,NAS14NN,first,justTargetDataset,1.0701451301574707
gbm,95,NAS14NN,second,allDatasets,0.9786777496337891
gbm,95,NAS14NN,second,justTargetDataset,1.4769381284713745
hnscc,95,NAS14NN,first,allDatasets,0.6575557589530945
hnscc,95,NAS14NN,first,justTargetDataset,1.0825318098068237
hnscc,95,NAS14NN,second,allDatasets,0.7925219535827637
hnscc,95,NAS14NN,second,justTargetDataset,1.1940678358078003
lscc,95,NAS14NN,first,allDatasets,0.6220781803131104
luad,95,NAS14NN,first,allDatasets,0.8634120225906372
luad,95,NAS14NN,first,justTargetDataset,1.2373117208480835
luad,95,NAS14NN,second,allDatasets,0.9083713293075562
luad,95,NAS14NN,second,justTargetDataset,1.2756414413452148
ov,95,NAS14NN,first,allDatasets,0.9570990800857544
ov,95,NAS14NN,first,justTargetDataset,1.4126081466674805
ov,95,NAS14NN,second,allDatasets,0.9482181072235107
ov,95,NAS14NN,second,justTargetDataset,1.3335092067718506
pdac,95,NAS14NN,first,allDatasets,1.406401515007019
pdac,95,NAS14NN,first,justTargetDataset,1.7455281019210815
pdac,95,NAS14NN,second,allDatasets,1.812821865081787
pdac,95,NAS14NN,second,justTargetDataset,1.9533833265304565
all,95,NAS14NN,first,allDatasets,0.9494961500167847
all,95,NAS14NN,first,justTargetDataset,0.9491770267486572
all,95,NAS14NN,second,allDatasets,1.3286370038986206
all,95,NAS14NN,second,justTargetDataset,1.3269093036651611
brca,96,NAS14NN,first,allDatasets,0.8003057837486267
brca,96,NAS14NN,first,justTargetDataset,1.212666392326355
brca,96,NAS14NN,second,allDatasets,0.8973785638809204
brca,96,NAS14NN,second,justTargetDataset,1.2926406860351562
ccrcc,96,NAS14NN,first,allDatasets,0.644558846950531
ccrcc,96,NAS14NN,first,justTargetDataset,0.9201647639274597
ccrcc,96,NAS14NN,second,allDatasets,0.9549063444137573
ccrcc,96,NAS14NN,second,justTargetDataset,1.3082756996154785
coad,96,NAS14NN,first,allDatasets,3.641101121902466
coad,96,NAS14NN,first,justTargetDataset,3.7582621574401855
coad,96,NAS14NN,second,allDatasets,1.4699153900146484
coad,96,NAS14NN,second,justTargetDataset,1.71950101852417
gbm,96,NAS14NN,first,allDatasets,0.9391481280326843
gbm,96,NAS14NN,first,justTargetDataset,1.3796969652175903
gbm,96,NAS14NN,second,allDatasets,0.7421226501464844
gbm,96,NAS14NN,second,justTargetDataset,1.1242716312408447
hnscc,96,NAS14NN,first,allDatasets,0.7402252554893494
hnscc,96,NAS14NN,first,justTargetDataset,1.1221253871917725
hnscc,96,NAS14NN,second,allDatasets,0.6763187646865845
hnscc,96,NAS14NN,second,justTargetDataset,1.05347740650177
lscc,96,NAS14NN,first,allDatasets,0.5191123485565186
lscc,96,NAS14NN,first,justTargetDataset,0.9285144805908203
lscc,96,NAS14NN,second,allDatasets,0.6125569939613342
lscc,96,NAS14NN,second,justTargetDataset,1.010194182395935
luad,96,NAS14NN,first,allDatasets,0.9419646859169006
luad,96,NAS14NN,first,justTargetDataset,1.4657964706420898
luad,96,NAS14NN,second,allDatasets,0.9103508591651917
luad,96,NAS14NN,second,justTargetDataset,1.4636896848678589
ov,96,NAS14NN,first,allDatasets,1.0507640838623047
ov,96,NAS14NN,first,justTargetDataset,1.5780531167984009
ov,96,NAS14NN,second,allDatasets,7.7479729652404785
ov,96,NAS14NN,second,justTargetDataset,7.3747382164001465
pdac,96,NAS14NN,first,allDatasets,1.4192204475402832
pdac,96,NAS14NN,first,justTargetDataset,1.6630953550338745
pdac,96,NAS14NN,second,allDatasets,2.438516616821289
pdac,96,NAS14NN,second,justTargetDataset,2.449856758117676
all,96,NAS14NN,first,allDatasets,1.0872982740402222
brca,97,NAS14NN,first,allDatasets,0.9903897643089294
brca,97,NAS14NN,first,justTargetDataset,1.4497489929199219
brca,97,NAS14NN,second,allDatasets,0.798703670501709
brca,97,NAS14NN,second,justTargetDataset,1.2642791271209717
ccrcc,97,NAS14NN,first,allDatasets,1.486572027206421
ccrcc,97,NAS14NN,first,justTargetDataset,1.8190195560455322
ccrcc,97,NAS14NN,second,allDatasets,0.6720825433731079
ccrcc,97,NAS14NN,second,justTargetDataset,0.9452553987503052
coad,97,NAS14NN,first,allDatasets,1.9826034307479858
coad,97,NAS14NN,first,justTargetDataset,2.226811647415161
coad,97,NAS14NN,second,allDatasets,8.070215225219727
coad,97,NAS14NN,second,justTargetDataset,7.836592674255371
gbm,97,NAS14NN,first,allDatasets,0.9061750769615173
gbm,97,NAS14NN,first,justTargetDataset,1.3429793119430542
gbm,97,NAS14NN,second,allDatasets,0.8044182062149048
gbm,97,NAS14NN,second,justTargetDataset,1.193594217300415
hnscc,97,NAS14NN,first,allDatasets,0.6980912089347839
hnscc,97,NAS14NN,first,justTargetDataset,1.0939412117004395
hnscc,97,NAS14NN,second,allDatasets,0.6932841539382935
hnscc,97,NAS14NN,second,justTargetDataset,1.034382939338684
lscc,97,NAS14NN,first,allDatasets,0.5756688714027405
lscc,97,NAS14NN,first,justTargetDataset,0.9565953612327576
lscc,97,NAS14NN,second,allDatasets,0.5774334073066711
lscc,97,NAS14NN,second,justTargetDataset,0.9953299760818481
luad,97,NAS14NN,first,allDatasets,0.6832872033119202
luad,97,NAS14NN,first,justTargetDataset,1.0930768251419067
luad,97,NAS14NN,second,allDatasets,0.8632221817970276
luad,97,NAS14NN,second,justTargetDataset,1.2033069133758545
ov,97,NAS14NN,first,allDatasets,1.0027415752410889
ov,97,NAS14NN,first,justTargetDataset,1.3863056898117065
ov,97,NAS14NN,second,allDatasets,0.9501326680183411
ov,97,NAS14NN,second,justTargetDataset,1.3922513723373413
pdac,97,NAS14NN,first,allDatasets,1.0616166591644287
pdac,97,NAS14NN,first,justTargetDataset,1.4240000247955322
pdac,97,NAS14NN,second,allDatasets,0.948461651802063
pdac,97,NAS14NN,second,justTargetDataset,1.3195830583572388
all,97,NAS14NN,first,allDatasets,1.0290470123291016
all,97,NAS14NN,first,justTargetDataset,1.028450846672058
all,97,NAS14NN,second,allDatasets,1.355720043182373
all,97,NAS14NN,second,justTargetDataset,1.3560224771499634
brca,98,NAS14NN,first,allDatasets,0.7900503873825073
brca,98,NAS14NN,first,justTargetDataset,1.1642526388168335
brca,98,NAS14NN,second,allDatasets,0.9052972197532654
brca,98,NAS14NN,second,justTargetDataset,1.3000680208206177
coad,98,NAS14NN,first,allDatasets,1.8213874101638794
coad,98,NAS14NN,first,justTargetDataset,2.0357396602630615
coad,98,NAS14NN,second,allDatasets,4.1887311935424805
coad,98,NAS14NN,second,justTargetDataset,4.356075286865234
gbm,98,NAS14NN,first,allDatasets,0.7875143885612488
gbm,98,NAS14NN,first,justTargetDataset,1.189239740371704
gbm,98,NAS14NN,second,allDatasets,0.9137470722198486
gbm,98,NAS14NN,second,justTargetDataset,1.3806871175765991
hnscc,98,NAS14NN,first,allDatasets,0.6875091195106506
hnscc,98,NAS14NN,first,justTargetDataset,1.0998446941375732
hnscc,98,NAS14NN,second,allDatasets,0.7787586450576782
hnscc,98,NAS14NN,second,justTargetDataset,1.1830629110336304
lscc,98,NAS14NN,first,allDatasets,0.47856956720352173
lscc,98,NAS14NN,first,justTargetDataset,0.8640710115432739
lscc,98,NAS14NN,second,allDatasets,0.6250196695327759
lscc,98,NAS14NN,second,justTargetDataset,1.029276728630066
luad,98,NAS14NN,first,allDatasets,0.7624868750572205
luad,98,NAS14NN,first,justTargetDataset,1.1095699071884155
luad,98,NAS14NN,second,allDatasets,0.7035751342773438
luad,98,NAS14NN,second,justTargetDataset,1.114193320274353
ov,98,NAS14NN,first,allDatasets,1.1244157552719116
ov,98,NAS14NN,first,justTargetDataset,1.6697479486465454
ov,98,NAS14NN,second,allDatasets,0.8966501951217651
ov,98,NAS14NN,second,justTargetDataset,1.2495429515838623
pdac,98,NAS14NN,first,allDatasets,1.435850977897644
all,98,NAS14NN,first,allDatasets,0.8984187841415405
all,98,NAS14NN,first,justTargetDataset,0.8975761532783508
all,98,NAS14NN,second,allDatasets,1.5757819414138794
all,98,NAS14NN,second,justTargetDataset,1.573482632637024
brca,99,NAS14NN,first,allDatasets,0.9021336436271667
brca,99,NAS14NN,first,justTargetDataset,1.3466886281967163
brca,99,NAS14NN,second,allDatasets,0.8100451231002808
brca,99,NAS14NN,second,justTargetDataset,1.1900006532669067
ccrcc,99,NAS14NN,first,allDatasets,0.6115236878395081
coad,99,NAS14NN,first,allDatasets,2.7322261333465576
coad,99,NAS14NN,first,justTargetDataset,2.912205934524536
coad,99,NAS14NN,second,allDatasets,1.7248263359069824
coad,99,NAS14NN,second,justTargetDataset,1.9656357765197754
gbm,99,NAS14NN,first,allDatasets,0.7519367933273315
gbm,99,NAS14NN,first,justTargetDataset,1.098807692527771
gbm,99,NAS14NN,second,allDatasets,0.8616163730621338
gbm,99,NAS14NN,second,justTargetDataset,1.3372198343276978
lscc,99,NAS14NN,first,allDatasets,0.5571277141571045
luad,99,NAS14NN,first,allDatasets,0.7497425079345703
luad,99,NAS14NN,first,justTargetDataset,1.1295779943466187
luad,99,NAS14NN,second,allDatasets,0.7822564840316772
luad,99,NAS14NN,second,justTargetDataset,1.1560944318771362
ov,99,NAS14NN,first,allDatasets,4.257053852081299
ov,99,NAS14NN,first,justTargetDataset,5.418489456176758
ov,99,NAS14NN,second,allDatasets,1.0155701637268066
ov,99,NAS14NN,second,justTargetDataset,1.4294772148132324
all,99,baseNN,first,allDatasets,11.881798857292242
all,99,baseNN,first,justTargetDataset,12.19573426710821
all,99,baseNN,second,allDatasets,12.24172171424417
all,99,baseNN,second,justTargetDataset,13.309825666023023
brca,0,baseNN,first,allDatasets,1.8595061302185059
brca,0,baseNN,first,justTargetDataset,74.41316986083984
brca,0,baseNN,second,allDatasets,2.0533835887908936
brca,0,baseNN,second,justTargetDataset,75.11961364746094
ccrcc,0,baseNN,first,allDatasets,2.2249983986721764
ccrcc,0,baseNN,first,justTargetDataset,138.69498588465436
ccrcc,0,baseNN,second,allDatasets,2.4385346327072535
ccrcc,0,baseNN,second,justTargetDataset,180.81109501765326
coad,0,baseNN,first,allDatasets,1.7957950830459595
coad,0,baseNN,first,justTargetDataset,92.060546875
coad,0,baseNN,second,allDatasets,3.6572391986846924
coad,0,baseNN,second,justTargetDataset,130.65878295898438
gbm,0,baseNN,first,allDatasets,1.7170864343643188
gbm,0,baseNN,first,justTargetDataset,138.5439453125
gbm,0,baseNN,second,allDatasets,1.5266270637512207
gbm,0,baseNN,second,justTargetDataset,113.59719848632812
hnscc,0,baseNN,first,allDatasets,1.6144290626912876
hnscc,0,baseNN,first,justTargetDataset,186.50324370895606
hnscc,0,baseNN,second,allDatasets,1.6392955330834873
hnscc,0,baseNN,second,justTargetDataset,274.44122225996375
lscc,0,baseNN,first,allDatasets,1.7723989814192385
lscc,0,baseNN,first,justTargetDataset,312.1925498207847
lscc,0,baseNN,second,allDatasets,1.9597532431284586
lscc,0,baseNN,second,justTargetDataset,279.48724975585935
luad,0,baseNN,first,allDatasets,1.5988403545912875
luad,0,baseNN,first,justTargetDataset,227.41390941989036
luad,0,baseNN,second,allDatasets,1.7782451491202078
luad,0,baseNN,second,justTargetDataset,217.16786620437458
ov,0,baseNN,first,allDatasets,1.8880738019943237
ov,0,baseNN,first,justTargetDataset,107.2953109741211
ov,0,baseNN,second,allDatasets,1.8982481956481934
ov,0,baseNN,second,justTargetDataset,102.76338958740234
pdac,0,baseNN,first,allDatasets,2.6982688903808594
pdac,0,baseNN,first,justTargetDataset,115.97734069824219
pdac,0,baseNN,second,allDatasets,2.2039084434509277
pdac,0,baseNN,second,justTargetDataset,115.55123138427734
all,0,baseNN,first,allDatasets,12.858182135725443
all,0,baseNN,first,justTargetDataset,12.164393968497757
all,0,baseNN,second,allDatasets,15.034401772918972
all,0,baseNN,second,justTargetDataset,13.626630840879498
brca,1,baseNN,first,allDatasets,1.7746739387512207
brca,1,baseNN,first,justTargetDataset,60.547386169433594
brca,1,baseNN,second,allDatasets,1.9870620965957642
brca,1,baseNN,second,justTargetDataset,82.30594635009766
ccrcc,1,baseNN,first,allDatasets,2.372154631192171
ccrcc,1,baseNN,first,justTargetDataset,170.12297038790547
ccrcc,1,baseNN,second,allDatasets,3.9918793714963474
ccrcc,1,baseNN,second,justTargetDataset,159.2609370304988
coad,1,baseNN,first,allDatasets,4.822402477264404
coad,1,baseNN,first,justTargetDataset,115.25318908691406
coad,1,baseNN,second,allDatasets,2.2614152431488037
coad,1,baseNN,second,justTargetDataset,112.11016845703125
gbm,1,baseNN,first,allDatasets,1.6873865127563477
gbm,1,baseNN,first,justTargetDataset,143.966552734375
gbm,1,baseNN,second,allDatasets,1.5421093702316284
gbm,1,baseNN,second,justTargetDataset,113.85171508789062
hnscc,1,baseNN,first,allDatasets,1.615502144979394
hnscc,1,baseNN,first,justTargetDataset,219.14715045431385
hnscc,1,baseNN,second,allDatasets,1.8416033153948577
hnscc,1,baseNN,second,justTargetDataset,241.69600843346637
lscc,1,baseNN,first,allDatasets,2.2222480367828203
lscc,1,baseNN,first,justTargetDataset,371.71227490770946
lscc,1,baseNN,second,allDatasets,1.6758651124106514
lscc,1,baseNN,second,justTargetDataset,297.13708835177954
luad,1,baseNN,first,allDatasets,1.5929241885421097
luad,1,baseNN,first,justTargetDataset,196.57263741441952
luad,1,baseNN,second,allDatasets,1.634570675511514
luad,1,baseNN,second,justTargetDataset,219.4305206626974
ov,1,baseNN,first,allDatasets,2.0195212364196777
ov,1,baseNN,first,justTargetDataset,111.44583129882812
ov,1,baseNN,second,allDatasets,3.6283092498779297
ov,1,baseNN,second,justTargetDataset,92.41645812988281
pdac,1,baseNN,first,allDatasets,2.015716075897217
pdac,1,baseNN,first,justTargetDataset,90.88580322265625
pdac,1,baseNN,second,allDatasets,2.431335687637329
pdac,1,baseNN,second,justTargetDataset,124.69906616210938
all,1,baseNN,first,allDatasets,8.55629873022569
all,1,baseNN,first,justTargetDataset,8.694853272902227
all,1,baseNN,second,allDatasets,14.824290921556333
all,1,baseNN,second,justTargetDataset,14.402459236389813
brca,2,baseNN,first,allDatasets,2.1618785858154297
brca,2,baseNN,first,justTargetDataset,85.43050384521484
brca,2,baseNN,second,allDatasets,1.7509151697158813
brca,2,baseNN,second,justTargetDataset,69.79042053222656
ccrcc,2,baseNN,first,allDatasets,2.238931387285643
ccrcc,2,baseNN,first,justTargetDataset,149.57935671263104
ccrcc,2,baseNN,second,allDatasets,3.1843896890297914
ccrcc,2,baseNN,second,justTargetDataset,167.75344496506912
coad,2,baseNN,first,allDatasets,3.509644031524658
coad,2,baseNN,first,justTargetDataset,95.65168762207031
coad,2,baseNN,second,allDatasets,5.705132007598877
coad,2,baseNN,second,justTargetDataset,149.42724609375
gbm,2,baseNN,first,allDatasets,1.7116644382476807
gbm,2,baseNN,first,justTargetDataset,135.7511444091797
gbm,2,baseNN,second,allDatasets,1.504978895187378
gbm,2,baseNN,second,justTargetDataset,122.43048095703125
hnscc,2,baseNN,first,allDatasets,1.5285028893014658
hnscc,2,baseNN,first,justTargetDataset,169.94755366228628
hnscc,2,baseNN,second,allDatasets,1.8021702403607576
hnscc,2,baseNN,second,justTargetDataset,250.47393046945766
lscc,2,baseNN,first,allDatasets,2.220228121830867
lscc,2,baseNN,first,justTargetDataset,280.86962354052196
lscc,2,baseNN,second,allDatasets,1.728335150082906
lscc,2,baseNN,second,justTargetDataset,328.72398478190104
luad,2,baseNN,first,allDatasets,1.6438799917056997
luad,2,baseNN,first,justTargetDataset,215.59752810898647
luad,2,baseNN,second,allDatasets,1.5323554713238952
luad,2,baseNN,second,justTargetDataset,186.0706040577222
ov,2,baseNN,first,allDatasets,1.8493373394012451
ov,2,baseNN,first,justTargetDataset,98.866943359375
ov,2,baseNN,second,allDatasets,1.7964805364608765
ov,2,baseNN,second,justTargetDataset,101.19169616699219
pdac,2,baseNN,first,allDatasets,2.491691827774048
pdac,2,baseNN,first,justTargetDataset,102.85265350341797
pdac,2,baseNN,second,allDatasets,2.758969783782959
pdac,2,baseNN,second,justTargetDataset,102.4660415649414
all,2,baseNN,first,allDatasets,11.805776219663366
all,2,baseNN,first,justTargetDataset,10.832572763156048
all,2,baseNN,second,allDatasets,11.627683943818171
all,2,baseNN,second,justTargetDataset,11.722431346056933
brca,3,baseNN,first,allDatasets,2.1033031940460205
brca,3,baseNN,first,justTargetDataset,62.11836624145508
brca,3,baseNN,second,allDatasets,1.681146502494812
brca,3,baseNN,second,justTargetDataset,65.56678009033203
ccrcc,3,baseNN,first,allDatasets,3.293757719329641
ccrcc,3,baseNN,first,justTargetDataset,163.26104523863972
ccrcc,3,baseNN,second,allDatasets,2.329912772545448
ccrcc,3,baseNN,second,justTargetDataset,155.0600092961238
coad,3,baseNN,first,allDatasets,6.22058629989624
coad,3,baseNN,first,justTargetDataset,118.62025451660156
coad,3,baseNN,second,allDatasets,4.263051986694336
coad,3,baseNN,second,justTargetDataset,129.50306701660156
gbm,3,baseNN,first,allDatasets,1.6042847633361816
gbm,3,baseNN,first,justTargetDataset,132.95079040527344
gbm,3,baseNN,second,allDatasets,1.643562912940979
gbm,3,baseNN,second,justTargetDataset,129.74069213867188
hnscc,3,baseNN,first,allDatasets,1.6809830285500789
hnscc,3,baseNN,first,justTargetDataset,239.27467500990716
hnscc,3,baseNN,second,allDatasets,1.7384795866150786
hnscc,3,baseNN,second,justTargetDataset,198.61320584062216
lscc,3,baseNN,first,allDatasets,1.7714409605487362
lscc,3,baseNN,first,justTargetDataset,340.33374995975703
lscc,3,baseNN,second,allDatasets,2.024142379230923
lscc,3,baseNN,second,justTargetDataset,265.34094984266494
luad,3,baseNN,first,allDatasets,1.9862087234374015
luad,3,baseNN,first,justTargetDataset,195.21669170420657
luad,3,baseNN,second,allDatasets,1.916489895953927
luad,3,baseNN,second,justTargetDataset,197.13333097068212
ov,3,baseNN,first,allDatasets,1.948903203010559
ov,3,baseNN,first,justTargetDataset,104.51542663574219
ov,3,baseNN,second,allDatasets,1.8668267726898193
ov,3,baseNN,second,justTargetDataset,105.9286880493164
pdac,3,baseNN,first,allDatasets,2.621084213256836
pdac,3,baseNN,first,justTargetDataset,107.23058319091797
pdac,3,baseNN,second,allDatasets,2.0189919471740723
pdac,3,baseNN,second,justTargetDataset,95.95366668701172
all,3,baseNN,first,allDatasets,12.77853664972086
all,3,baseNN,first,justTargetDataset,12.951926349538617
all,3,baseNN,second,allDatasets,12.704378331196287
all,3,baseNN,second,justTargetDataset,12.589525297576307
brca,4,baseNN,first,allDatasets,2.0417838096618652
brca,4,baseNN,first,justTargetDataset,70.76261901855469
brca,4,baseNN,second,allDatasets,1.7877675294876099
brca,4,baseNN,second,justTargetDataset,73.4033203125
ccrcc,4,baseNN,first,allDatasets,3.0107049096988727
ccrcc,4,baseNN,first,justTargetDataset,192.58140139036541
ccrcc,4,baseNN,second,allDatasets,2.5430062245099974
ccrcc,4,baseNN,second,justTargetDataset,157.63954162597656
coad,4,baseNN,first,allDatasets,4.675964832305908
coad,4,baseNN,first,justTargetDataset,119.00956726074219
coad,4,baseNN,second,allDatasets,4.1902852058410645
coad,4,baseNN,second,justTargetDataset,113.82275390625
gbm,4,baseNN,first,allDatasets,1.817766785621643
gbm,4,baseNN,first,justTargetDataset,169.9890594482422
gbm,4,baseNN,second,allDatasets,1.5365228652954102
gbm,4,baseNN,second,justTargetDataset,110.72142791748047
hnscc,4,baseNN,first,allDatasets,1.8030467828114827
hnscc,4,baseNN,first,justTargetDataset,160.5733067609262
hnscc,4,baseNN,second,allDatasets,1.595480647639952
hnscc,4,baseNN,second,justTargetDataset,206.31855309527853
lscc,4,baseNN,first,allDatasets,1.9567999276486072
lscc,4,baseNN,first,justTargetDataset,294.7753443455958
lscc,4,baseNN,second,allDatasets,1.999356163872613
lscc,4,baseNN,second,justTargetDataset,270.8899224175347
luad,4,baseNN,first,allDatasets,1.7290798476947251
luad,4,baseNN,first,justTargetDataset,169.13779588924942
luad,4,baseNN,second,allDatasets,2.05524532769316
luad,4,baseNN,second,justTargetDataset,180.19777129798808
ov,4,baseNN,first,allDatasets,2.1532068252563477
ov,4,baseNN,first,justTargetDataset,111.14679718017578
ov,4,baseNN,second,allDatasets,1.596704125404358
ov,4,baseNN,second,justTargetDataset,69.39682006835938
pdac,4,baseNN,first,allDatasets,2.026987075805664
pdac,4,baseNN,first,justTargetDataset,96.73878479003906
pdac,4,baseNN,second,allDatasets,2.8267159461975098
pdac,4,baseNN,second,justTargetDataset,116.77295684814453
all,4,baseNN,first,allDatasets,11.502742714164532
all,4,baseNN,first,justTargetDataset,10.804635798192658
all,4,baseNN,second,allDatasets,13.365846429916626
all,4,baseNN,second,justTargetDataset,12.280614514614385
brca,5,baseNN,first,allDatasets,2.612088203430176
brca,5,baseNN,first,justTargetDataset,59.682193756103516
brca,5,baseNN,second,allDatasets,2.1608450412750244
brca,5,baseNN,second,justTargetDataset,67.17691802978516
ccrcc,5,baseNN,first,allDatasets,4.293786036817333
ccrcc,5,baseNN,first,justTargetDataset,184.251247744017
ccrcc,5,baseNN,second,allDatasets,2.3988776145837245
ccrcc,5,baseNN,second,justTargetDataset,167.30224981063452
coad,5,baseNN,first,allDatasets,2.5100581645965576
coad,5,baseNN,first,justTargetDataset,104.79644775390625
coad,5,baseNN,second,allDatasets,8.341510772705078
coad,5,baseNN,second,justTargetDataset,106.2724838256836
gbm,5,baseNN,first,allDatasets,1.6192632913589478
gbm,5,baseNN,first,justTargetDataset,120.42082977294922
gbm,5,baseNN,second,allDatasets,1.7839828729629517
gbm,5,baseNN,second,justTargetDataset,130.20114135742188
hnscc,5,baseNN,first,allDatasets,1.842929154202558
hnscc,5,baseNN,first,justTargetDataset,214.87389031009397
hnscc,5,baseNN,second,allDatasets,1.6215433867081352
hnscc,5,baseNN,second,justTargetDataset,191.80424587968466
lscc,5,baseNN,first,allDatasets,1.9070771028707316
lscc,5,baseNN,first,justTargetDataset,258.5202371785929
lscc,5,baseNN,second,allDatasets,1.9148896429273816
lscc,5,baseNN,second,justTargetDataset,284.16798027886284
luad,5,baseNN,first,allDatasets,1.8712362294555993
luad,5,baseNN,first,justTargetDataset,197.56282125493533
luad,5,baseNN,second,allDatasets,1.7602207135128718
luad,5,baseNN,second,justTargetDataset,219.68785456175445
ov,5,baseNN,first,allDatasets,2.000847578048706
ov,5,baseNN,first,justTargetDataset,105.0694351196289
ov,5,baseNN,second,allDatasets,1.807292103767395
ov,5,baseNN,second,justTargetDataset,88.58518981933594
pdac,5,baseNN,first,allDatasets,2.436220407485962
pdac,5,baseNN,first,justTargetDataset,113.1239013671875
pdac,5,baseNN,second,allDatasets,1.9537259340286255
pdac,5,baseNN,second,justTargetDataset,108.67809295654297
all,5,baseNN,first,allDatasets,11.966993877951023
all,5,baseNN,first,justTargetDataset,12.460605261811112
all,5,baseNN,second,allDatasets,15.653707980259641
all,5,baseNN,second,justTargetDataset,14.446503819416339
brca,6,baseNN,first,allDatasets,2.504040479660034
brca,6,baseNN,first,justTargetDataset,76.61312866210938
brca,6,baseNN,second,allDatasets,2.76704478263855
brca,6,baseNN,second,justTargetDataset,59.13694381713867
ccrcc,6,baseNN,first,allDatasets,2.725698030447658
ccrcc,6,baseNN,first,justTargetDataset,177.26035415069967
ccrcc,6,baseNN,second,allDatasets,2.574594332621648
ccrcc,6,baseNN,second,justTargetDataset,193.36412869966946
coad,6,baseNN,first,allDatasets,5.601933002471924
coad,6,baseNN,first,justTargetDataset,109.8401870727539
coad,6,baseNN,second,allDatasets,1.831846833229065
coad,6,baseNN,second,justTargetDataset,108.5816421508789
gbm,6,baseNN,first,allDatasets,1.589066505432129
gbm,6,baseNN,first,justTargetDataset,120.60346984863281
gbm,6,baseNN,second,allDatasets,1.8262747526168823
gbm,6,baseNN,second,justTargetDataset,141.52674865722656
hnscc,6,baseNN,first,allDatasets,1.5485361883605735
hnscc,6,baseNN,first,justTargetDataset,191.4050262008888
hnscc,6,baseNN,second,allDatasets,3.053938805193141
hnscc,6,baseNN,second,justTargetDataset,208.46927277938178
lscc,6,baseNN,first,allDatasets,1.9569566328446943
lscc,6,baseNN,first,justTargetDataset,286.9446364182692
lscc,6,baseNN,second,allDatasets,1.83104411760966
lscc,6,baseNN,second,justTargetDataset,324.03983086480036
luad,6,baseNN,first,allDatasets,1.676075727708878
luad,6,baseNN,first,justTargetDataset,249.47773135605678
luad,6,baseNN,second,allDatasets,1.6161108773241761
luad,6,baseNN,second,justTargetDataset,230.50132751464844
ov,6,baseNN,first,allDatasets,1.8425520658493042
ov,6,baseNN,first,justTargetDataset,94.8796615600586
ov,6,baseNN,second,allDatasets,1.7799582481384277
ov,6,baseNN,second,justTargetDataset,97.16617584228516
pdac,6,baseNN,first,allDatasets,3.3083107471466064
pdac,6,baseNN,first,justTargetDataset,116.20663452148438
pdac,6,baseNN,second,allDatasets,2.2297184467315674
pdac,6,baseNN,second,justTargetDataset,111.00093078613281
all,6,baseNN,first,allDatasets,13.340121728340081
all,6,baseNN,first,justTargetDataset,13.434096489965388
all,6,baseNN,second,allDatasets,11.518560854083926
all,6,baseNN,second,justTargetDataset,11.57143083528189
brca,7,baseNN,first,allDatasets,1.8093453645706177
brca,7,baseNN,first,justTargetDataset,67.25748443603516
brca,7,baseNN,second,allDatasets,2.2013590335845947
brca,7,baseNN,second,justTargetDataset,85.80742645263672
ccrcc,7,baseNN,first,allDatasets,2.36929861805107
ccrcc,7,baseNN,first,justTargetDataset,172.59615779828422
ccrcc,7,baseNN,second,allDatasets,3.039559529377864
ccrcc,7,baseNN,second,justTargetDataset,146.3449464455629
coad,7,baseNN,first,allDatasets,2.8039660453796387
coad,7,baseNN,first,justTargetDataset,115.77919006347656
coad,7,baseNN,second,allDatasets,5.622086524963379
coad,7,baseNN,second,justTargetDataset,95.49990844726562
gbm,7,baseNN,first,allDatasets,1.5462192296981812
gbm,7,baseNN,first,justTargetDataset,118.10636901855469
gbm,7,baseNN,second,allDatasets,1.6680701971054077
gbm,7,baseNN,second,justTargetDataset,135.64059448242188
hnscc,7,baseNN,first,allDatasets,1.5361364803452422
hnscc,7,baseNN,first,justTargetDataset,292.15834576150644
hnscc,7,baseNN,second,allDatasets,1.8894236295119575
hnscc,7,baseNN,second,justTargetDataset,278.7715606689453
lscc,7,baseNN,first,allDatasets,1.7397265840362717
lscc,7,baseNN,first,justTargetDataset,253.2297121823489
lscc,7,baseNN,second,allDatasets,2.0731565952301025
lscc,7,baseNN,second,justTargetDataset,327.256783718533
luad,7,baseNN,first,allDatasets,1.6725714655332669
luad,7,baseNN,first,justTargetDataset,210.20497016496554
luad,7,baseNN,second,allDatasets,1.7000852605347991
luad,7,baseNN,second,justTargetDataset,185.01754645891086
ov,7,baseNN,first,allDatasets,1.6638293266296387
ov,7,baseNN,first,justTargetDataset,90.6832046508789
ov,7,baseNN,second,allDatasets,2.044556140899658
ov,7,baseNN,second,justTargetDataset,109.50965881347656
pdac,7,baseNN,first,allDatasets,3.0966968536376953
pdac,7,baseNN,first,justTargetDataset,100.93336486816406
pdac,7,baseNN,second,allDatasets,1.8131979703903198
pdac,7,baseNN,second,justTargetDataset,98.17609405517578
all,7,baseNN,first,allDatasets,12.944649600138707
all,7,baseNN,first,justTargetDataset,12.863518380696794
all,7,baseNN,second,allDatasets,14.395866874280035
all,7,baseNN,second,justTargetDataset,13.168263327416676
brca,8,baseNN,first,allDatasets,1.451727271080017
brca,8,baseNN,first,justTargetDataset,55.72711944580078
brca,8,baseNN,second,allDatasets,2.778364419937134
brca,8,baseNN,second,justTargetDataset,84.08618927001953
ccrcc,8,baseNN,first,allDatasets,2.625817688205574
ccrcc,8,baseNN,first,justTargetDataset,147.1081050438217
ccrcc,8,baseNN,second,allDatasets,2.262145317517794
ccrcc,8,baseNN,second,justTargetDataset,165.21893506172376
coad,8,baseNN,first,allDatasets,5.550477981567383
coad,8,baseNN,first,justTargetDataset,133.38009643554688
coad,8,baseNN,second,allDatasets,4.549790382385254
coad,8,baseNN,second,justTargetDataset,90.46175384521484
gbm,8,baseNN,first,allDatasets,1.6831305027008057
gbm,8,baseNN,first,justTargetDataset,129.80581665039062
gbm,8,baseNN,second,allDatasets,1.558976650238037
gbm,8,baseNN,second,justTargetDataset,114.14215087890625
hnscc,8,baseNN,first,allDatasets,1.7082935537117114
hnscc,8,baseNN,first,justTargetDataset,218.17971005647078
hnscc,8,baseNN,second,allDatasets,1.7214504791342693
hnscc,8,baseNN,second,justTargetDataset,188.92538474262625
lscc,8,baseNN,first,allDatasets,1.6628100190843855
lscc,8,baseNN,first,justTargetDataset,270.37441194974457
lscc,8,baseNN,second,allDatasets,1.9442970752716064
lscc,8,baseNN,second,justTargetDataset,335.12616441514757
luad,8,baseNN,first,allDatasets,1.6531745887571765
luad,8,baseNN,first,justTargetDataset,171.32465272308679
luad,8,baseNN,second,allDatasets,2.0493976095671296
luad,8,baseNN,second,justTargetDataset,217.3033250378024
ov,8,baseNN,first,allDatasets,1.954705834388733
ov,8,baseNN,first,justTargetDataset,113.40351867675781
ov,8,baseNN,second,allDatasets,2.7068746089935303
ov,8,baseNN,second,justTargetDataset,91.61016082763672
pdac,8,baseNN,first,allDatasets,2.037264347076416
pdac,8,baseNN,first,justTargetDataset,107.2953109741211
pdac,8,baseNN,second,allDatasets,2.1245925426483154
pdac,8,baseNN,second,justTargetDataset,103.4941635131836
all,8,baseNN,first,allDatasets,11.180656917538263
all,8,baseNN,first,justTargetDataset,12.20880318363156
all,8,baseNN,second,allDatasets,12.992039245292677
all,8,baseNN,second,justTargetDataset,13.319181838350074
brca,9,baseNN,first,allDatasets,1.8450961112976074
brca,9,baseNN,first,justTargetDataset,69.72272491455078
brca,9,baseNN,second,allDatasets,2.046504259109497
brca,9,baseNN,second,justTargetDataset,77.9566650390625
ccrcc,9,baseNN,first,allDatasets,2.234311770789231
ccrcc,9,baseNN,first,justTargetDataset,136.4355428188662
ccrcc,9,baseNN,second,allDatasets,2.54813429636833
ccrcc,9,baseNN,second,justTargetDataset,149.4254185603215
coad,9,baseNN,first,allDatasets,2.1088666915893555
coad,9,baseNN,first,justTargetDataset,92.30326843261719
coad,9,baseNN,second,allDatasets,3.1783342361450195
coad,9,baseNN,second,justTargetDataset,128.82000732421875
gbm,9,baseNN,first,allDatasets,1.6660377979278564
gbm,9,baseNN,first,justTargetDataset,129.951416015625
gbm,9,baseNN,second,allDatasets,1.7107099294662476
gbm,9,baseNN,second,justTargetDataset,130.87811279296875
hnscc,9,baseNN,first,allDatasets,1.7821287936058596
hnscc,9,baseNN,first,justTargetDataset,201.7809001535609
hnscc,9,baseNN,second,allDatasets,1.654453310413637
hnscc,9,baseNN,second,justTargetDataset,208.66827171436253
lscc,9,baseNN,first,allDatasets,1.6259060102504688
lscc,9,baseNN,first,justTargetDataset,329.4488106193123
lscc,9,baseNN,second,allDatasets,2.153704783651564
lscc,9,baseNN,second,justTargetDataset,314.89242011176214
luad,9,baseNN,first,allDatasets,1.7707860751818585
luad,9,baseNN,first,justTargetDataset,230.01406761907762
luad,9,baseNN,second,allDatasets,1.7501985539672196
luad,9,baseNN,second,justTargetDataset,255.348147156418
ov,9,baseNN,first,allDatasets,1.7949275970458984
ov,9,baseNN,first,justTargetDataset,97.6807861328125
ov,9,baseNN,second,allDatasets,1.8673146963119507
ov,9,baseNN,second,justTargetDataset,93.33943939208984
pdac,9,baseNN,first,allDatasets,2.05474591255188
pdac,9,baseNN,first,justTargetDataset,95.2756118774414
pdac,9,baseNN,second,allDatasets,3.2127528190612793
pdac,9,baseNN,second,justTargetDataset,132.2580108642578
all,9,baseNN,first,allDatasets,11.209649921518512
all,9,baseNN,first,justTargetDataset,11.946693141059537
all,9,baseNN,second,allDatasets,13.748414884489064
all,9,baseNN,second,justTargetDataset,13.228449272386955
brca,10,baseNN,first,allDatasets,1.8565480709075928
brca,10,baseNN,first,justTargetDataset,67.69320678710938
brca,10,baseNN,second,allDatasets,2.212986946105957
brca,10,baseNN,second,justTargetDataset,80.69937133789062
ccrcc,10,baseNN,first,allDatasets,3.1216449858267095
ccrcc,10,baseNN,first,justTargetDataset,174.28269031379796
ccrcc,10,baseNN,second,allDatasets,2.45881899809226
ccrcc,10,baseNN,second,justTargetDataset,159.2229285606971
coad,10,baseNN,first,allDatasets,2.22383713722229
coad,10,baseNN,first,justTargetDataset,111.19692993164062
coad,10,baseNN,second,allDatasets,5.146193504333496
coad,10,baseNN,second,justTargetDataset,107.56732940673828
gbm,10,baseNN,first,allDatasets,2.012404203414917
gbm,10,baseNN,first,justTargetDataset,136.76919555664062
gbm,10,baseNN,second,allDatasets,1.5118616819381714
gbm,10,baseNN,second,justTargetDataset,115.93529510498047
hnscc,10,baseNN,first,allDatasets,2.1237669647603794
hnscc,10,baseNN,first,justTargetDataset,286.9237233037534
hnscc,10,baseNN,second,allDatasets,1.500851957694344
hnscc,10,baseNN,second,justTargetDataset,194.5054712710173
lscc,10,baseNN,first,allDatasets,1.5795257052222451
lscc,10,baseNN,first,justTargetDataset,257.9264133998326
lscc,10,baseNN,second,allDatasets,2.2699098269144695
lscc,10,baseNN,second,justTargetDataset,254.92201470269097
luad,10,baseNN,first,allDatasets,1.8512814121861612
luad,10,baseNN,first,justTargetDataset,215.74822965232275
luad,10,baseNN,second,allDatasets,1.4869736766302457
luad,10,baseNN,second,justTargetDataset,179.39901109921036
ov,10,baseNN,first,allDatasets,2.0578699111938477
ov,10,baseNN,first,justTargetDataset,112.84754180908203
ov,10,baseNN,second,allDatasets,1.7042896747589111
ov,10,baseNN,second,justTargetDataset,91.66746520996094
pdac,10,baseNN,first,allDatasets,5.844628810882568
pdac,10,baseNN,first,justTargetDataset,127.23150634765625
pdac,10,baseNN,second,allDatasets,2.0533013343811035
pdac,10,baseNN,second,justTargetDataset,95.98292541503906
all,10,baseNN,first,allDatasets,14.788648926051318
all,10,baseNN,first,justTargetDataset,16.09121552695215
all,10,baseNN,second,allDatasets,11.588585124296301
all,10,baseNN,second,justTargetDataset,11.987409060439111
brca,11,baseNN,first,allDatasets,1.977394461631775
brca,11,baseNN,first,justTargetDataset,70.51692962646484
brca,11,baseNN,second,allDatasets,1.7825372219085693
brca,11,baseNN,second,justTargetDataset,69.83010864257812
ccrcc,11,baseNN,first,allDatasets,2.7639535318447064
ccrcc,11,baseNN,first,justTargetDataset,283.67105739931515
ccrcc,11,baseNN,second,allDatasets,2.549118873400566
ccrcc,11,baseNN,second,justTargetDataset,178.8473616379958
coad,11,baseNN,first,allDatasets,2.797883987426758
coad,11,baseNN,first,justTargetDataset,108.41087341308594
coad,11,baseNN,second,allDatasets,2.394211769104004
coad,11,baseNN,second,justTargetDataset,120.8934097290039
gbm,11,baseNN,first,allDatasets,1.4642610549926758
gbm,11,baseNN,first,justTargetDataset,124.38750457763672
gbm,11,baseNN,second,allDatasets,1.85383141040802
gbm,11,baseNN,second,justTargetDataset,128.1527862548828
hnscc,11,baseNN,first,allDatasets,1.8532839166945305
hnscc,11,baseNN,first,justTargetDataset,238.67475935341656
hnscc,11,baseNN,second,allDatasets,1.727604223334271
hnscc,11,baseNN,second,justTargetDataset,243.38974043251812
lscc,11,baseNN,first,allDatasets,1.8410814568236633
lscc,11,baseNN,first,justTargetDataset,248.17917708512192
lscc,11,baseNN,second,allDatasets,2.3069730864630804
lscc,11,baseNN,second,justTargetDataset,244.47480061848958
luad,11,baseNN,first,allDatasets,2.1397100161480647
luad,11,baseNN,first,justTargetDataset,199.20958078035744
luad,11,baseNN,second,allDatasets,1.3224215699780373
luad,11,baseNN,second,justTargetDataset,237.3619191159484
ov,11,baseNN,first,allDatasets,1.8352590799331665
ov,11,baseNN,first,justTargetDataset,85.04248809814453
ov,11,baseNN,second,allDatasets,3.6513843536376953
ov,11,baseNN,second,justTargetDataset,105.7468032836914
pdac,11,baseNN,first,allDatasets,2.204935073852539
pdac,11,baseNN,first,justTargetDataset,120.22019958496094
pdac,11,baseNN,second,allDatasets,2.4304261207580566
pdac,11,baseNN,second,justTargetDataset,105.40277862548828
all,11,baseNN,first,allDatasets,13.359218907989233
all,11,baseNN,first,justTargetDataset,13.792972617022759
all,11,baseNN,second,allDatasets,12.855323842502532
all,11,baseNN,second,justTargetDataset,13.034241579433177
brca,12,baseNN,first,allDatasets,2.0472116470336914
brca,12,baseNN,first,justTargetDataset,80.79798889160156
brca,12,baseNN,second,allDatasets,1.7451878786087036
brca,12,baseNN,second,justTargetDataset,64.14527893066406
ccrcc,12,baseNN,first,allDatasets,2.9162118676342543
ccrcc,12,baseNN,first,justTargetDataset,293.22578951678696
ccrcc,12,baseNN,second,allDatasets,2.8398646941551795
ccrcc,12,baseNN,second,justTargetDataset,169.69591483091696
coad,12,baseNN,first,allDatasets,9.510954856872559
coad,12,baseNN,first,justTargetDataset,98.03789520263672
coad,12,baseNN,second,allDatasets,2.4122154712677
coad,12,baseNN,second,justTargetDataset,109.24378967285156
gbm,12,baseNN,first,allDatasets,1.3596889972686768
gbm,12,baseNN,first,justTargetDataset,100.67814636230469
gbm,12,baseNN,second,allDatasets,1.8273438215255737
gbm,12,baseNN,second,justTargetDataset,144.42697143554688
hnscc,12,baseNN,first,allDatasets,1.664855350618777
hnscc,12,baseNN,first,justTargetDataset,308.5342234735904
hnscc,12,baseNN,second,allDatasets,1.7609632723573325
hnscc,12,baseNN,second,justTargetDataset,297.69927160290706
lscc,12,baseNN,first,allDatasets,1.7287882828450465
lscc,12,baseNN,first,justTargetDataset,235.51266043526786
lscc,12,baseNN,second,allDatasets,2.056823025809394
lscc,12,baseNN,second,justTargetDataset,277.01276245117185
luad,12,baseNN,first,allDatasets,1.606362477425606
luad,12,baseNN,first,justTargetDataset,228.2070049983199
luad,12,baseNN,second,allDatasets,1.857196823243172
luad,12,baseNN,second,justTargetDataset,238.8640834029003
ov,12,baseNN,first,allDatasets,1.7921760082244873
ov,12,baseNN,first,justTargetDataset,89.81395721435547
ov,12,baseNN,second,allDatasets,1.8793071508407593
ov,12,baseNN,second,justTargetDataset,103.72047424316406
pdac,12,baseNN,first,allDatasets,4.313774108886719
pdac,12,baseNN,first,justTargetDataset,123.09740447998047
pdac,12,baseNN,second,allDatasets,1.8327460289001465
pdac,12,baseNN,second,justTargetDataset,109.83847045898438
all,12,baseNN,first,allDatasets,14.781700009371328
all,12,baseNN,first,justTargetDataset,13.95376146367166
all,12,baseNN,second,allDatasets,11.79143034583107
all,12,baseNN,second,justTargetDataset,11.92364888607712
brca,13,baseNN,first,allDatasets,2.113149404525757
brca,13,baseNN,first,justTargetDataset,71.09331512451172
brca,13,baseNN,second,allDatasets,1.9934909343719482
brca,13,baseNN,second,justTargetDataset,69.40666198730469
ccrcc,13,baseNN,first,allDatasets,3.149966022636317
ccrcc,13,baseNN,first,justTargetDataset,163.35406783864468
ccrcc,13,baseNN,second,allDatasets,2.9709677329430213
ccrcc,13,baseNN,second,justTargetDataset,165.85545231745795
coad,13,baseNN,first,allDatasets,4.303561210632324
coad,13,baseNN,first,justTargetDataset,102.3984603881836
coad,13,baseNN,second,allDatasets,7.344704627990723
coad,13,baseNN,second,justTargetDataset,146.76910400390625
gbm,13,baseNN,first,allDatasets,1.714137077331543
gbm,13,baseNN,first,justTargetDataset,150.8232421875
gbm,13,baseNN,second,allDatasets,1.6124787330627441
gbm,13,baseNN,second,justTargetDataset,110.92180633544922
hnscc,13,baseNN,first,allDatasets,1.6830962015234905
hnscc,13,baseNN,first,justTargetDataset,207.98511670983356
hnscc,13,baseNN,second,allDatasets,1.664158154225004
hnscc,13,baseNN,second,justTargetDataset,203.92829939247906
lscc,13,baseNN,first,allDatasets,1.6100418999954895
lscc,13,baseNN,first,justTargetDataset,206.6097938621437
lscc,13,baseNN,second,allDatasets,2.2151109483506946
lscc,13,baseNN,second,justTargetDataset,268.05166897243924
luad,13,baseNN,first,allDatasets,1.6393364065436906
luad,13,baseNN,first,justTargetDataset,261.97935813985845
luad,13,baseNN,second,allDatasets,1.6923167859354327
luad,13,baseNN,second,justTargetDataset,212.64412484117733
ov,13,baseNN,first,allDatasets,2.4585258960723877
ov,13,baseNN,first,justTargetDataset,91.01726531982422
ov,13,baseNN,second,allDatasets,1.9004967212677002
ov,13,baseNN,second,justTargetDataset,115.62431335449219
pdac,13,baseNN,first,allDatasets,2.0333871841430664
pdac,13,baseNN,first,justTargetDataset,112.20398712158203
pdac,13,baseNN,second,allDatasets,7.89901876449585
pdac,13,baseNN,second,justTargetDataset,94.79951477050781
all,13,baseNN,first,allDatasets,11.348824579525838
all,13,baseNN,first,justTargetDataset,10.753063849221288
all,13,baseNN,second,allDatasets,13.415028150493873
all,13,baseNN,second,justTargetDataset,13.491523283688142
brca,14,baseNN,first,allDatasets,2.375190496444702
brca,14,baseNN,first,justTargetDataset,63.34278106689453
brca,14,baseNN,second,allDatasets,1.9642574787139893
brca,14,baseNN,second,justTargetDataset,72.27033233642578
ccrcc,14,baseNN,first,allDatasets,2.883671042285388
ccrcc,14,baseNN,first,justTargetDataset,206.8447953236254
ccrcc,14,baseNN,second,allDatasets,2.1961684777186465
ccrcc,14,baseNN,second,justTargetDataset,173.66998251890524
coad,14,baseNN,first,allDatasets,1.9083893299102783
coad,14,baseNN,first,justTargetDataset,123.91156768798828
coad,14,baseNN,second,allDatasets,10.973649024963379
coad,14,baseNN,second,justTargetDataset,126.48509979248047
gbm,14,baseNN,first,allDatasets,1.7947924137115479
gbm,14,baseNN,first,justTargetDataset,134.99066162109375
gbm,14,baseNN,second,allDatasets,1.6518710851669312
gbm,14,baseNN,second,justTargetDataset,124.5336685180664
hnscc,14,baseNN,first,allDatasets,1.8662568486255149
hnscc,14,baseNN,first,justTargetDataset,198.4979847341344
hnscc,14,baseNN,second,allDatasets,1.673586180244667
hnscc,14,baseNN,second,justTargetDataset,164.98004526331806
lscc,14,baseNN,first,allDatasets,2.2810051703191068
lscc,14,baseNN,first,justTargetDataset,281.4795136504121
lscc,14,baseNN,second,allDatasets,1.6127804067399767
lscc,14,baseNN,second,justTargetDataset,310.52400851779515
luad,14,baseNN,first,allDatasets,1.7025231866426365
luad,14,baseNN,first,justTargetDataset,220.17911111154865
luad,14,baseNN,second,allDatasets,1.7357837269383092
luad,14,baseNN,second,justTargetDataset,188.99197994765416
ov,14,baseNN,first,allDatasets,4.977301597595215
ov,14,baseNN,first,justTargetDataset,121.54949951171875
ov,14,baseNN,second,allDatasets,1.5636874437332153
ov,14,baseNN,second,justTargetDataset,91.45732879638672
pdac,14,baseNN,first,allDatasets,1.8732898235321045
pdac,14,baseNN,first,justTargetDataset,109.66583251953125
pdac,14,baseNN,second,allDatasets,2.1074697971343994
pdac,14,baseNN,second,justTargetDataset,111.99958038330078
all,14,baseNN,first,allDatasets,14.483249012769852
all,14,baseNN,first,justTargetDataset,13.016167388342122
all,14,baseNN,second,allDatasets,12.982110592983199
all,14,baseNN,second,justTargetDataset,12.361282218586314
brca,15,baseNN,first,allDatasets,1.5553117990493774
brca,15,baseNN,first,justTargetDataset,60.23424530029297
brca,15,baseNN,second,allDatasets,2.5020387172698975
brca,15,baseNN,second,justTargetDataset,80.32427215576172
ccrcc,15,baseNN,first,allDatasets,2.3219825135001653
ccrcc,15,baseNN,first,justTargetDataset,241.2317616909365
ccrcc,15,baseNN,second,allDatasets,2.9357265386825953
ccrcc,15,baseNN,second,justTargetDataset,241.865725003756
coad,15,baseNN,first,allDatasets,6.510482311248779
coad,15,baseNN,first,justTargetDataset,93.81371307373047
coad,15,baseNN,second,allDatasets,3.921823024749756
coad,15,baseNN,second,justTargetDataset,144.1529998779297
gbm,15,baseNN,first,allDatasets,1.622292160987854
gbm,15,baseNN,first,justTargetDataset,117.443359375
gbm,15,baseNN,second,allDatasets,1.690930724143982
gbm,15,baseNN,second,justTargetDataset,131.704345703125
hnscc,15,baseNN,first,allDatasets,1.8004019346790037
hnscc,15,baseNN,first,justTargetDataset,377.3324916673743
hnscc,15,baseNN,second,allDatasets,3.6528270572855854
hnscc,15,baseNN,second,justTargetDataset,178.73639601555425
lscc,15,baseNN,first,allDatasets,1.6611341788218572
lscc,15,baseNN,first,justTargetDataset,245.02205666342934
lscc,15,baseNN,second,allDatasets,2.175943242179023
lscc,15,baseNN,second,justTargetDataset,389.961080593533
luad,15,baseNN,first,allDatasets,1.5646792406676917
luad,15,baseNN,first,justTargetDataset,209.18561414493027
luad,15,baseNN,second,allDatasets,1.7175513736663326
luad,15,baseNN,second,justTargetDataset,150.1451186313424
ov,15,baseNN,first,allDatasets,1.7067264318466187
ov,15,baseNN,first,justTargetDataset,85.1257095336914
ov,15,baseNN,second,allDatasets,2.0999181270599365
ov,15,baseNN,second,justTargetDataset,94.9924545288086
pdac,15,baseNN,first,allDatasets,3.277348041534424
pdac,15,baseNN,first,justTargetDataset,107.45342254638672
pdac,15,baseNN,second,allDatasets,3.293471574783325
pdac,15,baseNN,second,justTargetDataset,117.31120300292969
all,15,baseNN,first,allDatasets,12.83571779200461
all,15,baseNN,first,justTargetDataset,13.66533558263188
all,15,baseNN,second,allDatasets,12.156498332712102
all,15,baseNN,second,justTargetDataset,12.737064529867734
brca,16,baseNN,first,allDatasets,2.25034761428833
brca,16,baseNN,first,justTargetDataset,82.20992279052734
brca,16,baseNN,second,allDatasets,1.8293837308883667
brca,16,baseNN,second,justTargetDataset,66.57325744628906
ccrcc,16,baseNN,first,allDatasets,2.6268712448168405
ccrcc,16,baseNN,first,justTargetDataset,158.8126435098769
ccrcc,16,baseNN,second,allDatasets,3.190122249798897
ccrcc,16,baseNN,second,justTargetDataset,159.87741440993088
coad,16,baseNN,first,allDatasets,3.2307167053222656
coad,16,baseNN,first,justTargetDataset,101.54127502441406
coad,16,baseNN,second,allDatasets,1.646066665649414
coad,16,baseNN,second,justTargetDataset,125.70680236816406
gbm,16,baseNN,first,allDatasets,1.7264978885650635
gbm,16,baseNN,first,justTargetDataset,132.84742736816406
gbm,16,baseNN,second,allDatasets,1.497035026550293
gbm,16,baseNN,second,justTargetDataset,110.20387268066406
hnscc,16,baseNN,first,allDatasets,1.6994910274726758
hnscc,16,baseNN,first,justTargetDataset,201.5006627621858
hnscc,16,baseNN,second,allDatasets,1.7920606447302776
hnscc,16,baseNN,second,justTargetDataset,308.8837815436764
lscc,16,baseNN,first,allDatasets,1.723887223463792
lscc,16,baseNN,first,justTargetDataset,313.0408154162732
lscc,16,baseNN,second,allDatasets,2.0599087609185114
lscc,16,baseNN,second,justTargetDataset,265.6758714463976
luad,16,baseNN,first,allDatasets,1.4404905919105775
luad,16,baseNN,first,justTargetDataset,189.80208349740633
luad,16,baseNN,second,allDatasets,2.255529128095155
luad,16,baseNN,second,justTargetDataset,195.17478450652092
ov,16,baseNN,first,allDatasets,2.389380693435669
ov,16,baseNN,first,justTargetDataset,85.7892074584961
ov,16,baseNN,second,allDatasets,3.584494113922119
ov,16,baseNN,second,justTargetDataset,120.07193756103516
pdac,16,baseNN,first,allDatasets,1.6906994581222534
pdac,16,baseNN,first,justTargetDataset,86.13838195800781
pdac,16,baseNN,second,allDatasets,2.419584274291992
pdac,16,baseNN,second,justTargetDataset,116.80191802978516
all,16,baseNN,first,allDatasets,10.838446058425228
all,16,baseNN,first,justTargetDataset,10.921192957447694
all,16,baseNN,second,allDatasets,13.513928262095188
all,16,baseNN,second,justTargetDataset,14.74046407621387
brca,17,baseNN,first,allDatasets,1.9921526908874512
brca,17,baseNN,first,justTargetDataset,66.08824920654297
brca,17,baseNN,second,allDatasets,1.896036148071289
brca,17,baseNN,second,justTargetDataset,74.89990997314453
ccrcc,17,baseNN,first,allDatasets,4.392877980123592
ccrcc,17,baseNN,first,justTargetDataset,140.27626018282734
ccrcc,17,baseNN,second,allDatasets,2.566047735703297
ccrcc,17,baseNN,second,justTargetDataset,215.10255706004608
coad,17,baseNN,first,allDatasets,4.168637275695801
coad,17,baseNN,first,justTargetDataset,104.90274047851562
coad,17,baseNN,second,allDatasets,2.9135656356811523
coad,17,baseNN,second,justTargetDataset,117.2631607055664
gbm,17,baseNN,first,allDatasets,1.7110424041748047
gbm,17,baseNN,first,justTargetDataset,126.7588882446289
gbm,17,baseNN,second,allDatasets,1.5573172569274902
gbm,17,baseNN,second,justTargetDataset,117.21607208251953
hnscc,17,baseNN,first,allDatasets,1.7141289918319038
hnscc,17,baseNN,first,justTargetDataset,214.1990966796875
hnscc,17,baseNN,second,allDatasets,1.7077262487964353
hnscc,17,baseNN,second,justTargetDataset,238.86100702700406
lscc,17,baseNN,first,allDatasets,1.9639906398542635
lscc,17,baseNN,first,justTargetDataset,283.10255281217803
lscc,17,baseNN,second,allDatasets,1.9157539712058174
lscc,17,baseNN,second,justTargetDataset,328.36349622938366
luad,17,baseNN,first,allDatasets,1.9818102082898539
luad,17,baseNN,first,justTargetDataset,185.92360252462407
luad,17,baseNN,second,allDatasets,1.531933339693213
luad,17,baseNN,second,justTargetDataset,171.0086940642326
ov,17,baseNN,first,allDatasets,2.206670045852661
ov,17,baseNN,first,justTargetDataset,99.6884765625
ov,17,baseNN,second,allDatasets,1.5036373138427734
ov,17,baseNN,second,justTargetDataset,78.34430694580078
pdac,17,baseNN,first,allDatasets,4.701796531677246
pdac,17,baseNN,first,justTargetDataset,112.35160064697266
pdac,17,baseNN,second,allDatasets,4.633803367614746
pdac,17,baseNN,second,justTargetDataset,95.2436294555664
all,17,baseNN,first,allDatasets,12.23843033883424
all,17,baseNN,first,justTargetDataset,12.808638051125856
all,17,baseNN,second,allDatasets,11.669887620922504
all,17,baseNN,second,justTargetDataset,10.827561490675983
brca,18,baseNN,first,allDatasets,1.8120012283325195
brca,18,baseNN,first,justTargetDataset,65.27510070800781
brca,18,baseNN,second,allDatasets,1.9429035186767578
brca,18,baseNN,second,justTargetDataset,70.1514663696289
ccrcc,18,baseNN,first,allDatasets,2.7417768375783025
ccrcc,18,baseNN,first,justTargetDataset,188.30064623868918
ccrcc,18,baseNN,second,allDatasets,2.7500599897824802
ccrcc,18,baseNN,second,justTargetDataset,408.0631119165665
coad,18,baseNN,first,allDatasets,4.7028889656066895
coad,18,baseNN,first,justTargetDataset,119.43262481689453
coad,18,baseNN,second,allDatasets,4.26117467880249
coad,18,baseNN,second,justTargetDataset,107.66690063476562
gbm,18,baseNN,first,allDatasets,1.5444401502609253
gbm,18,baseNN,first,justTargetDataset,122.61561584472656
gbm,18,baseNN,second,allDatasets,1.7495845556259155
gbm,18,baseNN,second,justTargetDataset,131.3006591796875
hnscc,18,baseNN,first,allDatasets,1.6969330328098242
hnscc,18,baseNN,first,justTargetDataset,184.56487727510756
hnscc,18,baseNN,second,allDatasets,1.6437719438387
hnscc,18,baseNN,second,justTargetDataset,241.2814185101053
lscc,18,baseNN,first,allDatasets,1.51619385100983
lscc,18,baseNN,first,justTargetDataset,315.0594542786315
lscc,18,baseNN,second,allDatasets,2.439160866207547
lscc,18,baseNN,second,justTargetDataset,405.9006218804253
luad,18,baseNN,first,allDatasets,2.1480597578069216
luad,18,baseNN,first,justTargetDataset,269.8773446031796
luad,18,baseNN,second,allDatasets,1.3335862095637987
luad,18,baseNN,second,justTargetDataset,149.60922011508737
ov,18,baseNN,first,allDatasets,1.7367234230041504
ov,18,baseNN,first,justTargetDataset,87.93677520751953
ov,18,baseNN,second,allDatasets,4.422359943389893
ov,18,baseNN,second,justTargetDataset,106.06127166748047
pdac,18,baseNN,first,allDatasets,1.8916651010513306
pdac,18,baseNN,first,justTargetDataset,101.00779724121094
pdac,18,baseNN,second,allDatasets,3.1291165351867676
pdac,18,baseNN,second,justTargetDataset,100.53392028808594
all,18,baseNN,first,allDatasets,15.557397217877144
all,18,baseNN,first,justTargetDataset,16.361114223446467
all,18,baseNN,second,allDatasets,10.38819343138506
all,18,baseNN,second,justTargetDataset,9.867230437443643
brca,19,baseNN,first,allDatasets,2.4336063861846924
brca,19,baseNN,first,justTargetDataset,75.24324035644531
brca,19,baseNN,second,allDatasets,1.772642970085144
brca,19,baseNN,second,justTargetDataset,68.14079284667969
ccrcc,19,baseNN,first,allDatasets,3.3743542779850055
ccrcc,19,baseNN,first,justTargetDataset,171.30044362514835
ccrcc,19,baseNN,second,allDatasets,2.253258087696173
ccrcc,19,baseNN,second,justTargetDataset,190.03212053347858
coad,19,baseNN,first,allDatasets,6.265440940856934
coad,19,baseNN,first,justTargetDataset,145.8106231689453
coad,19,baseNN,second,allDatasets,1.7178914546966553
coad,19,baseNN,second,justTargetDataset,101.22715759277344
gbm,19,baseNN,first,allDatasets,1.8617472648620605
gbm,19,baseNN,first,justTargetDataset,137.22515869140625
gbm,19,baseNN,second,allDatasets,1.4249894618988037
gbm,19,baseNN,second,justTargetDataset,112.81098937988281
hnscc,19,baseNN,first,allDatasets,4.450527370839879
hnscc,19,baseNN,first,justTargetDataset,190.39878668301347
hnscc,19,baseNN,second,allDatasets,1.7256648920584416
hnscc,19,baseNN,second,justTargetDataset,179.08962990581125
lscc,19,baseNN,first,allDatasets,2.1221722259626286
lscc,19,baseNN,first,justTargetDataset,304.14678351433724
lscc,19,baseNN,second,allDatasets,1.8032263437906901
lscc,19,baseNN,second,justTargetDataset,306.446438937717
luad,19,baseNN,first,allDatasets,1.438836496363404
luad,19,baseNN,first,justTargetDataset,146.96096818165114
luad,19,baseNN,second,allDatasets,1.9193774936019734
luad,19,baseNN,second,justTargetDataset,206.16463659142934
ov,19,baseNN,first,allDatasets,1.9746052026748657
ov,19,baseNN,first,justTargetDataset,105.00688171386719
ov,19,baseNN,second,allDatasets,1.7164005041122437
ov,19,baseNN,second,justTargetDataset,84.2228775024414
pdac,19,baseNN,first,allDatasets,2.4369332790374756
pdac,19,baseNN,first,justTargetDataset,96.10150909423828
pdac,19,baseNN,second,allDatasets,2.9374449253082275
pdac,19,baseNN,second,justTargetDataset,104.66936492919922
all,19,baseNN,first,allDatasets,14.985209581493276
all,19,baseNN,first,justTargetDataset,13.650841586357725
all,19,baseNN,second,allDatasets,11.939297144000756
all,19,baseNN,second,justTargetDataset,11.217901343755331
brca,20,baseNN,first,allDatasets,1.9736930131912231
brca,20,baseNN,first,justTargetDataset,77.86468505859375
brca,20,baseNN,second,allDatasets,1.9177230596542358
brca,20,baseNN,second,justTargetDataset,67.66961669921875
ccrcc,20,baseNN,first,allDatasets,2.5950723539424847
ccrcc,20,baseNN,first,justTargetDataset,153.93643014642257
ccrcc,20,baseNN,second,allDatasets,2.3729779781439366
ccrcc,20,baseNN,second,justTargetDataset,259.1845429249299
coad,20,baseNN,first,allDatasets,3.5945916175842285
coad,20,baseNN,first,justTargetDataset,127.18624877929688
coad,20,baseNN,second,allDatasets,3.1013612747192383
coad,20,baseNN,second,justTargetDataset,105.28656768798828
gbm,20,baseNN,first,allDatasets,1.7162538766860962
gbm,20,baseNN,first,justTargetDataset,128.76222229003906
gbm,20,baseNN,second,allDatasets,1.5722817182540894
gbm,20,baseNN,second,justTargetDataset,121.63590240478516
hnscc,20,baseNN,first,allDatasets,1.6674989323685134
hnscc,20,baseNN,first,justTargetDataset,219.52164846226788
hnscc,20,baseNN,second,allDatasets,1.6513111263081648
hnscc,20,baseNN,second,justTargetDataset,319.21396802819294
lscc,20,baseNN,first,allDatasets,2.274590083530971
lscc,20,baseNN,first,justTargetDataset,268.4383771288526
lscc,20,baseNN,second,allDatasets,1.5921624448564318
lscc,20,baseNN,second,justTargetDataset,279.5059624565972
luad,20,baseNN,first,allDatasets,2.7671461823166057
luad,20,baseNN,first,justTargetDataset,197.0596457860803
luad,20,baseNN,second,allDatasets,1.436049884365451
luad,20,baseNN,second,justTargetDataset,264.6632555889827
ov,20,baseNN,first,allDatasets,1.7134926319122314
ov,20,baseNN,first,justTargetDataset,103.55426788330078
ov,20,baseNN,second,allDatasets,2.089656114578247
ov,20,baseNN,second,justTargetDataset,114.1552963256836
pdac,20,baseNN,first,allDatasets,4.351257801055908
pdac,20,baseNN,first,justTargetDataset,119.85746765136719
pdac,20,baseNN,second,allDatasets,1.6899710893630981
pdac,20,baseNN,second,justTargetDataset,96.10231018066406
all,20,baseNN,first,allDatasets,14.164033680468535
all,20,baseNN,first,justTargetDataset,14.031792944511482
all,20,baseNN,second,allDatasets,11.006925491088214
all,20,baseNN,second,justTargetDataset,11.557895133414583
brca,21,baseNN,first,allDatasets,1.8195672035217285
brca,21,baseNN,first,justTargetDataset,66.18072509765625
brca,21,baseNN,second,allDatasets,2.586313486099243
brca,21,baseNN,second,justTargetDataset,70.45414733886719
ccrcc,21,baseNN,first,allDatasets,3.0203819154184077
ccrcc,21,baseNN,first,justTargetDataset,143.3076954129376
ccrcc,21,baseNN,second,allDatasets,2.588521822904929
ccrcc,21,baseNN,second,justTargetDataset,198.3257794502454
coad,21,baseNN,first,allDatasets,6.3917741775512695
coad,21,baseNN,first,justTargetDataset,93.2735824584961
coad,21,baseNN,second,allDatasets,2.7444093227386475
coad,21,baseNN,second,justTargetDataset,132.54791259765625
gbm,21,baseNN,first,allDatasets,1.6396453380584717
gbm,21,baseNN,first,justTargetDataset,138.99398803710938
gbm,21,baseNN,second,allDatasets,1.6106523275375366
gbm,21,baseNN,second,justTargetDataset,121.103759765625
hnscc,21,baseNN,first,allDatasets,1.7277681879375293
hnscc,21,baseNN,first,justTargetDataset,294.6594702679178
hnscc,21,baseNN,second,allDatasets,1.7093972313231316
hnscc,21,baseNN,second,justTargetDataset,196.60095612899116
lscc,21,baseNN,first,allDatasets,2.269053558726887
lscc,21,baseNN,first,justTargetDataset,296.8409940279447
lscc,21,baseNN,second,allDatasets,1.932847679985894
lscc,21,baseNN,second,justTargetDataset,363.9125257703993
luad,21,baseNN,first,allDatasets,1.7139485189991612
luad,21,baseNN,first,justTargetDataset,188.72759501139322
luad,21,baseNN,second,allDatasets,1.87964258527243
luad,21,baseNN,second,justTargetDataset,181.3050801266906
ov,21,baseNN,first,allDatasets,1.5281645059585571
ov,21,baseNN,first,justTargetDataset,81.65101623535156
ov,21,baseNN,second,allDatasets,3.389770030975342
ov,21,baseNN,second,justTargetDataset,107.71795654296875
pdac,21,baseNN,first,allDatasets,2.3781516551971436
pdac,21,baseNN,first,justTargetDataset,105.44896697998047
pdac,21,baseNN,second,allDatasets,4.31668758392334
pdac,21,baseNN,second,justTargetDataset,102.26342010498047
all,21,baseNN,first,allDatasets,12.019245600067409
all,21,baseNN,first,justTargetDataset,12.04964076860816
all,21,baseNN,second,allDatasets,11.44328519409778
all,21,baseNN,second,justTargetDataset,12.169175248307553
brca,22,baseNN,first,allDatasets,2.0380818843841553
brca,22,baseNN,first,justTargetDataset,80.10081481933594
brca,22,baseNN,second,allDatasets,1.9339507818222046
brca,22,baseNN,second,justTargetDataset,66.30065155029297
ccrcc,22,baseNN,first,allDatasets,4.210352079777778
ccrcc,22,baseNN,first,justTargetDataset,139.19113893146758
ccrcc,22,baseNN,second,allDatasets,2.3889263532100578
ccrcc,22,baseNN,second,justTargetDataset,155.66327765049078
coad,22,baseNN,first,allDatasets,5.829882621765137
coad,22,baseNN,first,justTargetDataset,125.30553436279297
coad,22,baseNN,second,allDatasets,1.9999964237213135
coad,22,baseNN,second,justTargetDataset,96.9185562133789
gbm,22,baseNN,first,allDatasets,1.746891975402832
gbm,22,baseNN,first,justTargetDataset,131.8159942626953
gbm,22,baseNN,second,allDatasets,1.5220322608947754
gbm,22,baseNN,second,justTargetDataset,121.2537841796875
hnscc,22,baseNN,first,allDatasets,1.770702197931815
hnscc,22,baseNN,first,justTargetDataset,201.4895079239555
hnscc,22,baseNN,second,allDatasets,1.675191713416058
hnscc,22,baseNN,second,justTargetDataset,262.3504368878793
lscc,22,baseNN,first,allDatasets,1.705835867714096
lscc,22,baseNN,first,justTargetDataset,216.4649911398416
lscc,22,baseNN,second,allDatasets,2.5785484313964844
lscc,22,baseNN,second,justTargetDataset,296.2912587483724
luad,22,baseNN,first,allDatasets,1.4550944887181765
luad,22,baseNN,first,justTargetDataset,178.52418337586104
luad,22,baseNN,second,allDatasets,1.8616711465261315
luad,22,baseNN,second,justTargetDataset,299.21410017116096
ov,22,baseNN,first,allDatasets,2.2460906505584717
ov,22,baseNN,first,justTargetDataset,122.7489013671875
ov,22,baseNN,second,allDatasets,1.532230257987976
ov,22,baseNN,second,justTargetDataset,77.92704772949219
pdac,22,baseNN,first,allDatasets,3.119745969772339
pdac,22,baseNN,first,justTargetDataset,130.37152099609375
pdac,22,baseNN,second,allDatasets,1.872140645980835
pdac,22,baseNN,second,justTargetDataset,83.28923797607422
all,22,baseNN,first,allDatasets,15.261296235143611
all,22,baseNN,first,justTargetDataset,15.45003283509111
all,22,baseNN,second,allDatasets,10.011114462174197
all,22,baseNN,second,justTargetDataset,10.130220887495234
brca,23,baseNN,first,allDatasets,1.5459628105163574
brca,23,baseNN,first,justTargetDataset,59.30369567871094
brca,23,baseNN,second,allDatasets,2.315751791000366
brca,23,baseNN,second,justTargetDataset,75.91941833496094
ccrcc,23,baseNN,first,allDatasets,2.8885528890392447
ccrcc,23,baseNN,first,justTargetDataset,180.0616820130167
ccrcc,23,baseNN,second,allDatasets,2.448605647453895
ccrcc,23,baseNN,second,justTargetDataset,163.17111949431592
coad,23,baseNN,first,allDatasets,3.0601515769958496
coad,23,baseNN,first,justTargetDataset,110.50061798095703
coad,23,baseNN,second,allDatasets,3.1308553218841553
coad,23,baseNN,second,justTargetDataset,103.76399993896484
gbm,23,baseNN,first,allDatasets,1.8110908269882202
gbm,23,baseNN,first,justTargetDataset,128.8865966796875
gbm,23,baseNN,second,allDatasets,1.4860055446624756
gbm,23,baseNN,second,justTargetDataset,116.08011627197266
hnscc,23,baseNN,first,allDatasets,3.253949738930965
hnscc,23,baseNN,first,justTargetDataset,362.7178079356318
hnscc,23,baseNN,second,allDatasets,1.8374278061631797
hnscc,23,baseNN,second,justTargetDataset,335.6058924578238
lscc,23,baseNN,first,allDatasets,2.296522942218152
lscc,23,baseNN,first,justTargetDataset,274.5612333528288
lscc,23,baseNN,second,allDatasets,1.6305647823545668
lscc,23,baseNN,second,justTargetDataset,312.83929172092013
luad,23,baseNN,first,allDatasets,1.6803418436358053
luad,23,baseNN,first,justTargetDataset,207.27286865890667
luad,23,baseNN,second,allDatasets,1.6083616056749899
luad,23,baseNN,second,justTargetDataset,172.8793654903289
ov,23,baseNN,first,allDatasets,1.6741663217544556
ov,23,baseNN,first,justTargetDataset,92.8681411743164
ov,23,baseNN,second,allDatasets,1.9991251230239868
ov,23,baseNN,second,justTargetDataset,116.8940200805664
pdac,23,baseNN,first,allDatasets,2.1087136268615723
pdac,23,baseNN,first,justTargetDataset,115.14066314697266
pdac,23,baseNN,second,allDatasets,1.744555950164795
pdac,23,baseNN,second,justTargetDataset,104.67957305908203
all,23,baseNN,first,allDatasets,15.574471610415298
all,23,baseNN,first,justTargetDataset,15.441804912870964
all,23,baseNN,second,allDatasets,12.439739385390665
all,23,baseNN,second,justTargetDataset,12.135166752997142
brca,24,baseNN,first,allDatasets,1.7346829175949097
brca,24,baseNN,first,justTargetDataset,75.21604919433594
brca,24,baseNN,second,allDatasets,2.2189464569091797
brca,24,baseNN,second,justTargetDataset,75.77458953857422
ccrcc,24,baseNN,first,allDatasets,3.2200556978394714
ccrcc,24,baseNN,first,justTargetDataset,201.8076003835171
ccrcc,24,baseNN,second,allDatasets,2.611722762768085
ccrcc,24,baseNN,second,justTargetDataset,154.3539100060096
coad,24,baseNN,first,allDatasets,3.2953755855560303
coad,24,baseNN,first,justTargetDataset,105.22906494140625
coad,24,baseNN,second,allDatasets,5.990220546722412
coad,24,baseNN,second,justTargetDataset,153.56199645996094
gbm,24,baseNN,first,allDatasets,1.4341882467269897
gbm,24,baseNN,first,justTargetDataset,108.81816864013672
gbm,24,baseNN,second,allDatasets,1.8857775926589966
gbm,24,baseNN,second,justTargetDataset,141.57801818847656
hnscc,24,baseNN,first,allDatasets,1.690801095271456
hnscc,24,baseNN,first,justTargetDataset,335.53567195284194
hnscc,24,baseNN,second,allDatasets,1.8394097763559092
hnscc,24,baseNN,second,justTargetDataset,224.73506938547328
lscc,24,baseNN,first,allDatasets,2.0743827859123987
lscc,24,baseNN,first,justTargetDataset,343.627442076966
lscc,24,baseNN,second,allDatasets,1.9225102610058256
lscc,24,baseNN,second,justTargetDataset,291.0972913953993
luad,24,baseNN,first,allDatasets,1.3478369584647558
luad,24,baseNN,first,justTargetDataset,124.79809094500798
luad,24,baseNN,second,allDatasets,2.0807647756350938
luad,24,baseNN,second,justTargetDataset,224.85487070391255
ov,24,baseNN,first,allDatasets,1.664039134979248
ov,24,baseNN,first,justTargetDataset,91.96153259277344
ov,24,baseNN,second,allDatasets,1.9218512773513794
ov,24,baseNN,second,justTargetDataset,111.32976531982422
pdac,24,baseNN,first,allDatasets,3.244030475616455
pdac,24,baseNN,first,justTargetDataset,105.10822296142578
pdac,24,baseNN,second,allDatasets,2.0452616214752197
pdac,24,baseNN,second,justTargetDataset,104.03521728515625
all,24,baseNN,first,allDatasets,11.64546079720016
all,24,baseNN,first,justTargetDataset,11.27760027657568
all,24,baseNN,second,allDatasets,13.57970312019933
all,24,baseNN,second,justTargetDataset,13.752734519156117
brca,25,baseNN,first,allDatasets,2.497370719909668
brca,25,baseNN,first,justTargetDataset,90.38471984863281
brca,25,baseNN,second,allDatasets,1.6432017087936401
brca,25,baseNN,second,justTargetDataset,61.41642761230469
ccrcc,25,baseNN,first,allDatasets,2.9197077690800533
ccrcc,25,baseNN,first,justTargetDataset,210.0336435052413
ccrcc,25,baseNN,second,allDatasets,1.993840828920022
ccrcc,25,baseNN,second,justTargetDataset,213.6923143435747
coad,25,baseNN,first,allDatasets,2.061955690383911
coad,25,baseNN,first,justTargetDataset,92.50592803955078
coad,25,baseNN,second,allDatasets,5.2786407470703125
coad,25,baseNN,second,justTargetDataset,132.7985076904297
gbm,25,baseNN,first,allDatasets,1.8124126195907593
gbm,25,baseNN,first,justTargetDataset,134.3055419921875
gbm,25,baseNN,second,allDatasets,1.482102870941162
gbm,25,baseNN,second,justTargetDataset,112.41952514648438
hnscc,25,baseNN,first,allDatasets,1.6455813438996025
hnscc,25,baseNN,first,justTargetDataset,190.809100828309
hnscc,25,baseNN,second,allDatasets,1.7067985102750254
hnscc,25,baseNN,second,justTargetDataset,345.9008961553159
lscc,25,baseNN,first,allDatasets,1.6482670700157083
lscc,25,baseNN,first,justTargetDataset,272.06854046832075
lscc,25,baseNN,second,allDatasets,2.174310949113634
lscc,25,baseNN,second,justTargetDataset,259.0828850640191
luad,25,baseNN,first,allDatasets,1.512568986544045
luad,25,baseNN,first,justTargetDataset,168.9881362094674
luad,25,baseNN,second,allDatasets,1.7760075933189803
luad,25,baseNN,second,justTargetDataset,253.4239298502604
ov,25,baseNN,first,allDatasets,4.663705825805664
ov,25,baseNN,first,justTargetDataset,105.5175552368164
ov,25,baseNN,second,allDatasets,1.7673499584197998
ov,25,baseNN,second,justTargetDataset,100.13074493408203
pdac,25,baseNN,first,allDatasets,2.395498037338257
pdac,25,baseNN,first,justTargetDataset,108.68785095214844
pdac,25,baseNN,second,allDatasets,2.0253994464874268
pdac,25,baseNN,second,justTargetDataset,97.13005828857422
all,25,baseNN,first,allDatasets,12.235084714298754
all,25,baseNN,first,justTargetDataset,12.44622437637464
all,25,baseNN,second,allDatasets,14.249205160905971
all,25,baseNN,second,justTargetDataset,13.170270484611525
brca,26,baseNN,first,allDatasets,2.087993621826172
brca,26,baseNN,first,justTargetDataset,72.00596618652344
brca,26,baseNN,second,allDatasets,1.8355042934417725
brca,26,baseNN,second,justTargetDataset,76.79974365234375
ccrcc,26,baseNN,first,allDatasets,3.0574337198764465
ccrcc,26,baseNN,first,justTargetDataset,159.70818956592416
ccrcc,26,baseNN,second,allDatasets,2.724157828551072
ccrcc,26,baseNN,second,justTargetDataset,201.14215596516928
coad,26,baseNN,first,allDatasets,4.281790733337402
coad,26,baseNN,first,justTargetDataset,136.81019592285156
coad,26,baseNN,second,allDatasets,2.7913637161254883
coad,26,baseNN,second,justTargetDataset,91.051513671875
gbm,26,baseNN,first,allDatasets,1.4045966863632202
gbm,26,baseNN,first,justTargetDataset,105.49150085449219
gbm,26,baseNN,second,allDatasets,2.020695209503174
gbm,26,baseNN,second,justTargetDataset,143.9001007080078
hnscc,26,baseNN,first,allDatasets,1.686989640844041
hnscc,26,baseNN,first,justTargetDataset,334.58879642210144
hnscc,26,baseNN,second,allDatasets,1.666562747264254
hnscc,26,baseNN,second,justTargetDataset,213.0373384779778
lscc,26,baseNN,first,allDatasets,1.4160220583716592
lscc,26,baseNN,first,justTargetDataset,261.8196538568853
lscc,26,baseNN,second,allDatasets,2.7901259157392713
lscc,26,baseNN,second,justTargetDataset,287.0612555609809
luad,26,baseNN,first,allDatasets,1.5509587551957817
luad,26,baseNN,first,justTargetDataset,186.8121057325794
luad,26,baseNN,second,allDatasets,1.7541996894344207
luad,26,baseNN,second,justTargetDataset,169.44584409652217
ov,26,baseNN,first,allDatasets,1.6911475658416748
ov,26,baseNN,first,justTargetDataset,96.10208129882812
ov,26,baseNN,second,allDatasets,1.908140778541565
ov,26,baseNN,second,justTargetDataset,101.24222564697266
pdac,26,baseNN,first,allDatasets,3.1390674114227295
pdac,26,baseNN,first,justTargetDataset,103.33684539794922
pdac,26,baseNN,second,allDatasets,2.2120814323425293
pdac,26,baseNN,second,justTargetDataset,115.1803207397461
all,26,baseNN,first,allDatasets,14.69796377367678
all,26,baseNN,first,justTargetDataset,13.643917748780376
all,26,baseNN,second,allDatasets,13.870716344863974
all,26,baseNN,second,justTargetDataset,15.153122374930696
brca,27,baseNN,first,allDatasets,1.879167914390564
brca,27,baseNN,first,justTargetDataset,75.97047424316406
brca,27,baseNN,second,allDatasets,2.0170481204986572
brca,27,baseNN,second,justTargetDataset,68.88912200927734
ccrcc,27,baseNN,first,allDatasets,3.161690337748467
ccrcc,27,baseNN,first,justTargetDataset,188.8999029231977
ccrcc,27,baseNN,second,allDatasets,2.441094850882506
ccrcc,27,baseNN,second,justTargetDataset,121.68063041491386
coad,27,baseNN,first,allDatasets,5.7397918701171875
coad,27,baseNN,first,justTargetDataset,107.02728271484375
coad,27,baseNN,second,allDatasets,3.1420559883117676
coad,27,baseNN,second,justTargetDataset,124.3053970336914
gbm,27,baseNN,first,allDatasets,1.7269824743270874
gbm,27,baseNN,first,justTargetDataset,135.21090698242188
gbm,27,baseNN,second,allDatasets,1.7106248140335083
gbm,27,baseNN,second,justTargetDataset,122.14094543457031
hnscc,27,baseNN,first,allDatasets,1.733546609463899
hnscc,27,baseNN,first,justTargetDataset,202.56339297087297
hnscc,27,baseNN,second,allDatasets,2.4375703922216445
hnscc,27,baseNN,second,justTargetDataset,331.7884910694067
lscc,27,baseNN,first,allDatasets,1.9091724314532437
lscc,27,baseNN,first,justTargetDataset,303.45409619677196
lscc,27,baseNN,second,allDatasets,1.844934222433302
lscc,27,baseNN,second,justTargetDataset,369.33223537868923
luad,27,baseNN,first,allDatasets,1.8389948029671945
luad,27,baseNN,first,justTargetDataset,199.75313756799184
luad,27,baseNN,second,allDatasets,1.9878953221023723
luad,27,baseNN,second,justTargetDataset,240.2948257282216
ov,27,baseNN,first,allDatasets,1.528093934059143
ov,27,baseNN,first,justTargetDataset,86.46456909179688
ov,27,baseNN,second,allDatasets,2.175373077392578
ov,27,baseNN,second,justTargetDataset,107.84095764160156
pdac,27,baseNN,first,allDatasets,3.698715925216675
pdac,27,baseNN,first,justTargetDataset,115.98612213134766
pdac,27,baseNN,second,allDatasets,4.324823379516602
pdac,27,baseNN,second,justTargetDataset,97.90060424804688
all,27,baseNN,first,allDatasets,10.998299919398486
all,27,baseNN,first,justTargetDataset,11.010753167414032
all,27,baseNN,second,allDatasets,13.611220543397302
all,27,baseNN,second,justTargetDataset,12.782669415873427
brca,28,baseNN,first,allDatasets,2.2575740814208984
brca,28,baseNN,first,justTargetDataset,80.25253295898438
brca,28,baseNN,second,allDatasets,1.67497718334198
brca,28,baseNN,second,justTargetDataset,63.68566131591797
ccrcc,28,baseNN,first,allDatasets,4.484193234504024
ccrcc,28,baseNN,first,justTargetDataset,231.8395787492583
ccrcc,28,baseNN,second,allDatasets,2.4933862258226442
ccrcc,28,baseNN,second,justTargetDataset,220.19034361227963
coad,28,baseNN,first,allDatasets,5.354915142059326
coad,28,baseNN,first,justTargetDataset,118.4806900024414
coad,28,baseNN,second,allDatasets,3.9826669692993164
coad,28,baseNN,second,justTargetDataset,101.94367980957031
gbm,28,baseNN,first,allDatasets,1.8115299940109253
gbm,28,baseNN,first,justTargetDataset,139.3236083984375
gbm,28,baseNN,second,allDatasets,1.5152086019515991
gbm,28,baseNN,second,justTargetDataset,111.74200439453125
hnscc,28,baseNN,first,allDatasets,1.6814597637757012
hnscc,28,baseNN,first,justTargetDataset,178.76619886315387
hnscc,28,baseNN,second,allDatasets,1.806843662607497
hnscc,28,baseNN,second,justTargetDataset,351.59482342263925
lscc,28,baseNN,first,allDatasets,1.670305257315164
lscc,28,baseNN,first,justTargetDataset,314.85941222473815
lscc,28,baseNN,second,allDatasets,2.2691979355282252
lscc,28,baseNN,second,justTargetDataset,341.40861341688367
luad,28,baseNN,first,allDatasets,1.7962268321744856
luad,28,baseNN,first,justTargetDataset,196.79170752084383
luad,28,baseNN,second,allDatasets,1.5029733911637337
luad,28,baseNN,second,justTargetDataset,159.02154508201025
ov,28,baseNN,first,allDatasets,1.85999596118927
ov,28,baseNN,first,justTargetDataset,90.71774291992188
ov,28,baseNN,second,allDatasets,1.7847307920455933
ov,28,baseNN,second,justTargetDataset,90.8779525756836
pdac,28,baseNN,first,allDatasets,3.385749578475952
pdac,28,baseNN,first,justTargetDataset,97.42622375488281
pdac,28,baseNN,second,allDatasets,2.2514307498931885
pdac,28,baseNN,second,justTargetDataset,106.61027526855469
all,28,baseNN,first,allDatasets,14.676244136506478
all,28,baseNN,first,justTargetDataset,14.712515977842617
all,28,baseNN,second,allDatasets,11.70085767246185
all,28,baseNN,second,justTargetDataset,11.505521364603025
brca,29,baseNN,first,allDatasets,1.7555488348007202
brca,29,baseNN,first,justTargetDataset,72.99935150146484
brca,29,baseNN,second,allDatasets,1.997696876525879
brca,29,baseNN,second,justTargetDataset,68.08863830566406
ccrcc,29,baseNN,first,allDatasets,4.416849595081957
ccrcc,29,baseNN,first,justTargetDataset,151.6375274658203
ccrcc,29,baseNN,second,allDatasets,2.6446505815554886
ccrcc,29,baseNN,second,justTargetDataset,156.6161365998097
coad,29,baseNN,first,allDatasets,5.754072666168213
coad,29,baseNN,first,justTargetDataset,105.28943634033203
coad,29,baseNN,second,allDatasets,3.1271681785583496
coad,29,baseNN,second,justTargetDataset,120.24418640136719
gbm,29,baseNN,first,allDatasets,1.7489944696426392
gbm,29,baseNN,first,justTargetDataset,130.10055541992188
gbm,29,baseNN,second,allDatasets,1.4782812595367432
gbm,29,baseNN,second,justTargetDataset,108.99407196044922
hnscc,29,baseNN,first,allDatasets,1.8002583600472712
hnscc,29,baseNN,first,justTargetDataset,179.9892989448879
hnscc,29,baseNN,second,allDatasets,1.6645798458569292
hnscc,29,baseNN,second,justTargetDataset,234.21287735648778
lscc,29,baseNN,first,allDatasets,2.126922762000954
lscc,29,baseNN,first,justTargetDataset,223.73868367960165
lscc,29,baseNN,second,allDatasets,1.7199564960267808
lscc,29,baseNN,second,justTargetDataset,307.63499416775176
luad,29,baseNN,first,allDatasets,1.7383229130057878
luad,29,baseNN,first,justTargetDataset,159.5328833467217
luad,29,baseNN,second,allDatasets,1.5519825194471626
luad,29,baseNN,second,justTargetDataset,179.92471953361266
ov,29,baseNN,first,allDatasets,1.750293493270874
ov,29,baseNN,first,justTargetDataset,97.14848327636719
ov,29,baseNN,second,allDatasets,1.896793246269226
ov,29,baseNN,second,justTargetDataset,101.78829193115234
pdac,29,baseNN,first,allDatasets,2.1230862140655518
pdac,29,baseNN,first,justTargetDataset,87.52935791015625
pdac,29,baseNN,second,allDatasets,2.099256753921509
pdac,29,baseNN,second,justTargetDataset,115.62689208984375
all,29,baseNN,first,allDatasets,10.853693588223077
all,29,baseNN,first,justTargetDataset,11.312987332639441
all,29,baseNN,second,allDatasets,10.94938151551653
all,29,baseNN,second,justTargetDataset,10.760715754911862
brca,30,baseNN,first,allDatasets,1.9379876852035522
brca,30,baseNN,first,justTargetDataset,69.43649291992188
brca,30,baseNN,second,allDatasets,2.0797533988952637
brca,30,baseNN,second,justTargetDataset,68.9883041381836
ccrcc,30,baseNN,first,allDatasets,3.229985089241704
ccrcc,30,baseNN,first,justTargetDataset,243.2775925262065
ccrcc,30,baseNN,second,allDatasets,2.9907048604427238
ccrcc,30,baseNN,second,justTargetDataset,206.30670244265826
coad,30,baseNN,first,allDatasets,6.15563440322876
coad,30,baseNN,first,justTargetDataset,123.82588958740234
coad,30,baseNN,second,allDatasets,1.725002646446228
coad,30,baseNN,second,justTargetDataset,89.48918151855469
gbm,30,baseNN,first,allDatasets,2.0302622318267822
gbm,30,baseNN,first,justTargetDataset,143.7823028564453
gbm,30,baseNN,second,allDatasets,3.4890239238739014
gbm,30,baseNN,second,justTargetDataset,103.16852569580078
hnscc,30,baseNN,first,allDatasets,1.728642111239226
hnscc,30,baseNN,first,justTargetDataset,351.0549391594486
hnscc,30,baseNN,second,allDatasets,1.5843206540397976
hnscc,30,baseNN,second,justTargetDataset,271.1472484201625
lscc,30,baseNN,first,allDatasets,1.6918794283500085
lscc,30,baseNN,first,justTargetDataset,240.0704545241136
lscc,30,baseNN,second,allDatasets,2.072803200615777
lscc,30,baseNN,second,justTargetDataset,310.3825154622396
luad,30,baseNN,first,allDatasets,1.4439885923939366
luad,30,baseNN,first,justTargetDataset,196.36161443238618
luad,30,baseNN,second,allDatasets,1.9278637798883582
luad,30,baseNN,second,justTargetDataset,241.8824246314264
ov,30,baseNN,first,allDatasets,1.9715938568115234
ov,30,baseNN,first,justTargetDataset,101.1641845703125
ov,30,baseNN,second,allDatasets,1.772527813911438
ov,30,baseNN,second,justTargetDataset,98.10655975341797
pdac,30,baseNN,first,allDatasets,2.32206654548645
pdac,30,baseNN,first,justTargetDataset,127.84288787841797
pdac,30,baseNN,second,allDatasets,2.197157382965088
pdac,30,baseNN,second,justTargetDataset,111.96514892578125
all,30,baseNN,first,allDatasets,12.794734710085708
all,30,baseNN,first,justTargetDataset,12.735014593917711
all,30,baseNN,second,allDatasets,11.508734327374082
all,30,baseNN,second,justTargetDataset,11.4362095970521
brca,31,baseNN,first,allDatasets,1.8852710723876953
brca,31,baseNN,first,justTargetDataset,74.0605697631836
brca,31,baseNN,second,allDatasets,1.9385249614715576
brca,31,baseNN,second,justTargetDataset,78.80854034423828
ccrcc,31,baseNN,first,allDatasets,2.673273032224631
ccrcc,31,baseNN,first,justTargetDataset,171.44270479226415
ccrcc,31,baseNN,second,allDatasets,2.8546344622587547
ccrcc,31,baseNN,second,justTargetDataset,169.7276599590595
coad,31,baseNN,first,allDatasets,3.5741617679595947
coad,31,baseNN,first,justTargetDataset,121.40470123291016
coad,31,baseNN,second,allDatasets,6.045198440551758
coad,31,baseNN,second,justTargetDataset,103.45777130126953
gbm,31,baseNN,first,allDatasets,1.6671714782714844
gbm,31,baseNN,first,justTargetDataset,111.22099304199219
gbm,31,baseNN,second,allDatasets,1.5401450395584106
gbm,31,baseNN,second,justTargetDataset,113.22459411621094
hnscc,31,baseNN,first,allDatasets,1.620420659797779
hnscc,31,baseNN,first,justTargetDataset,228.3949724280316
hnscc,31,baseNN,second,allDatasets,1.8051745425099912
hnscc,31,baseNN,second,justTargetDataset,199.96355316604394
lscc,31,baseNN,first,allDatasets,1.9824761872763161
lscc,31,baseNN,first,justTargetDataset,282.06244801950976
lscc,31,baseNN,second,allDatasets,1.7800466272566053
lscc,31,baseNN,second,justTargetDataset,289.91202460394965
luad,31,baseNN,first,allDatasets,1.384617018443282
luad,31,baseNN,first,justTargetDataset,209.2440398841776
luad,31,baseNN,second,allDatasets,2.216466957522977
luad,31,baseNN,second,justTargetDataset,201.37095888199346
ov,31,baseNN,first,allDatasets,1.6321046352386475
ov,31,baseNN,first,justTargetDataset,95.30412292480469
ov,31,baseNN,second,allDatasets,1.968349575996399
ov,31,baseNN,second,justTargetDataset,107.36487579345703
pdac,31,baseNN,first,allDatasets,1.6316927671432495
pdac,31,baseNN,first,justTargetDataset,98.2359848022461
pdac,31,baseNN,second,allDatasets,3.5671229362487793
pdac,31,baseNN,second,justTargetDataset,115.0422134399414
all,31,baseNN,first,allDatasets,12.123436392725042
all,31,baseNN,first,justTargetDataset,12.270101748103588
all,31,baseNN,second,allDatasets,10.458196340822706
all,31,baseNN,second,justTargetDataset,10.602175287596895
brca,32,baseNN,first,allDatasets,1.9470127820968628
brca,32,baseNN,first,justTargetDataset,64.11668395996094
brca,32,baseNN,second,allDatasets,2.1797635555267334
brca,32,baseNN,second,justTargetDataset,77.66132354736328
ccrcc,32,baseNN,first,allDatasets,2.5020253869551645
ccrcc,32,baseNN,first,justTargetDataset,195.88558612292326
ccrcc,32,baseNN,second,allDatasets,2.6607948388808813
ccrcc,32,baseNN,second,justTargetDataset,140.65792494553787
coad,32,baseNN,first,allDatasets,5.522793292999268
coad,32,baseNN,first,justTargetDataset,136.250732421875
coad,32,baseNN,second,allDatasets,2.932434558868408
coad,32,baseNN,second,justTargetDataset,100.72405242919922
gbm,32,baseNN,first,allDatasets,1.5347540378570557
gbm,32,baseNN,first,justTargetDataset,116.90520477294922
gbm,32,baseNN,second,allDatasets,1.7145448923110962
gbm,32,baseNN,second,justTargetDataset,133.8443603515625
hnscc,32,baseNN,first,allDatasets,1.758653730585955
hnscc,32,baseNN,first,justTargetDataset,207.59321483667347
hnscc,32,baseNN,second,allDatasets,1.6580100249553071
hnscc,32,baseNN,second,justTargetDataset,202.15432120060575
lscc,32,baseNN,first,allDatasets,1.9539021947881678
lscc,32,baseNN,first,justTargetDataset,341.05760578532795
lscc,32,baseNN,second,allDatasets,1.7201044612460665
lscc,32,baseNN,second,justTargetDataset,237.32666185167102
luad,32,baseNN,first,allDatasets,1.6215202564834266
luad,32,baseNN,first,justTargetDataset,162.80518053936703
luad,32,baseNN,second,allDatasets,1.74097401736885
luad,32,baseNN,second,justTargetDataset,276.1934128627982
ov,32,baseNN,first,allDatasets,1.6427875757217407
ov,32,baseNN,first,justTargetDataset,93.4281005859375
ov,32,baseNN,second,allDatasets,1.9800022840499878
ov,32,baseNN,second,justTargetDataset,105.06771850585938
pdac,32,baseNN,first,allDatasets,2.2980616092681885
pdac,32,baseNN,first,justTargetDataset,98.11932373046875
pdac,32,baseNN,second,allDatasets,1.8820419311523438
pdac,32,baseNN,second,justTargetDataset,105.35432434082031
all,32,baseNN,first,allDatasets,12.548779220074678
all,32,baseNN,first,justTargetDataset,13.109428918045179
all,32,baseNN,second,allDatasets,12.603840589948303
all,32,baseNN,second,justTargetDataset,13.46224558247177
brca,33,baseNN,first,allDatasets,2.237417697906494
brca,33,baseNN,first,justTargetDataset,88.33094787597656
brca,33,baseNN,second,allDatasets,1.7329914569854736
brca,33,baseNN,second,justTargetDataset,64.59786987304688
ccrcc,33,baseNN,first,allDatasets,2.344738414015951
ccrcc,33,baseNN,first,justTargetDataset,139.90647849553747
ccrcc,33,baseNN,second,allDatasets,3.5056968468886156
ccrcc,33,baseNN,second,justTargetDataset,278.84249017177484
coad,33,baseNN,first,allDatasets,3.179356336593628
coad,33,baseNN,first,justTargetDataset,106.07971954345703
coad,33,baseNN,second,allDatasets,6.027296543121338
coad,33,baseNN,second,justTargetDataset,133.58668518066406
gbm,33,baseNN,first,allDatasets,1.6755417585372925
gbm,33,baseNN,first,justTargetDataset,124.06021118164062
gbm,33,baseNN,second,allDatasets,1.5706719160079956
gbm,33,baseNN,second,justTargetDataset,122.52862548828125
hnscc,33,baseNN,first,allDatasets,1.6607503804607668
hnscc,33,baseNN,first,justTargetDataset,245.19349559839222
hnscc,33,baseNN,second,allDatasets,1.7695216545160266
hnscc,33,baseNN,second,justTargetDataset,173.0976794698964
lscc,33,baseNN,first,allDatasets,1.7108426290554004
lscc,33,baseNN,first,justTargetDataset,243.53663719093407
lscc,33,baseNN,second,allDatasets,2.3663278420766196
lscc,33,baseNN,second,justTargetDataset,263.76724785698786
luad,33,baseNN,first,allDatasets,1.9348070365126415
luad,33,baseNN,first,justTargetDataset,205.38036059307797
luad,33,baseNN,second,allDatasets,1.7121403947953255
luad,33,baseNN,second,justTargetDataset,154.9673545591293
ov,33,baseNN,first,allDatasets,2.04219388961792
ov,33,baseNN,first,justTargetDataset,103.3326644897461
ov,33,baseNN,second,allDatasets,1.6345863342285156
ov,33,baseNN,second,justTargetDataset,87.61759185791016
pdac,33,baseNN,first,allDatasets,2.2383873462677
pdac,33,baseNN,first,justTargetDataset,118.51206970214844
pdac,33,baseNN,second,allDatasets,2.3507578372955322
pdac,33,baseNN,second,justTargetDataset,103.67230987548828
all,33,baseNN,first,allDatasets,14.78867627202937
all,33,baseNN,first,justTargetDataset,14.466338849700657
all,33,baseNN,second,allDatasets,9.995496975121863
all,33,baseNN,second,justTargetDataset,9.626434322771967
brca,34,baseNN,first,allDatasets,2.2770466804504395
brca,34,baseNN,first,justTargetDataset,86.38211822509766
brca,34,baseNN,second,allDatasets,1.60182523727417
brca,34,baseNN,second,justTargetDataset,65.96331787109375
ccrcc,34,baseNN,first,allDatasets,3.0002719329882273
ccrcc,34,baseNN,first,justTargetDataset,177.99049551275712
ccrcc,34,baseNN,second,allDatasets,2.329557553315774
ccrcc,34,baseNN,second,justTargetDataset,289.0661347218049
coad,34,baseNN,first,allDatasets,2.659245252609253
coad,34,baseNN,first,justTargetDataset,110.16864776611328
coad,34,baseNN,second,allDatasets,2.2410857677459717
coad,34,baseNN,second,justTargetDataset,111.24375915527344
gbm,34,baseNN,first,allDatasets,1.4541734457015991
gbm,34,baseNN,first,justTargetDataset,121.86595153808594
gbm,34,baseNN,second,allDatasets,1.7580487728118896
gbm,34,baseNN,second,justTargetDataset,134.47344970703125
hnscc,34,baseNN,first,allDatasets,1.711913558020108
hnscc,34,baseNN,first,justTargetDataset,201.24671737007472
hnscc,34,baseNN,second,allDatasets,1.706203578174978
hnscc,34,baseNN,second,justTargetDataset,249.70066059499547
lscc,34,baseNN,first,allDatasets,2.2169572730640787
lscc,34,baseNN,first,justTargetDataset,319.4261997767857
lscc,34,baseNN,second,allDatasets,1.9397535853915744
lscc,34,baseNN,second,justTargetDataset,307.49845309787327
luad,34,baseNN,first,allDatasets,1.748925837137366
luad,34,baseNN,first,justTargetDataset,164.14923686365927
luad,34,baseNN,second,allDatasets,1.571074237105667
luad,34,baseNN,second,justTargetDataset,232.50126582320019
ov,34,baseNN,first,allDatasets,1.8939117193222046
ov,34,baseNN,first,justTargetDataset,102.37857055664062
ov,34,baseNN,second,allDatasets,1.718079686164856
ov,34,baseNN,second,justTargetDataset,82.38473510742188
pdac,34,baseNN,first,allDatasets,3.7266786098480225
pdac,34,baseNN,first,justTargetDataset,103.43600463867188
pdac,34,baseNN,second,allDatasets,1.9540610313415527
pdac,34,baseNN,second,justTargetDataset,108.92677307128906
all,34,baseNN,first,allDatasets,12.958389635001664
all,34,baseNN,first,justTargetDataset,12.742511031901941
all,34,baseNN,second,allDatasets,8.768624947457814
all,34,baseNN,second,justTargetDataset,8.79515449588524
brca,35,baseNN,first,allDatasets,1.9635851383209229
brca,35,baseNN,first,justTargetDataset,66.73076629638672
brca,35,baseNN,second,allDatasets,1.8457518815994263
brca,35,baseNN,second,justTargetDataset,77.9190673828125
ccrcc,35,baseNN,first,allDatasets,2.6882301916050007
ccrcc,35,baseNN,first,justTargetDataset,152.86505648456043
ccrcc,35,baseNN,second,allDatasets,2.683579004727877
ccrcc,35,baseNN,second,justTargetDataset,157.26841618464545
coad,35,baseNN,first,allDatasets,3.2125396728515625
coad,35,baseNN,first,justTargetDataset,100.1401138305664
coad,35,baseNN,second,allDatasets,2.791224241256714
coad,35,baseNN,second,justTargetDataset,116.54010772705078
gbm,35,baseNN,first,allDatasets,1.6250572204589844
gbm,35,baseNN,first,justTargetDataset,136.2448272705078
gbm,35,baseNN,second,allDatasets,1.7606359720230103
gbm,35,baseNN,second,justTargetDataset,124.90309143066406
hnscc,35,baseNN,first,allDatasets,1.645467718442281
hnscc,35,baseNN,first,justTargetDataset,232.61362247190613
hnscc,35,baseNN,second,allDatasets,1.8161477161490398
hnscc,35,baseNN,second,justTargetDataset,304.59803882543594
lscc,35,baseNN,first,allDatasets,2.2857818629715467
lscc,35,baseNN,first,justTargetDataset,206.83849577851348
lscc,35,baseNN,second,allDatasets,1.6620863596598308
lscc,35,baseNN,second,justTargetDataset,312.4340101453993
luad,35,baseNN,first,allDatasets,1.4459244294833111
luad,35,baseNN,first,justTargetDataset,167.84867054929015
luad,35,baseNN,second,allDatasets,1.87926528018008
luad,35,baseNN,second,justTargetDataset,201.27520866804227
ov,35,baseNN,first,allDatasets,1.857559323310852
ov,35,baseNN,first,justTargetDataset,101.74370574951172
ov,35,baseNN,second,allDatasets,1.8728141784667969
ov,35,baseNN,second,justTargetDataset,103.54645538330078
pdac,35,baseNN,first,allDatasets,2.209841012954712
pdac,35,baseNN,first,justTargetDataset,96.46493530273438
pdac,35,baseNN,second,allDatasets,2.1942243576049805
pdac,35,baseNN,second,justTargetDataset,119.91567993164062
all,35,baseNN,first,allDatasets,18.543319764601446
all,35,baseNN,first,justTargetDataset,18.118458064256515
all,35,baseNN,second,allDatasets,10.711385138744552
all,35,baseNN,second,justTargetDataset,11.339210945442186
brca,36,baseNN,first,allDatasets,2.6731138229370117
brca,36,baseNN,first,justTargetDataset,89.92717742919922
brca,36,baseNN,second,allDatasets,1.679940938949585
brca,36,baseNN,second,justTargetDataset,59.429542541503906
ccrcc,36,baseNN,first,allDatasets,2.267453640322142
ccrcc,36,baseNN,first,justTargetDataset,124.71837953977948
ccrcc,36,baseNN,second,allDatasets,2.8182406547742014
ccrcc,36,baseNN,second,justTargetDataset,307.74659455128204
coad,36,baseNN,first,allDatasets,2.7231850624084473
coad,36,baseNN,first,justTargetDataset,112.56745910644531
coad,36,baseNN,second,allDatasets,1.7344173192977905
coad,36,baseNN,second,justTargetDataset,110.9104232788086
gbm,36,baseNN,first,allDatasets,1.7635364532470703
gbm,36,baseNN,first,justTargetDataset,136.05242919921875
gbm,36,baseNN,second,allDatasets,1.4857767820358276
gbm,36,baseNN,second,justTargetDataset,112.10969543457031
hnscc,36,baseNN,first,allDatasets,1.6939715354338936
hnscc,36,baseNN,first,justTargetDataset,261.0072950280231
hnscc,36,baseNN,second,allDatasets,1.7781486321186675
hnscc,36,baseNN,second,justTargetDataset,358.3644333991451
lscc,36,baseNN,first,allDatasets,2.0267485419472497
lscc,36,baseNN,first,justTargetDataset,324.96036370245963
lscc,36,baseNN,second,allDatasets,1.7213595204883152
lscc,36,baseNN,second,justTargetDataset,272.37544114854603
luad,36,baseNN,first,allDatasets,1.7936990927624445
luad,36,baseNN,first,justTargetDataset,174.51587373466901
luad,36,baseNN,second,allDatasets,1.613999605178833
luad,36,baseNN,second,justTargetDataset,179.54930951518398
ov,36,baseNN,first,allDatasets,1.648585557937622
ov,36,baseNN,first,justTargetDataset,88.04048156738281
ov,36,baseNN,second,allDatasets,1.9062397480010986
ov,36,baseNN,second,justTargetDataset,102.15760803222656
pdac,36,baseNN,first,allDatasets,5.157059192657471
pdac,36,baseNN,first,justTargetDataset,117.8639144897461
pdac,36,baseNN,second,allDatasets,2.958170175552368
pdac,36,baseNN,second,justTargetDataset,123.72965240478516
all,36,baseNN,first,allDatasets,13.751907664273693
all,36,baseNN,first,justTargetDataset,14.677599955871042
all,36,baseNN,second,allDatasets,10.82021392475475
all,36,baseNN,second,justTargetDataset,11.324616012301249
brca,37,baseNN,first,allDatasets,1.7662547826766968
brca,37,baseNN,first,justTargetDataset,69.51622772216797
brca,37,baseNN,second,allDatasets,2.4306907653808594
brca,37,baseNN,second,justTargetDataset,91.6314697265625
ccrcc,37,baseNN,first,allDatasets,2.640298786042612
ccrcc,37,baseNN,first,justTargetDataset,171.05988224850427
ccrcc,37,baseNN,second,allDatasets,2.8147659546289687
ccrcc,37,baseNN,second,justTargetDataset,218.63524334247296
coad,37,baseNN,first,allDatasets,4.762763500213623
coad,37,baseNN,first,justTargetDataset,102.88999938964844
coad,37,baseNN,second,allDatasets,4.327450752258301
coad,37,baseNN,second,justTargetDataset,131.64834594726562
gbm,37,baseNN,first,allDatasets,1.8547412157058716
gbm,37,baseNN,first,justTargetDataset,143.4464111328125
gbm,37,baseNN,second,allDatasets,1.4948221445083618
gbm,37,baseNN,second,justTargetDataset,108.13050079345703
hnscc,37,baseNN,first,allDatasets,1.618889848391215
hnscc,37,baseNN,first,justTargetDataset,170.3353340038355
hnscc,37,baseNN,second,allDatasets,1.6635735518690469
hnscc,37,baseNN,second,justTargetDataset,190.12720566901606
lscc,37,baseNN,first,allDatasets,2.025938856732714
lscc,37,baseNN,first,justTargetDataset,292.74547082251246
lscc,37,baseNN,second,allDatasets,1.7815703047646416
lscc,37,baseNN,second,justTargetDataset,282.52008666992185
luad,37,baseNN,first,allDatasets,1.585403443664633
luad,37,baseNN,first,justTargetDataset,207.5336200344947
luad,37,baseNN,second,allDatasets,1.9306990946492841
luad,37,baseNN,second,justTargetDataset,176.9797135219779
ov,37,baseNN,first,allDatasets,1.9309589862823486
ov,37,baseNN,first,justTargetDataset,105.65624237060547
ov,37,baseNN,second,allDatasets,1.7827208042144775
ov,37,baseNN,second,justTargetDataset,89.1620864868164
pdac,37,baseNN,first,allDatasets,2.332465171813965
pdac,37,baseNN,first,justTargetDataset,126.77458190917969
pdac,37,baseNN,second,allDatasets,2.941319704055786
pdac,37,baseNN,second,justTargetDataset,95.69170379638672
all,37,baseNN,first,allDatasets,13.417908965591836
all,37,baseNN,first,justTargetDataset,13.64615892562191
all,37,baseNN,second,allDatasets,14.486186571512205
all,37,baseNN,second,justTargetDataset,14.385159480592996
brca,38,baseNN,first,allDatasets,2.1357343196868896
brca,38,baseNN,first,justTargetDataset,74.75983428955078
brca,38,baseNN,second,allDatasets,1.7833929061889648
brca,38,baseNN,second,justTargetDataset,61.14192581176758
ccrcc,38,baseNN,first,allDatasets,2.812457021278671
ccrcc,38,baseNN,first,justTargetDataset,178.61082786849784
ccrcc,38,baseNN,second,allDatasets,2.919661032847869
ccrcc,38,baseNN,second,justTargetDataset,158.8224894205729
coad,38,baseNN,first,allDatasets,8.005057334899902
coad,38,baseNN,first,justTargetDataset,124.21721649169922
coad,38,baseNN,second,allDatasets,3.996412515640259
coad,38,baseNN,second,justTargetDataset,97.39806365966797
gbm,38,baseNN,first,allDatasets,1.7810308933258057
gbm,38,baseNN,first,justTargetDataset,128.27503967285156
gbm,38,baseNN,second,allDatasets,1.591469645500183
gbm,38,baseNN,second,justTargetDataset,126.94644165039062
hnscc,38,baseNN,first,allDatasets,1.5940400793932485
hnscc,38,baseNN,first,justTargetDataset,217.3274014237998
hnscc,38,baseNN,second,allDatasets,1.8912714719772339
hnscc,38,baseNN,second,justTargetDataset,194.61137633392775
lscc,38,baseNN,first,allDatasets,2.1649543138650746
lscc,38,baseNN,first,justTargetDataset,241.92394365583147
lscc,38,baseNN,second,allDatasets,1.6728328466415405
lscc,38,baseNN,second,justTargetDataset,257.575006781684
luad,38,baseNN,first,allDatasets,1.5437542110361078
luad,38,baseNN,first,justTargetDataset,163.3986087922127
luad,38,baseNN,second,allDatasets,2.0078228647990892
luad,38,baseNN,second,justTargetDataset,212.27752291771674
ov,38,baseNN,first,allDatasets,1.936327338218689
ov,38,baseNN,first,justTargetDataset,105.15357971191406
ov,38,baseNN,second,allDatasets,1.736078143119812
ov,38,baseNN,second,justTargetDataset,92.74414825439453
pdac,38,baseNN,first,allDatasets,2.188506841659546
pdac,38,baseNN,first,justTargetDataset,123.06000518798828
pdac,38,baseNN,second,allDatasets,2.917207717895508
pdac,38,baseNN,second,justTargetDataset,117.48904418945312
all,38,baseNN,first,allDatasets,13.154200707494685
all,38,baseNN,first,justTargetDataset,12.261086406538972
all,38,baseNN,second,allDatasets,13.140118405143207
all,38,baseNN,second,justTargetDataset,12.820019417693059
brca,39,baseNN,first,allDatasets,2.220001459121704
brca,39,baseNN,first,justTargetDataset,77.97207641601562
brca,39,baseNN,second,allDatasets,1.7592500448226929
brca,39,baseNN,second,justTargetDataset,66.66016387939453
ccrcc,39,baseNN,first,allDatasets,2.5610791640945627
ccrcc,39,baseNN,first,justTargetDataset,139.6559606624555
ccrcc,39,baseNN,second,allDatasets,2.7491739957760544
ccrcc,39,baseNN,second,justTargetDataset,173.97574869791666
coad,39,baseNN,first,allDatasets,8.791169166564941
coad,39,baseNN,first,justTargetDataset,113.30065155029297
coad,39,baseNN,second,allDatasets,2.224350929260254
coad,39,baseNN,second,justTargetDataset,117.8759994506836
gbm,39,baseNN,first,allDatasets,1.6572831869125366
gbm,39,baseNN,first,justTargetDataset,122.58174896240234
gbm,39,baseNN,second,allDatasets,1.5414799451828003
gbm,39,baseNN,second,justTargetDataset,125.61282348632812
hnscc,39,baseNN,first,allDatasets,1.7088285788245823
hnscc,39,baseNN,first,justTargetDataset,132.59399347719938
hnscc,39,baseNN,second,allDatasets,1.6193437541740527
hnscc,39,baseNN,second,justTargetDataset,212.2070109049479
lscc,39,baseNN,first,allDatasets,1.9816606987963665
lscc,39,baseNN,first,justTargetDataset,278.6735631921789
lscc,39,baseNN,second,allDatasets,1.7991211705737644
lscc,39,baseNN,second,justTargetDataset,262.78234117296006
luad,39,baseNN,first,allDatasets,1.7285109912195513
luad,39,baseNN,first,justTargetDataset,162.84729775049354
luad,39,baseNN,second,allDatasets,1.580938035441983
luad,39,baseNN,second,justTargetDataset,172.25495205130628
ov,39,baseNN,first,allDatasets,4.153264999389648
ov,39,baseNN,first,justTargetDataset,108.32352447509766
ov,39,baseNN,second,allDatasets,1.7038694620132446
ov,39,baseNN,second,justTargetDataset,94.81487274169922
pdac,39,baseNN,first,allDatasets,3.6239209175109863
pdac,39,baseNN,first,justTargetDataset,94.60363006591797
pdac,39,baseNN,second,allDatasets,5.251923561096191
pdac,39,baseNN,second,justTargetDataset,111.77983856201172
all,39,baseNN,first,allDatasets,12.653513097341081
all,39,baseNN,first,justTargetDataset,12.273382899191526
all,39,baseNN,second,allDatasets,14.029671373214313
all,39,baseNN,second,justTargetDataset,13.396975194281648
brca,40,baseNN,first,allDatasets,1.626519799232483
brca,40,baseNN,first,justTargetDataset,67.15958404541016
brca,40,baseNN,second,allDatasets,2.600064277648926
brca,40,baseNN,second,justTargetDataset,76.16529083251953
ccrcc,40,baseNN,first,allDatasets,2.3881962963297396
ccrcc,40,baseNN,first,justTargetDataset,180.49847083755685
ccrcc,40,baseNN,second,allDatasets,2.481160445091052
ccrcc,40,baseNN,second,justTargetDataset,152.40385084885818
coad,40,baseNN,first,allDatasets,2.07706880569458
coad,40,baseNN,first,justTargetDataset,119.09092712402344
coad,40,baseNN,second,allDatasets,3.051095485687256
coad,40,baseNN,second,justTargetDataset,104.23627471923828
gbm,40,baseNN,first,allDatasets,1.4561693668365479
gbm,40,baseNN,first,justTargetDataset,96.99330139160156
gbm,40,baseNN,second,allDatasets,1.8172430992126465
gbm,40,baseNN,second,justTargetDataset,135.02247619628906
hnscc,40,baseNN,first,allDatasets,1.690472530282062
hnscc,40,baseNN,first,justTargetDataset,351.8354620449785
hnscc,40,baseNN,second,allDatasets,1.7875158389409382
hnscc,40,baseNN,second,justTargetDataset,229.51117639956266
lscc,40,baseNN,first,allDatasets,1.8300650709277981
lscc,40,baseNN,first,justTargetDataset,305.8028631524725
lscc,40,baseNN,second,allDatasets,2.0613376617431642
lscc,40,baseNN,second,justTargetDataset,265.9563652886285
luad,40,baseNN,first,allDatasets,1.46424239425249
luad,40,baseNN,first,justTargetDataset,230.2865941857779
luad,40,baseNN,second,allDatasets,1.9073278942415792
luad,40,baseNN,second,justTargetDataset,178.03337983162172
ov,40,baseNN,first,allDatasets,1.7814831733703613
ov,40,baseNN,first,justTargetDataset,105.49417877197266
ov,40,baseNN,second,allDatasets,1.9548391103744507
ov,40,baseNN,second,justTargetDataset,122.7577133178711
pdac,40,baseNN,first,allDatasets,2.038498878479004
pdac,40,baseNN,first,justTargetDataset,117.88968658447266
pdac,40,baseNN,second,allDatasets,3.620161533355713
pdac,40,baseNN,second,justTargetDataset,105.88298034667969
all,40,baseNN,first,allDatasets,10.777905001682518
all,40,baseNN,first,justTargetDataset,11.64428807655267
all,40,baseNN,second,allDatasets,12.046520817938548
all,40,baseNN,second,justTargetDataset,12.774829687706715
brca,41,baseNN,first,allDatasets,1.918091893196106
brca,41,baseNN,first,justTargetDataset,62.37889862060547
brca,41,baseNN,second,allDatasets,1.9833533763885498
brca,41,baseNN,second,justTargetDataset,76.17401885986328
ccrcc,41,baseNN,first,allDatasets,2.219075607348092
ccrcc,41,baseNN,first,justTargetDataset,129.87955020952828
ccrcc,41,baseNN,second,allDatasets,3.0257154366908927
ccrcc,41,baseNN,second,justTargetDataset,153.8932107778696
coad,41,baseNN,first,allDatasets,9.528792381286621
coad,41,baseNN,first,justTargetDataset,118.67058563232422
coad,41,baseNN,second,allDatasets,1.7082855701446533
coad,41,baseNN,second,justTargetDataset,101.98128509521484
gbm,41,baseNN,first,allDatasets,1.4330276250839233
gbm,41,baseNN,first,justTargetDataset,112.64883422851562
gbm,41,baseNN,second,allDatasets,1.9257581233978271
gbm,41,baseNN,second,justTargetDataset,134.93768310546875
hnscc,41,baseNN,first,allDatasets,1.6715508803077366
hnscc,41,baseNN,first,justTargetDataset,310.9837960505831
hnscc,41,baseNN,second,allDatasets,1.9581601049589075
hnscc,41,baseNN,second,justTargetDataset,176.5721536166426
lscc,41,baseNN,first,allDatasets,1.6460320124259362
lscc,41,baseNN,first,justTargetDataset,319.0203639439174
lscc,41,baseNN,second,allDatasets,2.339887852138943
lscc,41,baseNN,second,justTargetDataset,308.50320909288195
luad,41,baseNN,first,allDatasets,1.646654930166019
luad,41,baseNN,first,justTargetDataset,253.17093617429015
luad,41,baseNN,second,allDatasets,1.8403167724609375
luad,41,baseNN,second,justTargetDataset,167.6126453030494
ov,41,baseNN,first,allDatasets,3.991018533706665
ov,41,baseNN,first,justTargetDataset,129.04449462890625
ov,41,baseNN,second,allDatasets,1.6506125926971436
ov,41,baseNN,second,justTargetDataset,100.2426528930664
pdac,41,baseNN,first,allDatasets,2.5095324516296387
pdac,41,baseNN,first,justTargetDataset,109.76876068115234
pdac,41,baseNN,second,allDatasets,2.10465145111084
pdac,41,baseNN,second,justTargetDataset,95.07093048095703
all,41,baseNN,first,allDatasets,13.572771909595591
all,41,baseNN,first,justTargetDataset,12.73221051207686
all,41,baseNN,second,allDatasets,9.752535803007783
all,41,baseNN,second,justTargetDataset,9.915606215675885
brca,42,baseNN,first,allDatasets,2.167473793029785
brca,42,baseNN,first,justTargetDataset,75.13024139404297
brca,42,baseNN,second,allDatasets,1.710217833518982
brca,42,baseNN,second,justTargetDataset,61.87696838378906
ccrcc,42,baseNN,first,allDatasets,2.888573718976371
ccrcc,42,baseNN,first,justTargetDataset,157.89840273313885
ccrcc,42,baseNN,second,allDatasets,3.5122722540146265
ccrcc,42,baseNN,second,justTargetDataset,167.97607108874197
coad,42,baseNN,first,allDatasets,8.566887855529785
coad,42,baseNN,first,justTargetDataset,117.84071350097656
coad,42,baseNN,second,allDatasets,2.943692922592163
coad,42,baseNN,second,justTargetDataset,115.84554290771484
gbm,42,baseNN,first,allDatasets,1.660691738128662
gbm,42,baseNN,first,justTargetDataset,129.2881317138672
gbm,42,baseNN,second,allDatasets,1.7371102571487427
gbm,42,baseNN,second,justTargetDataset,127.40267181396484
hnscc,42,baseNN,first,allDatasets,1.619144776593084
hnscc,42,baseNN,first,justTargetDataset,345.5814239944237
hnscc,42,baseNN,second,allDatasets,1.9947102449942327
hnscc,42,baseNN,second,justTargetDataset,204.05807141290194
lscc,42,baseNN,first,allDatasets,2.6664188432169484
lscc,42,baseNN,first,justTargetDataset,280.2602720155821
lscc,42,baseNN,second,allDatasets,1.7876547151141697
lscc,42,baseNN,second,justTargetDataset,227.81709832085502
luad,42,baseNN,first,allDatasets,2.0323446642967964
luad,42,baseNN,first,justTargetDataset,169.31519014091901
luad,42,baseNN,second,allDatasets,1.7266504046737507
luad,42,baseNN,second,justTargetDataset,182.554439421623
ov,42,baseNN,first,allDatasets,3.7049055099487305
ov,42,baseNN,first,justTargetDataset,100.31373596191406
ov,42,baseNN,second,allDatasets,1.7453426122665405
ov,42,baseNN,second,justTargetDataset,81.67317199707031
pdac,42,baseNN,first,allDatasets,2.435572385787964
pdac,42,baseNN,first,justTargetDataset,115.4384536743164
pdac,42,baseNN,second,allDatasets,1.779725432395935
pdac,42,baseNN,second,justTargetDataset,90.53736114501953
all,42,baseNN,first,allDatasets,10.861115570405943
all,42,baseNN,first,justTargetDataset,11.044303725251055
all,42,baseNN,second,allDatasets,12.99486955431906
all,42,baseNN,second,justTargetDataset,12.64293029686559
brca,43,baseNN,first,allDatasets,1.925507664680481
brca,43,baseNN,first,justTargetDataset,72.57572174072266
brca,43,baseNN,second,allDatasets,1.8928556442260742
brca,43,baseNN,second,justTargetDataset,72.55242919921875
ccrcc,43,baseNN,first,allDatasets,4.162547546096995
ccrcc,43,baseNN,first,justTargetDataset,200.82712815683098
ccrcc,43,baseNN,second,allDatasets,2.815762746028411
ccrcc,43,baseNN,second,justTargetDataset,178.04193506485376
coad,43,baseNN,first,allDatasets,3.745758533477783
coad,43,baseNN,first,justTargetDataset,103.7835922241211
coad,43,baseNN,second,allDatasets,5.023149490356445
coad,43,baseNN,second,justTargetDataset,113.83338928222656
gbm,43,baseNN,first,allDatasets,1.6039749383926392
gbm,43,baseNN,first,justTargetDataset,122.37696838378906
gbm,43,baseNN,second,allDatasets,1.5497640371322632
gbm,43,baseNN,second,justTargetDataset,127.66597747802734
hnscc,43,baseNN,first,allDatasets,1.5216154274733171
hnscc,43,baseNN,first,justTargetDataset,262.09949769835544
hnscc,43,baseNN,second,allDatasets,2.311966574710348
hnscc,43,baseNN,second,justTargetDataset,297.98279272991675
lscc,43,baseNN,first,allDatasets,1.9388513198265662
lscc,43,baseNN,first,justTargetDataset,268.6994457873669
lscc,43,baseNN,second,allDatasets,1.8680037922329373
lscc,43,baseNN,second,justTargetDataset,322.0014173719618
luad,43,baseNN,first,allDatasets,1.694662105652594
luad,43,baseNN,first,justTargetDataset,243.78409568212365
luad,43,baseNN,second,allDatasets,1.584725328671035
luad,43,baseNN,second,justTargetDataset,177.56080200851605
ov,43,baseNN,first,allDatasets,2.456348180770874
ov,43,baseNN,first,justTargetDataset,95.41850280761719
ov,43,baseNN,second,allDatasets,1.764945387840271
ov,43,baseNN,second,justTargetDataset,91.56610107421875
pdac,43,baseNN,first,allDatasets,3.297266721725464
pdac,43,baseNN,first,justTargetDataset,122.85026550292969
pdac,43,baseNN,second,allDatasets,1.9770126342773438
pdac,43,baseNN,second,justTargetDataset,87.23912048339844
all,43,baseNN,first,allDatasets,15.36017019221213
all,43,baseNN,first,justTargetDataset,14.419058762609431
all,43,baseNN,second,allDatasets,12.306829036875842
all,43,baseNN,second,justTargetDataset,12.168851949314382
brca,44,baseNN,first,allDatasets,1.6179074048995972
brca,44,baseNN,first,justTargetDataset,57.66150665283203
brca,44,baseNN,second,allDatasets,2.836554527282715
brca,44,baseNN,second,justTargetDataset,103.91974639892578
ccrcc,44,baseNN,first,allDatasets,2.602012042757831
ccrcc,44,baseNN,first,justTargetDataset,195.8180337254005
ccrcc,44,baseNN,second,allDatasets,5.201830081450633
ccrcc,44,baseNN,second,justTargetDataset,173.83765391814404
coad,44,baseNN,first,allDatasets,5.656948089599609
coad,44,baseNN,first,justTargetDataset,122.88961791992188
coad,44,baseNN,second,allDatasets,2.011651039123535
coad,44,baseNN,second,justTargetDataset,111.97711944580078
gbm,44,baseNN,first,allDatasets,1.3887897729873657
gbm,44,baseNN,first,justTargetDataset,108.4268798828125
gbm,44,baseNN,second,allDatasets,2.0481905937194824
gbm,44,baseNN,second,justTargetDataset,155.49295043945312
hnscc,44,baseNN,first,allDatasets,1.8552631191585376
hnscc,44,baseNN,first,justTargetDataset,308.39721502774006
hnscc,44,baseNN,second,allDatasets,1.6430782235187034
hnscc,44,baseNN,second,justTargetDataset,250.78286278766134
lscc,44,baseNN,first,allDatasets,1.9722809149668767
lscc,44,baseNN,first,justTargetDataset,238.52582759647578
lscc,44,baseNN,second,allDatasets,1.9238961749606662
lscc,44,baseNN,second,justTargetDataset,255.89334852430557
luad,44,baseNN,first,allDatasets,2.12074516921915
luad,44,baseNN,first,justTargetDataset,242.11763312226984
luad,44,baseNN,second,allDatasets,1.4637210176837059
luad,44,baseNN,second,justTargetDataset,199.42553235125797
ov,44,baseNN,first,allDatasets,2.557978391647339
ov,44,baseNN,first,justTargetDataset,108.48554229736328
ov,44,baseNN,second,allDatasets,4.7327094078063965
ov,44,baseNN,second,justTargetDataset,90.97541809082031
pdac,44,baseNN,first,allDatasets,3.83471941947937
pdac,44,baseNN,first,justTargetDataset,118.82232666015625
pdac,44,baseNN,second,allDatasets,2.193140983581543
pdac,44,baseNN,second,justTargetDataset,106.95960998535156
all,44,baseNN,first,allDatasets,10.481959363211573
all,44,baseNN,first,justTargetDataset,10.837525647931395
all,44,baseNN,second,allDatasets,12.325392117049818
all,44,baseNN,second,justTargetDataset,11.449312429377102
brca,45,baseNN,first,allDatasets,1.5950599908828735
brca,45,baseNN,first,justTargetDataset,61.66658401489258
brca,45,baseNN,second,allDatasets,2.411116600036621
brca,45,baseNN,second,justTargetDataset,82.69686126708984
ccrcc,45,baseNN,first,allDatasets,2.115291043172909
ccrcc,45,baseNN,first,justTargetDataset,194.28675417356854
ccrcc,45,baseNN,second,allDatasets,2.924780851755387
ccrcc,45,baseNN,second,justTargetDataset,162.41168408516126
coad,45,baseNN,first,allDatasets,4.02144718170166
coad,45,baseNN,first,justTargetDataset,137.5985107421875
coad,45,baseNN,second,allDatasets,2.4111404418945312
coad,45,baseNN,second,justTargetDataset,101.67395782470703
gbm,45,baseNN,first,allDatasets,1.759485125541687
gbm,45,baseNN,first,justTargetDataset,139.63343811035156
gbm,45,baseNN,second,allDatasets,1.519838809967041
gbm,45,baseNN,second,justTargetDataset,123.05897521972656
hnscc,45,baseNN,first,allDatasets,1.5398495594660442
hnscc,45,baseNN,first,justTargetDataset,241.0679392054461
hnscc,45,baseNN,second,allDatasets,1.7403126644051594
hnscc,45,baseNN,second,justTargetDataset,185.5814118316208
lscc,45,baseNN,first,allDatasets,1.5277218111268767
lscc,45,baseNN,first,justTargetDataset,236.8072528210315
lscc,45,baseNN,second,allDatasets,2.324345005883111
lscc,45,baseNN,second,justTargetDataset,349.94829033745657
luad,45,baseNN,first,allDatasets,2.16080121327472
luad,45,baseNN,first,justTargetDataset,212.61085805585307
luad,45,baseNN,second,allDatasets,1.3283724310577556
luad,45,baseNN,second,justTargetDataset,154.33289788358954
ov,45,baseNN,first,allDatasets,1.9876608848571777
ov,45,baseNN,first,justTargetDataset,106.11833953857422
ov,45,baseNN,second,allDatasets,1.7164943218231201
ov,45,baseNN,second,justTargetDataset,98.36363983154297
pdac,45,baseNN,first,allDatasets,3.120603084564209
pdac,45,baseNN,first,justTargetDataset,106.80066680908203
pdac,45,baseNN,second,allDatasets,1.7478734254837036
pdac,45,baseNN,second,justTargetDataset,90.98751831054688
all,45,baseNN,first,allDatasets,12.503768249106619
all,45,baseNN,first,justTargetDataset,13.912939662426973
all,45,baseNN,second,allDatasets,13.426154087359043
all,45,baseNN,second,justTargetDataset,12.998666128372763
brca,46,baseNN,first,allDatasets,2.0355327129364014
brca,46,baseNN,first,justTargetDataset,72.34950256347656
brca,46,baseNN,second,allDatasets,1.7585192918777466
brca,46,baseNN,second,justTargetDataset,64.77233123779297
ccrcc,46,baseNN,first,allDatasets,2.3244413061986995
ccrcc,46,baseNN,first,justTargetDataset,198.72916074342365
ccrcc,46,baseNN,second,allDatasets,3.2293190833849783
ccrcc,46,baseNN,second,justTargetDataset,166.05837817069812
coad,46,baseNN,first,allDatasets,1.6594305038452148
coad,46,baseNN,first,justTargetDataset,98.2978515625
coad,46,baseNN,second,allDatasets,5.9724555015563965
coad,46,baseNN,second,justTargetDataset,136.20596313476562
gbm,46,baseNN,first,allDatasets,1.6406211853027344
gbm,46,baseNN,first,justTargetDataset,120.08158111572266
gbm,46,baseNN,second,allDatasets,1.6621228456497192
gbm,46,baseNN,second,justTargetDataset,126.2769775390625
hnscc,46,baseNN,first,allDatasets,1.5294609138931052
hnscc,46,baseNN,first,justTargetDataset,198.00166652513587
hnscc,46,baseNN,second,allDatasets,1.8371923885483672
hnscc,46,baseNN,second,justTargetDataset,201.0987009241961
lscc,46,baseNN,first,allDatasets,1.9937525660127073
lscc,46,baseNN,first,justTargetDataset,281.50452666230257
lscc,46,baseNN,second,allDatasets,1.7455808771981134
lscc,46,baseNN,second,justTargetDataset,295.72768351236977
luad,46,baseNN,first,allDatasets,1.7906164687166932
luad,46,baseNN,first,justTargetDataset,223.36916982999412
luad,46,baseNN,second,allDatasets,1.8846035195935158
luad,46,baseNN,second,justTargetDataset,243.3915041031376
ov,46,baseNN,first,allDatasets,2.673779010772705
ov,46,baseNN,first,justTargetDataset,92.38118743896484
ov,46,baseNN,second,allDatasets,1.7615972757339478
ov,46,baseNN,second,justTargetDataset,98.654296875
pdac,46,baseNN,first,allDatasets,2.5680088996887207
pdac,46,baseNN,first,justTargetDataset,103.21707153320312
pdac,46,baseNN,second,allDatasets,2.3626937866210938
pdac,46,baseNN,second,justTargetDataset,115.36845397949219
all,46,baseNN,first,allDatasets,10.604445086960244
all,46,baseNN,first,justTargetDataset,9.470642214749766
all,46,baseNN,second,allDatasets,15.202581118347386
all,46,baseNN,second,justTargetDataset,15.271997099891703
brca,47,baseNN,first,allDatasets,1.8568265438079834
brca,47,baseNN,first,justTargetDataset,56.605892181396484
brca,47,baseNN,second,allDatasets,2.102915048599243
brca,47,baseNN,second,justTargetDataset,77.70960235595703
ccrcc,47,baseNN,first,allDatasets,2.808878002287466
ccrcc,47,baseNN,first,justTargetDataset,151.22112109993077
ccrcc,47,baseNN,second,allDatasets,2.5461313113188133
ccrcc,47,baseNN,second,justTargetDataset,166.77685155624
coad,47,baseNN,first,allDatasets,2.8822028636932373
coad,47,baseNN,first,justTargetDataset,120.24945831298828
coad,47,baseNN,second,allDatasets,11.174894332885742
coad,47,baseNN,second,justTargetDataset,103.25601959228516
gbm,47,baseNN,first,allDatasets,2.688001871109009
gbm,47,baseNN,first,justTargetDataset,116.47809600830078
gbm,47,baseNN,second,allDatasets,1.9642064571380615
gbm,47,baseNN,second,justTargetDataset,159.8323516845703
hnscc,47,baseNN,first,allDatasets,1.9148717289385588
hnscc,47,baseNN,first,justTargetDataset,164.5129115892493
hnscc,47,baseNN,second,allDatasets,1.5754082997639973
hnscc,47,baseNN,second,justTargetDataset,240.99159417636153
lscc,47,baseNN,first,allDatasets,1.731388800746792
lscc,47,baseNN,first,justTargetDataset,260.6942869752318
lscc,47,baseNN,second,allDatasets,2.4039463308122424
lscc,47,baseNN,second,justTargetDataset,310.24512532552086
luad,47,baseNN,first,allDatasets,1.5751717552062003
luad,47,baseNN,first,justTargetDataset,177.20426005701864
luad,47,baseNN,second,allDatasets,1.76809105437289
luad,47,baseNN,second,justTargetDataset,180.45113069267683
ov,47,baseNN,first,allDatasets,3.5693111419677734
ov,47,baseNN,first,justTargetDataset,90.85594940185547
ov,47,baseNN,second,allDatasets,1.9940329790115356
ov,47,baseNN,second,justTargetDataset,101.51806640625
pdac,47,baseNN,first,allDatasets,1.8549882173538208
pdac,47,baseNN,first,justTargetDataset,98.052490234375
pdac,47,baseNN,second,allDatasets,2.039750099182129
pdac,47,baseNN,second,justTargetDataset,119.86597442626953
all,47,baseNN,first,allDatasets,11.423642483432737
all,47,baseNN,first,justTargetDataset,10.821834960026024
all,47,baseNN,second,allDatasets,15.595709034040862
all,47,baseNN,second,justTargetDataset,15.6271024387788
brca,48,baseNN,first,allDatasets,1.854451060295105
brca,48,baseNN,first,justTargetDataset,68.2031478881836
brca,48,baseNN,second,allDatasets,2.086293935775757
brca,48,baseNN,second,justTargetDataset,84.60993957519531
ccrcc,48,baseNN,first,allDatasets,2.4993894975396653
ccrcc,48,baseNN,first,justTargetDataset,122.09413571900959
ccrcc,48,baseNN,second,allDatasets,2.6207041495885606
ccrcc,48,baseNN,second,justTargetDataset,249.94061670547876
coad,48,baseNN,first,allDatasets,3.48075270652771
coad,48,baseNN,first,justTargetDataset,105.80259704589844
coad,48,baseNN,second,allDatasets,3.421539783477783
coad,48,baseNN,second,justTargetDataset,117.44463348388672
gbm,48,baseNN,first,allDatasets,1.591861605644226
gbm,48,baseNN,first,justTargetDataset,122.1605453491211
gbm,48,baseNN,second,allDatasets,1.6898730993270874
gbm,48,baseNN,second,justTargetDataset,138.12225341796875
hnscc,48,baseNN,first,allDatasets,2.019911417062732
hnscc,48,baseNN,first,justTargetDataset,162.86076111724412
hnscc,48,baseNN,second,allDatasets,2.6502776266872017
hnscc,48,baseNN,second,justTargetDataset,170.17474652718806
lscc,48,baseNN,first,allDatasets,1.6751887903108702
lscc,48,baseNN,first,justTargetDataset,249.1259272648738
lscc,48,baseNN,second,allDatasets,2.184340413411458
lscc,48,baseNN,second,justTargetDataset,335.71239081488716
luad,48,baseNN,first,allDatasets,1.986599221024462
luad,48,baseNN,first,justTargetDataset,341.4855727329049
luad,48,baseNN,second,allDatasets,1.6194597803136355
luad,48,baseNN,second,justTargetDataset,189.70812085879746
ov,48,baseNN,first,allDatasets,1.7231855392456055
ov,48,baseNN,first,justTargetDataset,93.16925048828125
ov,48,baseNN,second,allDatasets,5.553216457366943
ov,48,baseNN,second,justTargetDataset,109.37059783935547
pdac,48,baseNN,first,allDatasets,2.0499305725097656
pdac,48,baseNN,first,justTargetDataset,109.140625
pdac,48,baseNN,second,allDatasets,1.87323796749115
pdac,48,baseNN,second,justTargetDataset,96.1995849609375
all,48,baseNN,first,allDatasets,12.663150299544883
all,48,baseNN,first,justTargetDataset,12.906403686725987
all,48,baseNN,second,allDatasets,14.343011984425646
all,48,baseNN,second,justTargetDataset,14.466582989310199
brca,49,baseNN,first,allDatasets,2.0665228366851807
brca,49,baseNN,first,justTargetDataset,86.67945861816406
brca,49,baseNN,second,allDatasets,1.8536982536315918
brca,49,baseNN,second,justTargetDataset,60.62203598022461
ccrcc,49,baseNN,first,allDatasets,2.8105090388768836
ccrcc,49,baseNN,first,justTargetDataset,168.0271169928056
ccrcc,49,baseNN,second,allDatasets,2.49289730267647
ccrcc,49,baseNN,second,justTargetDataset,183.1497043707432
coad,49,baseNN,first,allDatasets,5.042496204376221
coad,49,baseNN,first,justTargetDataset,119.47857666015625
coad,49,baseNN,second,allDatasets,2.4233877658843994
coad,49,baseNN,second,justTargetDataset,112.69146728515625
gbm,49,baseNN,first,allDatasets,1.6440273523330688
gbm,49,baseNN,first,justTargetDataset,129.09547424316406
gbm,49,baseNN,second,allDatasets,1.6373671293258667
gbm,49,baseNN,second,justTargetDataset,116.98699951171875
hnscc,49,baseNN,first,allDatasets,1.770752115526061
hnscc,49,baseNN,first,justTargetDataset,175.99723992831466
hnscc,49,baseNN,second,allDatasets,1.734698166017947
hnscc,49,baseNN,second,justTargetDataset,226.09693245265794
lscc,49,baseNN,first,allDatasets,2.237363094811911
lscc,49,baseNN,first,justTargetDataset,242.29558722527472
lscc,49,baseNN,second,allDatasets,1.6212648762596977
lscc,49,baseNN,second,justTargetDataset,281.98285522460935
luad,49,baseNN,first,allDatasets,1.65189391310497
luad,49,baseNN,first,justTargetDataset,175.1441172938193
luad,49,baseNN,second,allDatasets,1.6132261586445633
luad,49,baseNN,second,justTargetDataset,189.90185891428303
ov,49,baseNN,first,allDatasets,2.2214787006378174
ov,49,baseNN,first,justTargetDataset,106.65673828125
ov,49,baseNN,second,allDatasets,1.6351842880249023
ov,49,baseNN,second,justTargetDataset,85.91537475585938
pdac,49,baseNN,first,allDatasets,1.763575792312622
pdac,49,baseNN,first,justTargetDataset,93.19463348388672
pdac,49,baseNN,second,allDatasets,2.436417818069458
pdac,49,baseNN,second,justTargetDataset,113.26862335205078
all,49,baseNN,first,allDatasets,13.462042999267577
all,49,baseNN,first,justTargetDataset,14.063701972286259
all,49,baseNN,second,allDatasets,11.939086183932163
all,49,baseNN,second,justTargetDataset,11.798364549184653
brca,50,baseNN,first,allDatasets,1.8841246366500854
brca,50,baseNN,first,justTargetDataset,69.23680114746094
brca,50,baseNN,second,allDatasets,1.9937762022018433
brca,50,baseNN,second,justTargetDataset,65.36962127685547
ccrcc,50,baseNN,first,allDatasets,2.59019951578937
ccrcc,50,baseNN,first,justTargetDataset,149.92554290385186
ccrcc,50,baseNN,second,allDatasets,2.628521821437738
ccrcc,50,baseNN,second,justTargetDataset,135.01641258826623
coad,50,baseNN,first,allDatasets,4.240715026855469
coad,50,baseNN,first,justTargetDataset,104.70968627929688
coad,50,baseNN,second,allDatasets,1.7611746788024902
coad,50,baseNN,second,justTargetDataset,107.65604400634766
gbm,50,baseNN,first,allDatasets,1.8271864652633667
gbm,50,baseNN,first,justTargetDataset,156.9127197265625
gbm,50,baseNN,second,allDatasets,1.5156148672103882
gbm,50,baseNN,second,justTargetDataset,111.90265655517578
hnscc,50,baseNN,first,allDatasets,1.7041720549265544
hnscc,50,baseNN,first,justTargetDataset,143.38295226166213
hnscc,50,baseNN,second,allDatasets,1.7591842741206072
hnscc,50,baseNN,second,justTargetDataset,257.2216805720675
lscc,50,baseNN,first,allDatasets,1.950977705337189
lscc,50,baseNN,first,justTargetDataset,269.9450140313788
lscc,50,baseNN,second,allDatasets,1.8475835031933254
lscc,50,baseNN,second,justTargetDataset,262.20330946180553
luad,50,baseNN,first,allDatasets,1.6854012717482865
luad,50,baseNN,first,justTargetDataset,197.92290800361224
luad,50,baseNN,second,allDatasets,2.0723658454033638
luad,50,baseNN,second,justTargetDataset,274.30616678217405
ov,50,baseNN,first,allDatasets,2.2174696922302246
ov,50,baseNN,first,justTargetDataset,115.58646392822266
ov,50,baseNN,second,allDatasets,1.5710647106170654
ov,50,baseNN,second,justTargetDataset,70.09415435791016
pdac,50,baseNN,first,allDatasets,2.269583225250244
pdac,50,baseNN,first,justTargetDataset,121.18055725097656
pdac,50,baseNN,second,allDatasets,1.9893702268600464
pdac,50,baseNN,second,justTargetDataset,81.07117462158203
all,50,baseNN,first,allDatasets,16.619954456903237
all,50,baseNN,first,justTargetDataset,17.785758249738574
all,50,baseNN,second,allDatasets,11.54439954621694
all,50,baseNN,second,justTargetDataset,10.890945931806922
brca,51,baseNN,first,allDatasets,1.825593113899231
brca,51,baseNN,first,justTargetDataset,61.911163330078125
brca,51,baseNN,second,allDatasets,1.977625846862793
brca,51,baseNN,second,justTargetDataset,75.24661254882812
ccrcc,51,baseNN,first,allDatasets,3.0244935102100614
ccrcc,51,baseNN,first,justTargetDataset,159.7400792761694
ccrcc,51,baseNN,second,allDatasets,2.4356314830290966
ccrcc,51,baseNN,second,justTargetDataset,203.71155567658252
coad,51,baseNN,first,allDatasets,8.89437484741211
coad,51,baseNN,first,justTargetDataset,127.17034912109375
coad,51,baseNN,second,allDatasets,2.0094404220581055
coad,51,baseNN,second,justTargetDataset,110.34498596191406
gbm,51,baseNN,first,allDatasets,1.537825345993042
gbm,51,baseNN,first,justTargetDataset,122.62688446044922
gbm,51,baseNN,second,allDatasets,1.7231521606445312
gbm,51,baseNN,second,justTargetDataset,135.71585083007812
hnscc,51,baseNN,first,allDatasets,1.7122769096623296
hnscc,51,baseNN,first,justTargetDataset,236.2160246475883
hnscc,51,baseNN,second,allDatasets,1.8276214357735454
hnscc,51,baseNN,second,justTargetDataset,156.8224462979082
lscc,51,baseNN,first,allDatasets,1.7562937684111544
lscc,51,baseNN,first,justTargetDataset,281.666507930546
lscc,51,baseNN,second,allDatasets,2.188700559404161
lscc,51,baseNN,second,justTargetDataset,292.6529612223307
luad,51,baseNN,first,allDatasets,2.77414438545063
luad,51,baseNN,first,justTargetDataset,206.2801246232884
luad,51,baseNN,second,allDatasets,1.4490733761941232
luad,51,baseNN,second,justTargetDataset,275.58703777354253
ov,51,baseNN,first,allDatasets,1.663580060005188
ov,51,baseNN,first,justTargetDataset,96.59878540039062
ov,51,baseNN,second,allDatasets,2.030203342437744
ov,51,baseNN,second,justTargetDataset,96.46026611328125
pdac,51,baseNN,first,allDatasets,3.03342866897583
pdac,51,baseNN,first,justTargetDataset,101.14783477783203
pdac,51,baseNN,second,allDatasets,3.7645461559295654
pdac,51,baseNN,second,justTargetDataset,118.3059310913086
all,51,baseNN,first,allDatasets,14.0307890512247
all,51,baseNN,first,justTargetDataset,15.27915281616481
all,51,baseNN,second,allDatasets,11.800231576603364
all,51,baseNN,second,justTargetDataset,11.81209160299862
brca,52,baseNN,first,allDatasets,1.7420181035995483
brca,52,baseNN,first,justTargetDataset,60.977996826171875
brca,52,baseNN,second,allDatasets,2.2878782749176025
brca,52,baseNN,second,justTargetDataset,84.51126098632812
ccrcc,52,baseNN,first,allDatasets,2.5446620168565195
ccrcc,52,baseNN,first,justTargetDataset,174.3779399244091
ccrcc,52,baseNN,second,allDatasets,2.49902466015938
ccrcc,52,baseNN,second,justTargetDataset,161.1891573392428
coad,52,baseNN,first,allDatasets,2.5197839736938477
coad,52,baseNN,first,justTargetDataset,93.3577651977539
coad,52,baseNN,second,allDatasets,5.90513277053833
coad,52,baseNN,second,justTargetDataset,124.07313537597656
gbm,52,baseNN,first,allDatasets,1.536987543106079
gbm,52,baseNN,first,justTargetDataset,116.68455505371094
gbm,52,baseNN,second,allDatasets,1.5998389720916748
gbm,52,baseNN,second,justTargetDataset,129.5897674560547
hnscc,52,baseNN,first,allDatasets,1.5691458263259004
hnscc,52,baseNN,first,justTargetDataset,274.8576315174932
hnscc,52,baseNN,second,allDatasets,1.826354083807572
hnscc,52,baseNN,second,justTargetDataset,244.74570321345675
lscc,52,baseNN,first,allDatasets,1.8801386854150792
lscc,52,baseNN,first,justTargetDataset,273.69835184956645
lscc,52,baseNN,second,allDatasets,2.0041694190767076
lscc,52,baseNN,second,justTargetDataset,293.7079345703125
luad,52,baseNN,first,allDatasets,1.997430383518178
luad,52,baseNN,first,justTargetDataset,209.25777476320985
luad,52,baseNN,second,allDatasets,1.6516808245771675
luad,52,baseNN,second,justTargetDataset,245.0179714079826
ov,52,baseNN,first,allDatasets,1.725366473197937
ov,52,baseNN,first,justTargetDataset,92.15139770507812
ov,52,baseNN,second,allDatasets,1.9183683395385742
ov,52,baseNN,second,justTargetDataset,111.27405548095703
pdac,52,baseNN,first,allDatasets,2.197399139404297
pdac,52,baseNN,first,justTargetDataset,102.86507415771484
pdac,52,baseNN,second,allDatasets,2.9070510864257812
pdac,52,baseNN,second,justTargetDataset,107.13839721679688
all,52,baseNN,first,allDatasets,12.928228060967099
all,52,baseNN,first,justTargetDataset,12.463979353102962
all,52,baseNN,second,allDatasets,12.45429345333215
all,52,baseNN,second,justTargetDataset,13.384592902001637
brca,53,baseNN,first,allDatasets,2.488584280014038
brca,53,baseNN,first,justTargetDataset,82.54112243652344
brca,53,baseNN,second,allDatasets,1.7096372842788696
brca,53,baseNN,second,justTargetDataset,63.22993469238281
ccrcc,53,baseNN,first,allDatasets,2.55074761185465
ccrcc,53,baseNN,first,justTargetDataset,158.4333030604109
ccrcc,53,baseNN,second,allDatasets,2.7061171592810216
ccrcc,53,baseNN,second,justTargetDataset,147.42403235802283
coad,53,baseNN,first,allDatasets,5.976456165313721
coad,53,baseNN,first,justTargetDataset,125.2256088256836
coad,53,baseNN,second,allDatasets,2.701916217803955
coad,53,baseNN,second,justTargetDataset,104.71123504638672
gbm,53,baseNN,first,allDatasets,5.611030578613281
gbm,53,baseNN,first,justTargetDataset,157.5063018798828
gbm,53,baseNN,second,allDatasets,1.534724473953247
gbm,53,baseNN,second,justTargetDataset,114.33482360839844
hnscc,53,baseNN,first,allDatasets,1.5595374971196272
hnscc,53,baseNN,first,justTargetDataset,222.91205010897872
hnscc,53,baseNN,second,allDatasets,1.8612512972043909
hnscc,53,baseNN,second,justTargetDataset,175.0336898582569
lscc,53,baseNN,first,allDatasets,2.4051157720796357
lscc,53,baseNN,first,justTargetDataset,221.98897829160586
lscc,53,baseNN,second,allDatasets,1.7153282509909735
lscc,53,baseNN,second,justTargetDataset,292.10220608181424
luad,53,baseNN,first,allDatasets,1.4802747862313383
luad,53,baseNN,first,justTargetDataset,204.7443581857989
luad,53,baseNN,second,allDatasets,1.8362102021453202
luad,53,baseNN,second,justTargetDataset,187.85141155283938
ov,53,baseNN,first,allDatasets,2.5382070541381836
ov,53,baseNN,first,justTargetDataset,90.1986312866211
ov,53,baseNN,second,allDatasets,1.9940321445465088
ov,53,baseNN,second,justTargetDataset,100.22621154785156
pdac,53,baseNN,first,allDatasets,1.898620367050171
pdac,53,baseNN,first,justTargetDataset,98.56824493408203
pdac,53,baseNN,second,allDatasets,1.8107370138168335
pdac,53,baseNN,second,justTargetDataset,117.50210571289062
all,53,baseNN,first,allDatasets,13.59800011795179
all,53,baseNN,first,justTargetDataset,13.22306769885848
all,53,baseNN,second,allDatasets,11.090691284274884
all,53,baseNN,second,justTargetDataset,12.360431932935528
brca,54,baseNN,first,allDatasets,2.1574578285217285
brca,54,baseNN,first,justTargetDataset,85.32305145263672
brca,54,baseNN,second,allDatasets,1.9353218078613281
brca,54,baseNN,second,justTargetDataset,70.51155853271484
ccrcc,54,baseNN,first,allDatasets,2.4334324009810824
ccrcc,54,baseNN,first,justTargetDataset,194.5575639748875
ccrcc,54,baseNN,second,allDatasets,2.4572921288319125
ccrcc,54,baseNN,second,justTargetDataset,305.3197526198167
coad,54,baseNN,first,allDatasets,1.6666687726974487
coad,54,baseNN,first,justTargetDataset,119.03683471679688
coad,54,baseNN,second,allDatasets,2.4400315284729004
coad,54,baseNN,second,justTargetDataset,105.41027069091797
gbm,54,baseNN,first,allDatasets,1.470152497291565
gbm,54,baseNN,first,justTargetDataset,114.00141906738281
gbm,54,baseNN,second,allDatasets,1.9135996103286743
gbm,54,baseNN,second,justTargetDataset,127.38409423828125
hnscc,54,baseNN,first,allDatasets,1.9775617520014446
hnscc,54,baseNN,first,justTargetDataset,259.9214152460513
hnscc,54,baseNN,second,allDatasets,1.48703434329102
hnscc,54,baseNN,second,justTargetDataset,213.24885647538778
lscc,54,baseNN,first,allDatasets,1.8888970980277429
lscc,54,baseNN,first,justTargetDataset,249.18760295490642
lscc,54,baseNN,second,allDatasets,1.8588632106781007
lscc,54,baseNN,second,justTargetDataset,294.376272922092
luad,54,baseNN,first,allDatasets,1.729199404357582
luad,54,baseNN,first,justTargetDataset,199.66881060856645
luad,54,baseNN,second,allDatasets,1.5775593006482689
luad,54,baseNN,second,justTargetDataset,207.84766248477402
ov,54,baseNN,first,allDatasets,1.881211280822754
ov,54,baseNN,first,justTargetDataset,103.83370971679688
ov,54,baseNN,second,allDatasets,1.7768800258636475
ov,54,baseNN,second,justTargetDataset,96.87904357910156
pdac,54,baseNN,first,allDatasets,6.726423263549805
pdac,54,baseNN,first,justTargetDataset,112.80758666992188
pdac,54,baseNN,second,allDatasets,4.717235088348389
pdac,54,baseNN,second,justTargetDataset,103.90603637695312
all,54,baseNN,first,allDatasets,11.06619655980473
all,54,baseNN,first,justTargetDataset,10.459308519616592
all,54,baseNN,second,allDatasets,13.95713508830351
all,54,baseNN,second,justTargetDataset,13.604823829868472
brca,55,baseNN,first,allDatasets,2.2839839458465576
brca,55,baseNN,first,justTargetDataset,83.6924057006836
brca,55,baseNN,second,allDatasets,1.6420387029647827
brca,55,baseNN,second,justTargetDataset,58.76359558105469
ccrcc,55,baseNN,first,allDatasets,3.9199396266212947
ccrcc,55,baseNN,first,justTargetDataset,235.45610413370252
ccrcc,55,baseNN,second,allDatasets,2.490412871042887
ccrcc,55,baseNN,second,justTargetDataset,214.75265463804587
coad,55,baseNN,first,allDatasets,4.1376519203186035
coad,55,baseNN,first,justTargetDataset,116.14383697509766
coad,55,baseNN,second,allDatasets,4.890266418457031
coad,55,baseNN,second,justTargetDataset,102.82789611816406
gbm,55,baseNN,first,allDatasets,4.359414100646973
gbm,55,baseNN,first,justTargetDataset,110.3965072631836
gbm,55,baseNN,second,allDatasets,1.8561707735061646
gbm,55,baseNN,second,justTargetDataset,137.70338439941406
hnscc,55,baseNN,first,allDatasets,1.904895607975946
hnscc,55,baseNN,first,justTargetDataset,247.37150219903475
hnscc,55,baseNN,second,allDatasets,1.6320713257444077
hnscc,55,baseNN,second,justTargetDataset,281.42994999540025
lscc,55,baseNN,first,allDatasets,2.0846959496592428
lscc,55,baseNN,first,justTargetDataset,263.74439130510603
lscc,55,baseNN,second,allDatasets,1.664934555689494
lscc,55,baseNN,second,justTargetDataset,314.22674357096355
luad,55,baseNN,first,allDatasets,1.5203299125035603
luad,55,baseNN,first,justTargetDataset,178.7951149889218
luad,55,baseNN,second,allDatasets,1.8579510745181833
luad,55,baseNN,second,justTargetDataset,242.48067663049184
ov,55,baseNN,first,allDatasets,1.6186339855194092
ov,55,baseNN,first,justTargetDataset,107.57839965820312
ov,55,baseNN,second,allDatasets,2.049894094467163
ov,55,baseNN,second,justTargetDataset,117.48633575439453
pdac,55,baseNN,first,allDatasets,2.424039125442505
pdac,55,baseNN,first,justTargetDataset,110.4764404296875
pdac,55,baseNN,second,allDatasets,1.9755288362503052
pdac,55,baseNN,second,justTargetDataset,97.75833129882812
all,55,baseNN,first,allDatasets,13.59935135292796
all,55,baseNN,first,justTargetDataset,13.579110640129157
all,55,baseNN,second,allDatasets,12.007019388059456
all,55,baseNN,second,justTargetDataset,11.879312563707485
brca,56,baseNN,first,allDatasets,2.149204969406128
brca,56,baseNN,first,justTargetDataset,76.3981704711914
brca,56,baseNN,second,allDatasets,1.7614253759384155
brca,56,baseNN,second,justTargetDataset,67.7835464477539
ccrcc,56,baseNN,first,allDatasets,2.540954369532911
ccrcc,56,baseNN,first,justTargetDataset,166.81270589707773
ccrcc,56,baseNN,second,allDatasets,2.983457571420914
ccrcc,56,baseNN,second,justTargetDataset,164.93443298339844
coad,56,baseNN,first,allDatasets,7.8869733810424805
coad,56,baseNN,first,justTargetDataset,102.942138671875
coad,56,baseNN,second,allDatasets,1.939031958580017
coad,56,baseNN,second,justTargetDataset,137.4683074951172
gbm,56,baseNN,first,allDatasets,1.8952832221984863
gbm,56,baseNN,first,justTargetDataset,137.13536071777344
gbm,56,baseNN,second,allDatasets,1.4764078855514526
gbm,56,baseNN,second,justTargetDataset,120.7994384765625
hnscc,56,baseNN,first,allDatasets,1.8087144485418347
hnscc,56,baseNN,first,justTargetDataset,166.17791681704313
hnscc,56,baseNN,second,allDatasets,1.735113112822823
hnscc,56,baseNN,second,justTargetDataset,202.47189817566803
lscc,56,baseNN,first,allDatasets,1.8028289380964342
lscc,56,baseNN,first,justTargetDataset,262.96502853225877
lscc,56,baseNN,second,allDatasets,2.159112056096395
lscc,56,baseNN,second,justTargetDataset,330.2394165039062
luad,56,baseNN,first,allDatasets,2.4203988582857194
luad,56,baseNN,first,justTargetDataset,213.31803286972865
luad,56,baseNN,second,allDatasets,1.6344621604488743
luad,56,baseNN,second,justTargetDataset,175.89322490076864
ov,56,baseNN,first,allDatasets,1.906134843826294
ov,56,baseNN,first,justTargetDataset,97.98396301269531
ov,56,baseNN,second,allDatasets,1.6918388605117798
ov,56,baseNN,second,justTargetDataset,92.51667785644531
pdac,56,baseNN,first,allDatasets,2.002436399459839
pdac,56,baseNN,first,justTargetDataset,99.54313659667969
pdac,56,baseNN,second,allDatasets,1.8708131313323975
pdac,56,baseNN,second,justTargetDataset,104.63085174560547
all,56,baseNN,first,allDatasets,13.223820596880618
all,56,baseNN,first,justTargetDataset,14.37976780190932
all,56,baseNN,second,allDatasets,11.511531280748772
all,56,baseNN,second,justTargetDataset,11.42957094263903
brca,57,baseNN,first,allDatasets,2.3879191875457764
brca,57,baseNN,first,justTargetDataset,81.24514770507812
brca,57,baseNN,second,allDatasets,1.622368574142456
brca,57,baseNN,second,justTargetDataset,60.129859924316406
ccrcc,57,baseNN,first,allDatasets,2.4440580048138583
ccrcc,57,baseNN,first,justTargetDataset,141.2768993136249
ccrcc,57,baseNN,second,allDatasets,2.943516853528145
ccrcc,57,baseNN,second,justTargetDataset,149.40658530210837
coad,57,baseNN,first,allDatasets,2.9583535194396973
coad,57,baseNN,first,justTargetDataset,109.10509490966797
coad,57,baseNN,second,allDatasets,6.081964015960693
coad,57,baseNN,second,justTargetDataset,107.38123321533203
gbm,57,baseNN,first,allDatasets,1.9543788433074951
gbm,57,baseNN,first,justTargetDataset,142.5859832763672
gbm,57,baseNN,second,allDatasets,1.3561601638793945
gbm,57,baseNN,second,justTargetDataset,102.05660247802734
hnscc,57,baseNN,first,allDatasets,2.129163437995358
hnscc,57,baseNN,first,justTargetDataset,264.68101567807406
hnscc,57,baseNN,second,allDatasets,1.5844735943752786
hnscc,57,baseNN,second,justTargetDataset,244.30007315373075
lscc,57,baseNN,first,allDatasets,1.7774630575389652
lscc,57,baseNN,first,justTargetDataset,305.7507619333791
lscc,57,baseNN,second,allDatasets,2.073568346765306
lscc,57,baseNN,second,justTargetDataset,266.4131890190972
luad,57,baseNN,first,allDatasets,1.4127229131678098
luad,57,baseNN,first,justTargetDataset,115.9154784499958
luad,57,baseNN,second,allDatasets,2.141482424992387
luad,57,baseNN,second,justTargetDataset,168.70543875745548
ov,57,baseNN,first,allDatasets,2.0078091621398926
ov,57,baseNN,first,justTargetDataset,96.03564453125
ov,57,baseNN,second,allDatasets,1.7021366357803345
ov,57,baseNN,second,justTargetDataset,82.48976135253906
pdac,57,baseNN,first,allDatasets,3.4359872341156006
pdac,57,baseNN,first,justTargetDataset,107.93915557861328
pdac,57,baseNN,second,allDatasets,2.0582354068756104
pdac,57,baseNN,second,justTargetDataset,107.93181610107422
all,57,baseNN,first,allDatasets,13.076939022435552
all,57,baseNN,first,justTargetDataset,12.583379772490105
all,57,baseNN,second,allDatasets,11.791363040393687
all,57,baseNN,second,justTargetDataset,12.321979043317988
brca,58,baseNN,first,allDatasets,1.7772074937820435
brca,58,baseNN,first,justTargetDataset,68.1104736328125
brca,58,baseNN,second,allDatasets,2.1604299545288086
brca,58,baseNN,second,justTargetDataset,78.9531478881836
ccrcc,58,baseNN,first,allDatasets,2.8676286950896057
ccrcc,58,baseNN,first,justTargetDataset,228.9059958156151
ccrcc,58,baseNN,second,allDatasets,2.545556441331521
ccrcc,58,baseNN,second,justTargetDataset,192.64240284455127
coad,58,baseNN,first,allDatasets,2.4525320529937744
coad,58,baseNN,first,justTargetDataset,111.03132629394531
coad,58,baseNN,second,allDatasets,4.737558841705322
coad,58,baseNN,second,justTargetDataset,89.983642578125
gbm,58,baseNN,first,allDatasets,1.6872395277023315
gbm,58,baseNN,first,justTargetDataset,122.94075012207031
gbm,58,baseNN,second,allDatasets,1.6254249811172485
gbm,58,baseNN,second,justTargetDataset,118.87567138671875
hnscc,58,baseNN,first,allDatasets,1.7410458291786304
hnscc,58,baseNN,first,justTargetDataset,223.44898920473844
hnscc,58,baseNN,second,allDatasets,1.7795001216556714
hnscc,58,baseNN,second,justTargetDataset,174.05828569937444
lscc,58,baseNN,first,allDatasets,2.1242378517821594
lscc,58,baseNN,first,justTargetDataset,282.8131676977807
lscc,58,baseNN,second,allDatasets,1.8149206903245714
lscc,58,baseNN,second,justTargetDataset,256.36604275173613
luad,58,baseNN,first,allDatasets,1.7982085404857513
luad,58,baseNN,first,justTargetDataset,187.7610893659694
luad,58,baseNN,second,allDatasets,1.9214045065705494
luad,58,baseNN,second,justTargetDataset,182.82854338615172
ov,58,baseNN,first,allDatasets,1.7028534412384033
ov,58,baseNN,first,justTargetDataset,94.7092056274414
ov,58,baseNN,second,allDatasets,1.9980034828186035
ov,58,baseNN,second,justTargetDataset,91.51947021484375
pdac,58,baseNN,first,allDatasets,1.6211729049682617
pdac,58,baseNN,first,justTargetDataset,95.6419448852539
pdac,58,baseNN,second,allDatasets,2.4249632358551025
pdac,58,baseNN,second,justTargetDataset,111.56474304199219
all,58,baseNN,first,allDatasets,13.31988113031978
all,58,baseNN,first,justTargetDataset,13.247429970935382
all,58,baseNN,second,allDatasets,10.18744992019871
all,58,baseNN,second,justTargetDataset,10.962351491319517
brca,59,baseNN,first,allDatasets,2.0152626037597656
brca,59,baseNN,first,justTargetDataset,74.26879119873047
brca,59,baseNN,second,allDatasets,1.7609672546386719
brca,59,baseNN,second,justTargetDataset,64.34114074707031
ccrcc,59,baseNN,first,allDatasets,2.4709933709494676
ccrcc,59,baseNN,first,justTargetDataset,150.51908179174495
ccrcc,59,baseNN,second,allDatasets,2.425607014925052
ccrcc,59,baseNN,second,justTargetDataset,166.61261142828525
coad,59,baseNN,first,allDatasets,3.404858350753784
coad,59,baseNN,first,justTargetDataset,102.78156280517578
coad,59,baseNN,second,allDatasets,2.318528890609741
coad,59,baseNN,second,justTargetDataset,123.54119873046875
gbm,59,baseNN,first,allDatasets,1.8014367818832397
gbm,59,baseNN,first,justTargetDataset,140.80909729003906
gbm,59,baseNN,second,allDatasets,1.4995845556259155
gbm,59,baseNN,second,justTargetDataset,116.07655334472656
hnscc,59,baseNN,first,allDatasets,1.7685437427050825
hnscc,59,baseNN,first,justTargetDataset,239.43685249660325
hnscc,59,baseNN,second,allDatasets,1.5963600493859553
hnscc,59,baseNN,second,justTargetDataset,215.30024520210597
lscc,59,baseNN,first,allDatasets,1.718939361991463
lscc,59,baseNN,first,justTargetDataset,291.0306852571257
lscc,59,baseNN,second,allDatasets,2.2298264291551377
lscc,59,baseNN,second,justTargetDataset,324.8438008626302
luad,59,baseNN,first,allDatasets,1.6002854480538318
luad,59,baseNN,first,justTargetDataset,188.31780365974672
luad,59,baseNN,second,allDatasets,1.6965955470197944
luad,59,baseNN,second,justTargetDataset,197.52762398668514
ov,59,baseNN,first,allDatasets,1.6903020143508911
ov,59,baseNN,first,justTargetDataset,101.01158142089844
ov,59,baseNN,second,allDatasets,3.2172231674194336
ov,59,baseNN,second,justTargetDataset,100.33401489257812
pdac,59,baseNN,first,allDatasets,2.46879243850708
pdac,59,baseNN,first,justTargetDataset,111.8472671508789
pdac,59,baseNN,second,allDatasets,1.6369199752807617
pdac,59,baseNN,second,justTargetDataset,95.1612319946289
all,59,baseNN,first,allDatasets,11.589578460592085
all,59,baseNN,first,justTargetDataset,12.29473825809175
all,59,baseNN,second,allDatasets,11.672923511362331
all,59,baseNN,second,justTargetDataset,11.770373818708613
brca,60,baseNN,first,allDatasets,2.002258777618408
brca,60,baseNN,first,justTargetDataset,77.31390380859375
brca,60,baseNN,second,allDatasets,2.069031238555908
brca,60,baseNN,second,justTargetDataset,62.313907623291016
ccrcc,60,baseNN,first,allDatasets,3.1388858209682415
ccrcc,60,baseNN,first,justTargetDataset,162.45435362224336
ccrcc,60,baseNN,second,allDatasets,2.557348813766088
ccrcc,60,baseNN,second,justTargetDataset,154.44372871594553
coad,60,baseNN,first,allDatasets,2.4334607124328613
coad,60,baseNN,first,justTargetDataset,132.856689453125
coad,60,baseNN,second,allDatasets,3.782418727874756
coad,60,baseNN,second,justTargetDataset,113.72798156738281
gbm,60,baseNN,first,allDatasets,1.958823800086975
gbm,60,baseNN,first,justTargetDataset,144.63531494140625
gbm,60,baseNN,second,allDatasets,1.4105925559997559
gbm,60,baseNN,second,justTargetDataset,111.2418441772461
hnscc,60,baseNN,first,allDatasets,1.9192424477010532
hnscc,60,baseNN,first,justTargetDataset,182.1276136757671
hnscc,60,baseNN,second,allDatasets,1.580213479373766
hnscc,60,baseNN,second,justTargetDataset,189.93410326086956
lscc,60,baseNN,first,allDatasets,2.073627147045764
lscc,60,baseNN,first,justTargetDataset,291.9180183829842
lscc,60,baseNN,second,allDatasets,1.6857028325398764
lscc,60,baseNN,second,justTargetDataset,289.3569620768229
luad,60,baseNN,first,allDatasets,1.7043883262142059
luad,60,baseNN,first,justTargetDataset,328.26522564631637
luad,60,baseNN,second,allDatasets,1.7037398610063779
luad,60,baseNN,second,justTargetDataset,173.31965834094632
ov,60,baseNN,first,allDatasets,2.257004499435425
ov,60,baseNN,first,justTargetDataset,115.52912139892578
ov,60,baseNN,second,allDatasets,2.193211078643799
ov,60,baseNN,second,justTargetDataset,93.54882049560547
pdac,60,baseNN,first,allDatasets,1.6170988082885742
pdac,60,baseNN,first,justTargetDataset,90.04792022705078
pdac,60,baseNN,second,allDatasets,2.178962469100952
pdac,60,baseNN,second,justTargetDataset,118.59407806396484
all,60,baseNN,first,allDatasets,10.766050951459766
all,60,baseNN,first,justTargetDataset,10.760145713164743
all,60,baseNN,second,allDatasets,10.319399236995269
all,60,baseNN,second,justTargetDataset,11.336534683717126
brca,61,baseNN,first,allDatasets,2.30676007270813
brca,61,baseNN,first,justTargetDataset,77.52667999267578
brca,61,baseNN,second,allDatasets,1.6881067752838135
brca,61,baseNN,second,justTargetDataset,68.70024108886719
ccrcc,61,baseNN,first,allDatasets,2.904555000836336
ccrcc,61,baseNN,first,justTargetDataset,140.50077877768987
ccrcc,61,baseNN,second,allDatasets,2.7201756147237925
ccrcc,61,baseNN,second,justTargetDataset,172.6905752328726
coad,61,baseNN,first,allDatasets,1.771424412727356
coad,61,baseNN,first,justTargetDataset,86.23365783691406
coad,61,baseNN,second,allDatasets,4.316544055938721
coad,61,baseNN,second,justTargetDataset,101.44352722167969
gbm,61,baseNN,first,allDatasets,1.626993179321289
gbm,61,baseNN,first,justTargetDataset,123.0643539428711
gbm,61,baseNN,second,allDatasets,1.6702070236206055
gbm,61,baseNN,second,justTargetDataset,136.7424774169922
hnscc,61,baseNN,first,allDatasets,1.6706679886665896
hnscc,61,baseNN,first,justTargetDataset,242.39671436254528
hnscc,61,baseNN,second,allDatasets,1.7419720680817314
hnscc,61,baseNN,second,justTargetDataset,227.3465965381567
lscc,61,baseNN,first,allDatasets,1.5874778006103012
lscc,61,baseNN,first,justTargetDataset,249.67295954777643
lscc,61,baseNN,second,allDatasets,2.1765164613723753
lscc,61,baseNN,second,justTargetDataset,353.5086168077257
luad,61,baseNN,first,allDatasets,1.4128901471373856
luad,61,baseNN,first,justTargetDataset,235.49803735876597
luad,61,baseNN,second,allDatasets,1.7602342110808178
luad,61,baseNN,second,justTargetDataset,153.89920339276713
ov,61,baseNN,first,allDatasets,1.827889323234558
ov,61,baseNN,first,justTargetDataset,94.03633117675781
ov,61,baseNN,second,allDatasets,1.981666088104248
ov,61,baseNN,second,justTargetDataset,85.21939849853516
pdac,61,baseNN,first,allDatasets,2.136439323425293
pdac,61,baseNN,first,justTargetDataset,83.70791625976562
pdac,61,baseNN,second,allDatasets,4.7614898681640625
pdac,61,baseNN,second,justTargetDataset,133.7123260498047
all,61,baseNN,first,allDatasets,12.842137690350018
all,61,baseNN,first,justTargetDataset,13.993055087064219
all,61,baseNN,second,allDatasets,10.86023361457648
all,61,baseNN,second,justTargetDataset,11.385435415461739
brca,62,baseNN,first,allDatasets,1.6220675706863403
brca,62,baseNN,first,justTargetDataset,63.054481506347656
brca,62,baseNN,second,allDatasets,2.476699113845825
brca,62,baseNN,second,justTargetDataset,90.15180206298828
ccrcc,62,baseNN,first,allDatasets,2.5225076826312876
ccrcc,62,baseNN,first,justTargetDataset,151.08019652547716
ccrcc,62,baseNN,second,allDatasets,2.513046289101625
ccrcc,62,baseNN,second,justTargetDataset,165.52353100898938
coad,62,baseNN,first,allDatasets,6.9427361488342285
coad,62,baseNN,first,justTargetDataset,108.85652923583984
coad,62,baseNN,second,allDatasets,5.019020080566406
coad,62,baseNN,second,justTargetDataset,139.9740447998047
gbm,62,baseNN,first,allDatasets,1.5582834482192993
gbm,62,baseNN,first,justTargetDataset,110.70237731933594
gbm,62,baseNN,second,allDatasets,2.562493085861206
gbm,62,baseNN,second,justTargetDataset,132.2301025390625
hnscc,62,baseNN,first,allDatasets,1.4954664448033208
hnscc,62,baseNN,first,justTargetDataset,177.03055163397306
hnscc,62,baseNN,second,allDatasets,2.0190270137095796
hnscc,62,baseNN,second,justTargetDataset,215.6566925048828
lscc,62,baseNN,first,allDatasets,1.6681624415156606
lscc,62,baseNN,first,justTargetDataset,238.04412975940076
lscc,62,baseNN,second,allDatasets,2.1335434754689535
lscc,62,baseNN,second,justTargetDataset,299.98663804796007
luad,62,baseNN,first,allDatasets,1.9696636456315235
luad,62,baseNN,first,justTargetDataset,192.08829227570564
luad,62,baseNN,second,allDatasets,1.360997267948684
luad,62,baseNN,second,justTargetDataset,217.54449380854123
ov,62,baseNN,first,allDatasets,1.567301630973816
ov,62,baseNN,first,justTargetDataset,86.64295959472656
ov,62,baseNN,second,allDatasets,2.1119577884674072
ov,62,baseNN,second,justTargetDataset,118.58446502685547
pdac,62,baseNN,first,allDatasets,1.9949437379837036
pdac,62,baseNN,first,justTargetDataset,97.5770034790039
pdac,62,baseNN,second,allDatasets,2.588113784790039
pdac,62,baseNN,second,justTargetDataset,124.70708465576172
all,62,baseNN,first,allDatasets,13.73019565734188
all,62,baseNN,first,justTargetDataset,12.820881671399142
all,62,baseNN,second,allDatasets,11.109734579416095
all,62,baseNN,second,justTargetDataset,11.128972600913091
brca,63,baseNN,first,allDatasets,2.219749927520752
brca,63,baseNN,first,justTargetDataset,81.90859985351562
brca,63,baseNN,second,allDatasets,1.6601969003677368
brca,63,baseNN,second,justTargetDataset,58.59415817260742
ccrcc,63,baseNN,first,allDatasets,2.9169708837436725
ccrcc,63,baseNN,first,justTargetDataset,149.93061538889438
ccrcc,63,baseNN,second,allDatasets,2.1153497940454726
ccrcc,63,baseNN,second,justTargetDataset,184.62596286871494
coad,63,baseNN,first,allDatasets,4.021630764007568
coad,63,baseNN,first,justTargetDataset,113.85778045654297
coad,63,baseNN,second,allDatasets,2.4677484035491943
coad,63,baseNN,second,justTargetDataset,114.50000762939453
gbm,63,baseNN,first,allDatasets,1.4879648685455322
gbm,63,baseNN,first,justTargetDataset,115.1526870727539
gbm,63,baseNN,second,allDatasets,1.786604404449463
gbm,63,baseNN,second,justTargetDataset,139.30918884277344
hnscc,63,baseNN,first,allDatasets,3.3613691848257314
hnscc,63,baseNN,first,justTargetDataset,259.76597971156025
hnscc,63,baseNN,second,allDatasets,2.1897215704987016
hnscc,63,baseNN,second,justTargetDataset,167.25044626429462
lscc,63,baseNN,first,allDatasets,1.9144741231268578
lscc,63,baseNN,first,justTargetDataset,335.84895475618134
lscc,63,baseNN,second,allDatasets,1.8724446482128567
lscc,63,baseNN,second,justTargetDataset,265.49815979003904
luad,63,baseNN,first,allDatasets,1.7141821909976263
luad,63,baseNN,first,justTargetDataset,195.8453131234774
luad,63,baseNN,second,allDatasets,1.7376017211585917
luad,63,baseNN,second,justTargetDataset,187.82663127940188
ov,63,baseNN,first,allDatasets,1.9192500114440918
ov,63,baseNN,first,justTargetDataset,95.88473510742188
ov,63,baseNN,second,allDatasets,1.7295140027999878
ov,63,baseNN,second,justTargetDataset,91.8602294921875
pdac,63,baseNN,first,allDatasets,2.0273542404174805
pdac,63,baseNN,first,justTargetDataset,114.22870635986328
pdac,63,baseNN,second,allDatasets,1.8872076272964478
pdac,63,baseNN,second,justTargetDataset,84.6622543334961
all,63,baseNN,first,allDatasets,15.918861654163463
all,63,baseNN,first,justTargetDataset,17.074115304187337
all,63,baseNN,second,allDatasets,10.764639120900908
all,63,baseNN,second,justTargetDataset,10.030239726557877
brca,64,baseNN,first,allDatasets,1.7923449277877808
brca,64,baseNN,first,justTargetDataset,66.31477355957031
brca,64,baseNN,second,allDatasets,1.8376177549362183
brca,64,baseNN,second,justTargetDataset,65.22811126708984
ccrcc,64,baseNN,first,allDatasets,2.82234850110887
ccrcc,64,baseNN,first,justTargetDataset,180.66801375377028
ccrcc,64,baseNN,second,allDatasets,3.469312404974913
ccrcc,64,baseNN,second,justTargetDataset,204.0940215281951
coad,64,baseNN,first,allDatasets,3.016728639602661
coad,64,baseNN,first,justTargetDataset,105.06131744384766
coad,64,baseNN,second,allDatasets,2.701321601867676
coad,64,baseNN,second,justTargetDataset,126.20710754394531
gbm,64,baseNN,first,allDatasets,1.6303737163543701
gbm,64,baseNN,first,justTargetDataset,115.38428497314453
gbm,64,baseNN,second,allDatasets,1.7647154331207275
gbm,64,baseNN,second,justTargetDataset,138.78970336914062
hnscc,64,baseNN,first,allDatasets,1.8172472698101099
hnscc,64,baseNN,first,justTargetDataset,270.0222369207852
hnscc,64,baseNN,second,allDatasets,1.7718600829442341
hnscc,64,baseNN,second,justTargetDataset,269.5276829816293
lscc,64,baseNN,first,allDatasets,1.7857226880042107
lscc,64,baseNN,first,justTargetDataset,289.75623866489957
lscc,64,baseNN,second,allDatasets,2.0636595328648886
lscc,64,baseNN,second,justTargetDataset,255.98190646701389
luad,64,baseNN,first,allDatasets,1.8573949772824523
luad,64,baseNN,first,justTargetDataset,213.31658574586274
luad,64,baseNN,second,allDatasets,1.5642626118916336
luad,64,baseNN,second,justTargetDataset,214.9369861233619
ov,64,baseNN,first,allDatasets,1.9425731897354126
ov,64,baseNN,first,justTargetDataset,96.31379699707031
ov,64,baseNN,second,allDatasets,1.8831877708435059
ov,64,baseNN,second,justTargetDataset,111.57202911376953
pdac,64,baseNN,first,allDatasets,3.648099899291992
pdac,64,baseNN,first,justTargetDataset,107.919921875
pdac,64,baseNN,second,allDatasets,3.467007875442505
pdac,64,baseNN,second,justTargetDataset,95.6866683959961
all,64,baseNN,first,allDatasets,13.612587160768761
all,64,baseNN,first,justTargetDataset,14.06442882909184
all,64,baseNN,second,allDatasets,12.754088117902079
all,64,baseNN,second,justTargetDataset,13.1527749153382
brca,65,baseNN,first,allDatasets,1.9343369007110596
brca,65,baseNN,first,justTargetDataset,79.8620834350586
brca,65,baseNN,second,allDatasets,1.8920572996139526
brca,65,baseNN,second,justTargetDataset,68.90388488769531
ccrcc,65,baseNN,first,allDatasets,2.697310520123832
ccrcc,65,baseNN,first,justTargetDataset,155.68406677246094
ccrcc,65,baseNN,second,allDatasets,3.015725154143113
ccrcc,65,baseNN,second,justTargetDataset,182.5458542261368
coad,65,baseNN,first,allDatasets,4.140384197235107
coad,65,baseNN,first,justTargetDataset,119.74143981933594
coad,65,baseNN,second,allDatasets,6.985363960266113
coad,65,baseNN,second,justTargetDataset,108.61136627197266
gbm,65,baseNN,first,allDatasets,1.7508208751678467
gbm,65,baseNN,first,justTargetDataset,134.69166564941406
gbm,65,baseNN,second,allDatasets,1.421640157699585
gbm,65,baseNN,second,justTargetDataset,114.43946075439453
hnscc,65,baseNN,first,allDatasets,1.65364738823711
hnscc,65,baseNN,first,justTargetDataset,340.90135259213656
hnscc,65,baseNN,second,allDatasets,1.8797743821489639
hnscc,65,baseNN,second,justTargetDataset,304.74619149470675
lscc,65,baseNN,first,allDatasets,2.3737048500186795
lscc,65,baseNN,first,justTargetDataset,360.82921290135647
lscc,65,baseNN,second,allDatasets,1.6147930595609876
lscc,65,baseNN,second,justTargetDataset,254.89993828667534
luad,65,baseNN,first,allDatasets,1.4396948314482165
luad,65,baseNN,first,justTargetDataset,235.09827070338753
luad,65,baseNN,second,allDatasets,1.8076093812142648
luad,65,baseNN,second,justTargetDataset,233.1089590749433
ov,65,baseNN,first,allDatasets,1.7299120426177979
ov,65,baseNN,first,justTargetDataset,95.98309326171875
ov,65,baseNN,second,allDatasets,1.950399398803711
ov,65,baseNN,second,justTargetDataset,110.22774505615234
pdac,65,baseNN,first,allDatasets,1.6508668661117554
pdac,65,baseNN,first,justTargetDataset,94.42845916748047
pdac,65,baseNN,second,allDatasets,2.646696090698242
pdac,65,baseNN,second,justTargetDataset,116.69882202148438
all,65,baseNN,first,allDatasets,11.607500318510343
all,65,baseNN,first,justTargetDataset,11.619233180358346
all,65,baseNN,second,allDatasets,15.536968693588719
all,65,baseNN,second,justTargetDataset,16.42018406233898
brca,66,baseNN,first,allDatasets,1.8103153705596924
brca,66,baseNN,first,justTargetDataset,72.3410873413086
brca,66,baseNN,second,allDatasets,2.2463765144348145
brca,66,baseNN,second,justTargetDataset,85.24485778808594
ccrcc,66,baseNN,first,allDatasets,3.239562260953686
ccrcc,66,baseNN,first,justTargetDataset,201.26187887071055
ccrcc,66,baseNN,second,allDatasets,4.6925811278514376
ccrcc,66,baseNN,second,justTargetDataset,160.64107611240485
coad,66,baseNN,first,allDatasets,2.6079061031341553
coad,66,baseNN,first,justTargetDataset,138.95555114746094
coad,66,baseNN,second,allDatasets,2.860044479370117
coad,66,baseNN,second,justTargetDataset,94.18334197998047
gbm,66,baseNN,first,allDatasets,1.6155672073364258
gbm,66,baseNN,first,justTargetDataset,116.68395233154297
gbm,66,baseNN,second,allDatasets,1.7100647687911987
gbm,66,baseNN,second,justTargetDataset,119.75806427001953
hnscc,66,baseNN,first,allDatasets,1.7772826370985613
hnscc,66,baseNN,first,justTargetDataset,294.25842550526494
hnscc,66,baseNN,second,allDatasets,1.6621131620545317
hnscc,66,baseNN,second,justTargetDataset,206.49064746801403
lscc,66,baseNN,first,allDatasets,2.1263357204395334
lscc,66,baseNN,first,justTargetDataset,278.0455573784126
lscc,66,baseNN,second,allDatasets,1.8455193466610378
lscc,66,baseNN,second,justTargetDataset,313.4804189046224
luad,66,baseNN,first,allDatasets,2.104303204885093
luad,66,baseNN,first,justTargetDataset,196.40909486175866
luad,66,baseNN,second,allDatasets,1.214686389892332
luad,66,baseNN,second,justTargetDataset,215.06319222398983
ov,66,baseNN,first,allDatasets,2.0488269329071045
ov,66,baseNN,first,justTargetDataset,106.37926483154297
ov,66,baseNN,second,allDatasets,1.5457301139831543
ov,66,baseNN,second,justTargetDataset,78.13774108886719
pdac,66,baseNN,first,allDatasets,1.8559057712554932
pdac,66,baseNN,first,justTargetDataset,100.21548461914062
pdac,66,baseNN,second,allDatasets,5.059868335723877
pdac,66,baseNN,second,justTargetDataset,110.90312194824219
all,66,baseNN,first,allDatasets,17.393401917314108
all,66,baseNN,first,justTargetDataset,15.921936817506774
all,66,baseNN,second,allDatasets,11.820504582926976
all,66,baseNN,second,justTargetDataset,12.331271671356363
brca,67,baseNN,first,allDatasets,1.9218076467514038
brca,67,baseNN,first,justTargetDataset,64.96802520751953
brca,67,baseNN,second,allDatasets,1.9352203607559204
brca,67,baseNN,second,justTargetDataset,77.21163940429688
ccrcc,67,baseNN,first,allDatasets,2.680718204643153
ccrcc,67,baseNN,first,justTargetDataset,152.3420288472236
ccrcc,67,baseNN,second,allDatasets,2.754550175789075
ccrcc,67,baseNN,second,justTargetDataset,199.64546907865085
coad,67,baseNN,first,allDatasets,2.5435922145843506
coad,67,baseNN,first,justTargetDataset,118.31795501708984
coad,67,baseNN,second,allDatasets,5.4045538902282715
coad,67,baseNN,second,justTargetDataset,122.69679260253906
gbm,67,baseNN,first,allDatasets,1.7524141073226929
gbm,67,baseNN,first,justTargetDataset,121.81610107421875
gbm,67,baseNN,second,allDatasets,1.5444332361221313
gbm,67,baseNN,second,justTargetDataset,119.39868927001953
hnscc,67,baseNN,first,allDatasets,1.701916736105214
hnscc,67,baseNN,first,justTargetDataset,221.0683706532354
hnscc,67,baseNN,second,allDatasets,1.6767512853594795
hnscc,67,baseNN,second,justTargetDataset,381.234631082286
lscc,67,baseNN,first,allDatasets,1.7908903674764947
lscc,67,baseNN,first,justTargetDataset,321.44854233291125
lscc,67,baseNN,second,allDatasets,1.9464204205407036
lscc,67,baseNN,second,justTargetDataset,412.78145684136285
luad,67,baseNN,first,allDatasets,1.7390449149634248
luad,67,baseNN,first,justTargetDataset,184.9663359939411
luad,67,baseNN,second,allDatasets,1.9036681062431746
luad,67,baseNN,second,justTargetDataset,181.59972553868448
ov,67,baseNN,first,allDatasets,3.9867758750915527
ov,67,baseNN,first,justTargetDataset,78.73174285888672
ov,67,baseNN,second,allDatasets,2.148423433303833
ov,67,baseNN,second,justTargetDataset,117.19934844970703
pdac,67,baseNN,first,allDatasets,2.0774075984954834
pdac,67,baseNN,first,justTargetDataset,116.20306396484375
pdac,67,baseNN,second,allDatasets,2.0290937423706055
pdac,67,baseNN,second,justTargetDataset,90.95858001708984
all,67,baseNN,first,allDatasets,11.857488259172017
all,67,baseNN,first,justTargetDataset,12.035753317638836
all,67,baseNN,second,allDatasets,12.375736551063795
all,67,baseNN,second,justTargetDataset,13.420074977126776
brca,68,baseNN,first,allDatasets,2.241595983505249
brca,68,baseNN,first,justTargetDataset,73.61274719238281
brca,68,baseNN,second,allDatasets,1.9096873998641968
brca,68,baseNN,second,justTargetDataset,69.25505065917969
ccrcc,68,baseNN,first,allDatasets,3.6204069475584393
ccrcc,68,baseNN,first,justTargetDataset,162.87462258640724
ccrcc,68,baseNN,second,allDatasets,3.6230832980229306
ccrcc,68,baseNN,second,justTargetDataset,191.5503853039864
coad,68,baseNN,first,allDatasets,4.239870071411133
coad,68,baseNN,first,justTargetDataset,126.14212799072266
coad,68,baseNN,second,allDatasets,3.024655818939209
coad,68,baseNN,second,justTargetDataset,149.09852600097656
gbm,68,baseNN,first,allDatasets,1.8293932676315308
gbm,68,baseNN,first,justTargetDataset,135.39768981933594
gbm,68,baseNN,second,allDatasets,1.4947041273117065
gbm,68,baseNN,second,justTargetDataset,106.35494995117188
hnscc,68,baseNN,first,allDatasets,1.8375640468320984
hnscc,68,baseNN,first,justTargetDataset,206.4859079554461
hnscc,68,baseNN,second,allDatasets,2.1617723807044653
hnscc,68,baseNN,second,justTargetDataset,243.31097500566122
lscc,68,baseNN,first,allDatasets,1.9682773692267281
lscc,68,baseNN,first,justTargetDataset,310.3406935471755
lscc,68,baseNN,second,allDatasets,1.7746564441257053
lscc,68,baseNN,second,justTargetDataset,324.0807908799913
luad,68,baseNN,first,allDatasets,1.6086538299437492
luad,68,baseNN,first,justTargetDataset,206.1955313733829
luad,68,baseNN,second,allDatasets,1.9096728794036373
luad,68,baseNN,second,justTargetDataset,193.7559067920972
ov,68,baseNN,first,allDatasets,2.1315035820007324
ov,68,baseNN,first,justTargetDataset,100.7393569946289
ov,68,baseNN,second,allDatasets,1.5569162368774414
ov,68,baseNN,second,justTargetDataset,90.98861694335938
pdac,68,baseNN,first,allDatasets,1.882226824760437
pdac,68,baseNN,first,justTargetDataset,102.87030029296875
pdac,68,baseNN,second,allDatasets,1.8248642683029175
pdac,68,baseNN,second,justTargetDataset,105.79875183105469
all,68,baseNN,first,allDatasets,11.391216196212094
all,68,baseNN,first,justTargetDataset,12.02169422301571
all,68,baseNN,second,allDatasets,12.279262059937611
all,68,baseNN,second,justTargetDataset,11.672551030993674
brca,69,baseNN,first,allDatasets,3.1946604251861572
brca,69,baseNN,first,justTargetDataset,55.168792724609375
brca,69,baseNN,second,allDatasets,1.9453152418136597
brca,69,baseNN,second,justTargetDataset,70.41067504882812
ccrcc,69,baseNN,first,allDatasets,2.6076499872569796
ccrcc,69,baseNN,first,justTargetDataset,225.23384190812897
ccrcc,69,baseNN,second,allDatasets,2.696556421426626
ccrcc,69,baseNN,second,justTargetDataset,156.33958435058594
coad,69,baseNN,first,allDatasets,4.9965314865112305
coad,69,baseNN,first,justTargetDataset,119.68099212646484
coad,69,baseNN,second,allDatasets,2.1360411643981934
coad,69,baseNN,second,justTargetDataset,95.19619750976562
gbm,69,baseNN,first,allDatasets,1.6818745136260986
gbm,69,baseNN,first,justTargetDataset,127.21736907958984
gbm,69,baseNN,second,allDatasets,1.5989402532577515
gbm,69,baseNN,second,justTargetDataset,127.63636016845703
hnscc,69,baseNN,first,allDatasets,1.5976728460063105
hnscc,69,baseNN,first,justTargetDataset,263.5105068925498
hnscc,69,baseNN,second,allDatasets,1.66724567655204
hnscc,69,baseNN,second,justTargetDataset,183.76644300377887
lscc,69,baseNN,first,allDatasets,1.9735812276274294
lscc,69,baseNN,first,justTargetDataset,273.0675518329327
lscc,69,baseNN,second,allDatasets,1.8969644361072115
lscc,69,baseNN,second,justTargetDataset,314.55606757269965
luad,69,baseNN,first,allDatasets,1.8234143795505646
luad,69,baseNN,first,justTargetDataset,183.70894220823882
luad,69,baseNN,second,allDatasets,1.5917892814964376
luad,69,baseNN,second,justTargetDataset,203.2998813095913
ov,69,baseNN,first,allDatasets,1.7291417121887207
ov,69,baseNN,first,justTargetDataset,90.74523162841797
ov,69,baseNN,second,allDatasets,2.160586357116699
ov,69,baseNN,second,justTargetDataset,126.6593246459961
pdac,69,baseNN,first,allDatasets,2.509500503540039
pdac,69,baseNN,first,justTargetDataset,104.62091827392578
pdac,69,baseNN,second,allDatasets,1.8874337673187256
pdac,69,baseNN,second,justTargetDataset,103.54646301269531
all,69,baseNN,first,allDatasets,15.13458060711886
all,69,baseNN,first,justTargetDataset,14.18530592960594
all,69,baseNN,second,allDatasets,12.380682554261995
all,69,baseNN,second,justTargetDataset,11.810264130114659
brca,70,baseNN,first,allDatasets,2.145810842514038
brca,70,baseNN,first,justTargetDataset,81.31867980957031
brca,70,baseNN,second,allDatasets,1.7019597291946411
brca,70,baseNN,second,justTargetDataset,67.13845825195312
ccrcc,70,baseNN,first,allDatasets,2.8566896553280987
ccrcc,70,baseNN,first,justTargetDataset,183.6100852097137
ccrcc,70,baseNN,second,allDatasets,2.45797245319073
ccrcc,70,baseNN,second,justTargetDataset,173.91123532026242
coad,70,baseNN,first,allDatasets,9.206151962280273
coad,70,baseNN,first,justTargetDataset,125.34970092773438
coad,70,baseNN,second,allDatasets,2.5832018852233887
coad,70,baseNN,second,justTargetDataset,114.85570526123047
gbm,70,baseNN,first,allDatasets,1.6737531423568726
gbm,70,baseNN,first,justTargetDataset,135.77357482910156
gbm,70,baseNN,second,allDatasets,1.569964051246643
gbm,70,baseNN,second,justTargetDataset,119.8359375
hnscc,70,baseNN,first,allDatasets,1.9201122435970583
hnscc,70,baseNN,first,justTargetDataset,235.00256170742753
hnscc,70,baseNN,second,allDatasets,1.58001941183339
hnscc,70,baseNN,second,justTargetDataset,218.07013315394306
lscc,70,baseNN,first,allDatasets,1.7486933247073666
lscc,70,baseNN,first,justTargetDataset,295.1282757769574
lscc,70,baseNN,second,allDatasets,2.6721926318274605
lscc,70,baseNN,second,justTargetDataset,312.9446146647135
luad,70,baseNN,first,allDatasets,1.901540276824787
luad,70,baseNN,first,justTargetDataset,218.9275422455162
luad,70,baseNN,second,allDatasets,2.6382748619202645
luad,70,baseNN,second,justTargetDataset,196.36150663642474
ov,70,baseNN,first,allDatasets,1.9890578985214233
ov,70,baseNN,first,justTargetDataset,110.92721557617188
ov,70,baseNN,second,allDatasets,1.729399561882019
ov,70,baseNN,second,justTargetDataset,84.87088012695312
pdac,70,baseNN,first,allDatasets,3.3629636764526367
pdac,70,baseNN,first,justTargetDataset,104.42137145996094
pdac,70,baseNN,second,allDatasets,2.202971935272217
pdac,70,baseNN,second,justTargetDataset,129.28440856933594
all,70,baseNN,first,allDatasets,11.326640478488619
all,70,baseNN,first,justTargetDataset,11.252957974492976
all,70,baseNN,second,allDatasets,13.309581504998572
all,70,baseNN,second,justTargetDataset,12.735716816363276
brca,71,baseNN,first,allDatasets,2.129467725753784
brca,71,baseNN,first,justTargetDataset,82.14784240722656
brca,71,baseNN,second,allDatasets,1.7642091512680054
brca,71,baseNN,second,justTargetDataset,63.38237762451172
ccrcc,71,baseNN,first,allDatasets,2.544658440577833
ccrcc,71,baseNN,first,justTargetDataset,256.56718232360066
ccrcc,71,baseNN,second,allDatasets,2.4689655976417737
ccrcc,71,baseNN,second,justTargetDataset,171.93649057241586
coad,71,baseNN,first,allDatasets,6.196439266204834
coad,71,baseNN,first,justTargetDataset,137.21827697753906
coad,71,baseNN,second,allDatasets,1.5834163427352905
coad,71,baseNN,second,justTargetDataset,93.5350570678711
gbm,71,baseNN,first,allDatasets,1.9896323680877686
gbm,71,baseNN,first,justTargetDataset,150.41744995117188
gbm,71,baseNN,second,allDatasets,1.5325980186462402
gbm,71,baseNN,second,justTargetDataset,110.76409149169922
hnscc,71,baseNN,first,allDatasets,1.6175463372382566
hnscc,71,baseNN,first,justTargetDataset,277.743964817213
hnscc,71,baseNN,second,allDatasets,1.6532579574032107
hnscc,71,baseNN,second,justTargetDataset,336.05533588796425
lscc,71,baseNN,first,allDatasets,2.4182722647111494
lscc,71,baseNN,first,justTargetDataset,250.01637217762706
lscc,71,baseNN,second,allDatasets,1.6525318437152439
lscc,71,baseNN,second,justTargetDataset,325.0066969129774
luad,71,baseNN,first,allDatasets,1.9817055899609801
luad,71,baseNN,first,justTargetDataset,245.2724151611328
luad,71,baseNN,second,allDatasets,1.6150940195206673
luad,71,baseNN,second,justTargetDataset,213.28362840221774
ov,71,baseNN,first,allDatasets,1.6586215496063232
ov,71,baseNN,first,justTargetDataset,98.40115356445312
ov,71,baseNN,second,allDatasets,3.313957691192627
ov,71,baseNN,second,justTargetDataset,110.36840057373047
pdac,71,baseNN,first,allDatasets,2.2654953002929688
pdac,71,baseNN,first,justTargetDataset,103.97148132324219
pdac,71,baseNN,second,allDatasets,2.3278682231903076
pdac,71,baseNN,second,justTargetDataset,111.01356506347656
all,71,baseNN,first,allDatasets,15.453663404008983
all,71,baseNN,first,justTargetDataset,14.554957681841556
all,71,baseNN,second,allDatasets,10.76646176846482
all,71,baseNN,second,justTargetDataset,10.961494262205726
brca,72,baseNN,first,allDatasets,1.9093841314315796
brca,72,baseNN,first,justTargetDataset,74.56739044189453
brca,72,baseNN,second,allDatasets,2.239288568496704
brca,72,baseNN,second,justTargetDataset,70.18914794921875
ccrcc,72,baseNN,first,allDatasets,2.521032764941831
ccrcc,72,baseNN,first,justTargetDataset,149.6535631010804
ccrcc,72,baseNN,second,allDatasets,2.4047284798744397
ccrcc,72,baseNN,second,justTargetDataset,167.8251225398137
coad,72,baseNN,first,allDatasets,4.506412982940674
coad,72,baseNN,first,justTargetDataset,128.20574951171875
coad,72,baseNN,second,allDatasets,1.9531315565109253
coad,72,baseNN,second,justTargetDataset,125.00639343261719
gbm,72,baseNN,first,allDatasets,1.845687747001648
gbm,72,baseNN,first,justTargetDataset,148.73985290527344
gbm,72,baseNN,second,allDatasets,1.4509714841842651
gbm,72,baseNN,second,justTargetDataset,106.56977844238281
hnscc,72,baseNN,first,allDatasets,1.8617190278094748
hnscc,72,baseNN,first,justTargetDataset,263.2837962274966
hnscc,72,baseNN,second,allDatasets,1.590146881946619
hnscc,72,baseNN,second,justTargetDataset,245.41843447477922
lscc,72,baseNN,first,allDatasets,1.9674848933796307
lscc,72,baseNN,first,justTargetDataset,323.33196719662175
lscc,72,baseNN,second,allDatasets,1.8387667973836264
lscc,72,baseNN,second,justTargetDataset,271.74719577365454
luad,72,baseNN,first,allDatasets,1.649313908751293
luad,72,baseNN,first,justTargetDataset,195.9338136078209
luad,72,baseNN,second,allDatasets,2.1522409608287196
luad,72,baseNN,second,justTargetDataset,177.93029046827746
ov,72,baseNN,first,allDatasets,1.638815999031067
ov,72,baseNN,first,justTargetDataset,92.79353332519531
ov,72,baseNN,second,allDatasets,2.789623975753784
ov,72,baseNN,second,justTargetDataset,100.6427001953125
pdac,72,baseNN,first,allDatasets,1.931343674659729
pdac,72,baseNN,first,justTargetDataset,116.56534576416016
pdac,72,baseNN,second,allDatasets,2.139002799987793
pdac,72,baseNN,second,justTargetDataset,88.49785614013672
all,72,baseNN,first,allDatasets,12.550260653537986
all,72,baseNN,first,justTargetDataset,11.270563557717653
all,72,baseNN,second,allDatasets,8.930479920059177
all,72,baseNN,second,justTargetDataset,9.303430139912216
brca,73,baseNN,first,allDatasets,1.6107826232910156
brca,73,baseNN,first,justTargetDataset,60.52710723876953
brca,73,baseNN,second,allDatasets,2.375183582305908
brca,73,baseNN,second,justTargetDataset,89.37508392333984
ccrcc,73,baseNN,first,allDatasets,3.5967040846619427
ccrcc,73,baseNN,first,justTargetDataset,162.96288850035847
ccrcc,73,baseNN,second,allDatasets,2.1384754180908203
ccrcc,73,baseNN,second,justTargetDataset,141.98428227351263
coad,73,baseNN,first,allDatasets,6.599241733551025
coad,73,baseNN,first,justTargetDataset,110.5012435913086
coad,73,baseNN,second,allDatasets,7.469381332397461
coad,73,baseNN,second,justTargetDataset,127.31739044189453
gbm,73,baseNN,first,allDatasets,4.303834915161133
gbm,73,baseNN,first,justTargetDataset,118.44172668457031
gbm,73,baseNN,second,allDatasets,4.714412212371826
gbm,73,baseNN,second,justTargetDataset,132.9330596923828
hnscc,73,baseNN,first,allDatasets,1.8263368036435998
hnscc,73,baseNN,first,justTargetDataset,178.32633905825406
hnscc,73,baseNN,second,allDatasets,1.5107861498127813
hnscc,73,baseNN,second,justTargetDataset,245.7882274682971
lscc,73,baseNN,first,allDatasets,1.7994384804924766
lscc,73,baseNN,first,justTargetDataset,215.56046001727765
lscc,73,baseNN,second,allDatasets,2.01460427708096
lscc,73,baseNN,second,justTargetDataset,273.92418518066404
luad,73,baseNN,first,allDatasets,1.5698170533744238
luad,73,baseNN,first,justTargetDataset,167.0037311841083
luad,73,baseNN,second,allDatasets,1.903182432215701
luad,73,baseNN,second,justTargetDataset,201.01507568359375
ov,73,baseNN,first,allDatasets,1.6828217506408691
ov,73,baseNN,first,justTargetDataset,105.9255599975586
ov,73,baseNN,second,allDatasets,1.8765199184417725
ov,73,baseNN,second,justTargetDataset,93.14241027832031
pdac,73,baseNN,first,allDatasets,1.6312377452850342
pdac,73,baseNN,first,justTargetDataset,98.4197998046875
pdac,73,baseNN,second,allDatasets,2.3526034355163574
pdac,73,baseNN,second,justTargetDataset,119.1444320678711
all,73,baseNN,first,allDatasets,14.282802880548799
all,73,baseNN,first,justTargetDataset,13.677120614684789
all,73,baseNN,second,allDatasets,11.204145543715534
all,73,baseNN,second,justTargetDataset,11.400580319491299
brca,74,baseNN,first,allDatasets,1.8944011926651
brca,74,baseNN,first,justTargetDataset,73.69568634033203
brca,74,baseNN,second,allDatasets,1.9077043533325195
brca,74,baseNN,second,justTargetDataset,67.51045227050781
ccrcc,74,baseNN,first,allDatasets,2.455973700632023
ccrcc,74,baseNN,first,justTargetDataset,149.9544805212866
ccrcc,74,baseNN,second,allDatasets,2.9789384511800914
ccrcc,74,baseNN,second,justTargetDataset,220.2135236691206
coad,74,baseNN,first,allDatasets,3.146583318710327
coad,74,baseNN,first,justTargetDataset,93.91960906982422
coad,74,baseNN,second,allDatasets,5.731781005859375
coad,74,baseNN,second,justTargetDataset,129.53073120117188
gbm,74,baseNN,first,allDatasets,1.7053378820419312
gbm,74,baseNN,first,justTargetDataset,133.5782012939453
gbm,74,baseNN,second,allDatasets,1.5274052619934082
gbm,74,baseNN,second,justTargetDataset,114.41416931152344
hnscc,74,baseNN,first,allDatasets,1.5322032199389692
hnscc,74,baseNN,first,justTargetDataset,279.57336558466375
hnscc,74,baseNN,second,allDatasets,1.8497423106345579
hnscc,74,baseNN,second,justTargetDataset,191.02834331125453
lscc,74,baseNN,first,allDatasets,2.2143316923916996
lscc,74,baseNN,first,justTargetDataset,386.0574625874614
lscc,74,baseNN,second,allDatasets,1.6250093936920167
lscc,74,baseNN,second,justTargetDataset,282.055214436849
luad,74,baseNN,first,allDatasets,1.4667098906732374
luad,74,baseNN,first,justTargetDataset,178.47749837239584
luad,74,baseNN,second,allDatasets,1.8146543220807148
luad,74,baseNN,second,justTargetDataset,225.2443358718708
ov,74,baseNN,first,allDatasets,1.9259411096572876
ov,74,baseNN,first,justTargetDataset,91.54351043701172
ov,74,baseNN,second,allDatasets,1.7400299310684204
ov,74,baseNN,second,justTargetDataset,98.7153549194336
pdac,74,baseNN,first,allDatasets,3.367323398590088
pdac,74,baseNN,first,justTargetDataset,119.28526306152344
pdac,74,baseNN,second,allDatasets,3.1306190490722656
pdac,74,baseNN,second,justTargetDataset,100.07596588134766
all,74,baseNN,first,allDatasets,12.331626615271103
all,74,baseNN,first,justTargetDataset,12.770750386736035
all,74,baseNN,second,allDatasets,12.171378301426689
all,74,baseNN,second,justTargetDataset,12.424722920552082
brca,75,baseNN,first,allDatasets,1.7339037656784058
brca,75,baseNN,first,justTargetDataset,68.10617065429688
brca,75,baseNN,second,allDatasets,2.1842236518859863
brca,75,baseNN,second,justTargetDataset,81.38050079345703
ccrcc,75,baseNN,first,allDatasets,2.2125923784473276
ccrcc,75,baseNN,first,justTargetDataset,171.50377162498765
ccrcc,75,baseNN,second,allDatasets,2.4269674802437806
ccrcc,75,baseNN,second,justTargetDataset,209.3343024620643
coad,75,baseNN,first,allDatasets,5.6280059814453125
coad,75,baseNN,first,justTargetDataset,106.86471557617188
coad,75,baseNN,second,allDatasets,3.2488632202148438
coad,75,baseNN,second,justTargetDataset,116.76233673095703
gbm,75,baseNN,first,allDatasets,1.8233848810195923
gbm,75,baseNN,first,justTargetDataset,146.97030639648438
gbm,75,baseNN,second,allDatasets,1.414278507232666
gbm,75,baseNN,second,justTargetDataset,109.82691192626953
hnscc,75,baseNN,first,allDatasets,1.862422027449677
hnscc,75,baseNN,first,justTargetDataset,309.98365894262344
hnscc,75,baseNN,second,allDatasets,1.5373311785684116
hnscc,75,baseNN,second,justTargetDataset,198.12882807634878
lscc,75,baseNN,first,allDatasets,1.753226746569623
lscc,75,baseNN,first,justTargetDataset,366.5067168854095
lscc,75,baseNN,second,allDatasets,2.0766261418660483
lscc,75,baseNN,second,justTargetDataset,305.0947021484375
luad,75,baseNN,first,allDatasets,1.8451343979886783
luad,75,baseNN,first,justTargetDataset,201.19142298544608
luad,75,baseNN,second,allDatasets,1.5175509581001856
luad,75,baseNN,second,justTargetDataset,249.8174074234501
ov,75,baseNN,first,allDatasets,1.9691108465194702
ov,75,baseNN,first,justTargetDataset,98.99666595458984
ov,75,baseNN,second,allDatasets,2.56644868850708
ov,75,baseNN,second,justTargetDataset,93.30561065673828
pdac,75,baseNN,first,allDatasets,2.848762273788452
pdac,75,baseNN,first,justTargetDataset,103.51142883300781
pdac,75,baseNN,second,allDatasets,1.802977204322815
pdac,75,baseNN,second,justTargetDataset,112.69364929199219
all,75,baseNN,first,allDatasets,11.562797173356588
all,75,baseNN,first,justTargetDataset,11.43540605021789
all,75,baseNN,second,allDatasets,11.084480022151627
all,75,baseNN,second,justTargetDataset,11.283978809009898
brca,76,baseNN,first,allDatasets,2.4342880249023438
brca,76,baseNN,first,justTargetDataset,86.36443328857422
brca,76,baseNN,second,allDatasets,1.5979816913604736
brca,76,baseNN,second,justTargetDataset,56.2190055847168
ccrcc,76,baseNN,first,allDatasets,2.537523272671277
ccrcc,76,baseNN,first,justTargetDataset,151.95609891867335
ccrcc,76,baseNN,second,allDatasets,3.091226272093944
ccrcc,76,baseNN,second,justTargetDataset,259.34560139973956
coad,76,baseNN,first,allDatasets,8.871989250183105
coad,76,baseNN,first,justTargetDataset,121.29247283935547
coad,76,baseNN,second,allDatasets,4.623922824859619
coad,76,baseNN,second,justTargetDataset,114.68295288085938
gbm,76,baseNN,first,allDatasets,1.6418302059173584
gbm,76,baseNN,first,justTargetDataset,118.87950134277344
gbm,76,baseNN,second,allDatasets,1.6430230140686035
gbm,76,baseNN,second,justTargetDataset,120.6595230102539
hnscc,76,baseNN,first,allDatasets,1.5464056471119756
hnscc,76,baseNN,first,justTargetDataset,254.44556150574616
hnscc,76,baseNN,second,allDatasets,1.892476607060087
hnscc,76,baseNN,second,justTargetDataset,201.53458680968353
lscc,76,baseNN,first,allDatasets,1.6593470678224669
lscc,76,baseNN,first,justTargetDataset,269.3808187966818
lscc,76,baseNN,second,allDatasets,2.197770619392395
lscc,76,baseNN,second,justTargetDataset,296.91903822157116
luad,76,baseNN,first,allDatasets,1.5650990137489893
luad,76,baseNN,first,justTargetDataset,194.14867885138398
luad,76,baseNN,second,allDatasets,1.8050105905020108
luad,76,baseNN,second,justTargetDataset,189.59051595708377
ov,76,baseNN,first,allDatasets,1.83773934841156
ov,76,baseNN,first,justTargetDataset,90.81536102294922
ov,76,baseNN,second,allDatasets,1.7739750146865845
ov,76,baseNN,second,justTargetDataset,85.37459564208984
pdac,76,baseNN,first,allDatasets,2.9787144660949707
pdac,76,baseNN,first,justTargetDataset,90.38369750976562
pdac,76,baseNN,second,allDatasets,5.625175952911377
pdac,76,baseNN,second,justTargetDataset,111.83538818359375
all,76,baseNN,first,allDatasets,15.510840864941082
all,76,baseNN,first,justTargetDataset,14.281491994435807
all,76,baseNN,second,allDatasets,12.606874108951997
all,76,baseNN,second,justTargetDataset,12.797443444291114
brca,77,baseNN,first,allDatasets,2.191490650177002
brca,77,baseNN,first,justTargetDataset,75.93382263183594
brca,77,baseNN,second,allDatasets,1.8234987258911133
brca,77,baseNN,second,justTargetDataset,59.97415542602539
ccrcc,77,baseNN,first,allDatasets,3.1377424258220046
ccrcc,77,baseNN,first,justTargetDataset,236.8637005769754
ccrcc,77,baseNN,second,allDatasets,3.333717737442408
ccrcc,77,baseNN,second,justTargetDataset,174.25746233035358
coad,77,baseNN,first,allDatasets,2.740736484527588
coad,77,baseNN,first,justTargetDataset,103.02871704101562
coad,77,baseNN,second,allDatasets,3.35502028465271
coad,77,baseNN,second,justTargetDataset,117.81953430175781
gbm,77,baseNN,first,allDatasets,2.0763819217681885
gbm,77,baseNN,first,justTargetDataset,149.58741760253906
gbm,77,baseNN,second,allDatasets,1.3621231317520142
gbm,77,baseNN,second,justTargetDataset,101.68930053710938
hnscc,77,baseNN,first,allDatasets,1.7172013469364331
hnscc,77,baseNN,first,justTargetDataset,171.68396327806556
hnscc,77,baseNN,second,allDatasets,3.1827078003814253
hnscc,77,baseNN,second,justTargetDataset,222.0839956532354
lscc,77,baseNN,first,allDatasets,1.6056891836962857
lscc,77,baseNN,first,justTargetDataset,248.621578174633
lscc,77,baseNN,second,allDatasets,2.4105552461412216
lscc,77,baseNN,second,justTargetDataset,272.5477335611979
luad,77,baseNN,first,allDatasets,1.7969299388188187
luad,77,baseNN,first,justTargetDataset,172.60645056283602
luad,77,baseNN,second,allDatasets,1.6130469383731965
luad,77,baseNN,second,justTargetDataset,167.3982681766633
ov,77,baseNN,first,allDatasets,4.700861930847168
ov,77,baseNN,first,justTargetDataset,113.59761047363281
ov,77,baseNN,second,allDatasets,1.8227516412734985
ov,77,baseNN,second,justTargetDataset,98.89186096191406
pdac,77,baseNN,first,allDatasets,2.4012808799743652
pdac,77,baseNN,first,justTargetDataset,110.8746109008789
pdac,77,baseNN,second,allDatasets,1.9300625324249268
pdac,77,baseNN,second,justTargetDataset,111.69385528564453
all,77,baseNN,first,allDatasets,16.07239461240515
all,77,baseNN,first,justTargetDataset,17.020317005056196
all,77,baseNN,second,allDatasets,12.589632817980652
all,77,baseNN,second,justTargetDataset,13.219386226565655
brca,78,baseNN,first,allDatasets,1.7236709594726562
brca,78,baseNN,first,justTargetDataset,66.02767181396484
brca,78,baseNN,second,allDatasets,2.152771234512329
brca,78,baseNN,second,justTargetDataset,87.78633117675781
ccrcc,78,baseNN,first,allDatasets,2.7230281226242643
ccrcc,78,baseNN,first,justTargetDataset,219.2661928587322
ccrcc,78,baseNN,second,allDatasets,2.8954164003714538
ccrcc,78,baseNN,second,justTargetDataset,196.447019136869
coad,78,baseNN,first,allDatasets,2.9627418518066406
coad,78,baseNN,first,justTargetDataset,92.19752502441406
coad,78,baseNN,second,allDatasets,3.115379571914673
coad,78,baseNN,second,justTargetDataset,125.81641387939453
gbm,78,baseNN,first,allDatasets,1.6256797313690186
gbm,78,baseNN,first,justTargetDataset,130.60189819335938
gbm,78,baseNN,second,allDatasets,1.688011884689331
gbm,78,baseNN,second,justTargetDataset,120.23064422607422
hnscc,78,baseNN,first,allDatasets,1.8558764319488967
hnscc,78,baseNN,first,justTargetDataset,220.50457542530003
hnscc,78,baseNN,second,allDatasets,1.646788894266322
hnscc,78,baseNN,second,justTargetDataset,152.93214294875878
lscc,78,baseNN,first,allDatasets,2.0508744454645846
lscc,78,baseNN,first,justTargetDataset,280.60515954992275
lscc,78,baseNN,second,allDatasets,1.7541695223914253
lscc,78,baseNN,second,justTargetDataset,282.8141106499566
luad,78,baseNN,first,allDatasets,1.5962791609507736
luad,78,baseNN,first,justTargetDataset,212.0136461155389
luad,78,baseNN,second,allDatasets,1.885005816336601
luad,78,baseNN,second,justTargetDataset,182.30716303343414
ov,78,baseNN,first,allDatasets,1.77909517288208
ov,78,baseNN,first,justTargetDataset,111.13356018066406
ov,78,baseNN,second,allDatasets,1.7531521320343018
ov,78,baseNN,second,justTargetDataset,98.94894409179688
pdac,78,baseNN,first,allDatasets,2.4104390144348145
pdac,78,baseNN,first,justTargetDataset,100.70059204101562
pdac,78,baseNN,second,allDatasets,2.2042183876037598
pdac,78,baseNN,second,justTargetDataset,120.07479858398438
all,78,baseNN,first,allDatasets,12.729155890709531
all,78,baseNN,first,justTargetDataset,12.752949867417327
all,78,baseNN,second,allDatasets,13.628198176569267
all,78,baseNN,second,justTargetDataset,13.318521178342442
brca,79,baseNN,first,allDatasets,2.1208078861236572
brca,79,baseNN,first,justTargetDataset,85.12557220458984
brca,79,baseNN,second,allDatasets,1.808591604232788
brca,79,baseNN,second,justTargetDataset,67.32587432861328
ccrcc,79,baseNN,first,allDatasets,2.8993840247769898
ccrcc,79,baseNN,first,justTargetDataset,157.69441184514685
ccrcc,79,baseNN,second,allDatasets,2.7397871017456055
ccrcc,79,baseNN,second,justTargetDataset,150.46349041278546
coad,79,baseNN,first,allDatasets,6.178915977478027
coad,79,baseNN,first,justTargetDataset,113.15686798095703
coad,79,baseNN,second,allDatasets,2.432461738586426
coad,79,baseNN,second,justTargetDataset,125.03404998779297
gbm,79,baseNN,first,allDatasets,1.7540351152420044
gbm,79,baseNN,first,justTargetDataset,124.02201843261719
gbm,79,baseNN,second,allDatasets,1.5439130067825317
gbm,79,baseNN,second,justTargetDataset,121.13383483886719
hnscc,79,baseNN,first,allDatasets,1.8721463542053665
hnscc,79,baseNN,first,justTargetDataset,234.33170794058537
hnscc,79,baseNN,second,allDatasets,1.5244235906048098
hnscc,79,baseNN,second,justTargetDataset,330.7811341216599
lscc,79,baseNN,first,allDatasets,1.631921377810803
lscc,79,baseNN,first,justTargetDataset,278.9140189034598
lscc,79,baseNN,second,allDatasets,2.305169773101807
lscc,79,baseNN,second,justTargetDataset,301.7049546983507
luad,79,baseNN,first,allDatasets,1.6527118990498204
luad,79,baseNN,first,justTargetDataset,234.2967987060547
luad,79,baseNN,second,allDatasets,1.7363235066013951
luad,79,baseNN,second,justTargetDataset,198.9430919360089
ov,79,baseNN,first,allDatasets,1.6963590383529663
ov,79,baseNN,first,justTargetDataset,97.3087387084961
ov,79,baseNN,second,allDatasets,1.9921375513076782
ov,79,baseNN,second,justTargetDataset,96.15374755859375
pdac,79,baseNN,first,allDatasets,2.2416563034057617
pdac,79,baseNN,first,justTargetDataset,123.59342193603516
pdac,79,baseNN,second,allDatasets,1.727089285850525
pdac,79,baseNN,second,justTargetDataset,103.99794006347656
all,79,baseNN,first,allDatasets,12.461670034965582
all,79,baseNN,first,justTargetDataset,11.699991858322008
all,79,baseNN,second,allDatasets,12.264184268400632
all,79,baseNN,second,justTargetDataset,13.11461983390033
brca,80,baseNN,first,allDatasets,2.6447508335113525
brca,80,baseNN,first,justTargetDataset,89.2961654663086
brca,80,baseNN,second,allDatasets,1.524272084236145
brca,80,baseNN,second,justTargetDataset,62.221248626708984
ccrcc,80,baseNN,first,allDatasets,2.832264583322066
ccrcc,80,baseNN,first,justTargetDataset,132.17577873906004
ccrcc,80,baseNN,second,allDatasets,2.567411477749164
ccrcc,80,baseNN,second,justTargetDataset,225.71118868314304
coad,80,baseNN,first,allDatasets,1.796500325202942
coad,80,baseNN,first,justTargetDataset,108.09423065185547
coad,80,baseNN,second,allDatasets,4.971879005432129
coad,80,baseNN,second,justTargetDataset,105.70061492919922
gbm,80,baseNN,first,allDatasets,1.5866049528121948
gbm,80,baseNN,first,justTargetDataset,118.59736633300781
gbm,80,baseNN,second,allDatasets,1.6571227312088013
gbm,80,baseNN,second,justTargetDataset,134.01449584960938
hnscc,80,baseNN,first,allDatasets,1.6066825579905855
hnscc,80,baseNN,first,justTargetDataset,171.2752597090127
hnscc,80,baseNN,second,allDatasets,1.7213013085766116
hnscc,80,baseNN,second,justTargetDataset,210.19435274428216
lscc,80,baseNN,first,allDatasets,1.8470667194534134
lscc,80,baseNN,first,justTargetDataset,294.6936514718192
lscc,80,baseNN,second,allDatasets,1.8976073794894748
lscc,80,baseNN,second,justTargetDataset,291.3653076171875
luad,80,baseNN,first,allDatasets,1.680647196308259
luad,80,baseNN,first,justTargetDataset,221.1594768237042
luad,80,baseNN,second,allDatasets,1.6389932606809883
luad,80,baseNN,second,justTargetDataset,260.4648929719002
ov,80,baseNN,first,allDatasets,1.76964271068573
ov,80,baseNN,first,justTargetDataset,96.466064453125
ov,80,baseNN,second,allDatasets,1.9013035297393799
ov,80,baseNN,second,justTargetDataset,107.83860778808594
pdac,80,baseNN,first,allDatasets,2.2410669326782227
pdac,80,baseNN,first,justTargetDataset,103.00938415527344
pdac,80,baseNN,second,allDatasets,2.991891622543335
pdac,80,baseNN,second,justTargetDataset,98.34414672851562
all,80,baseNN,first,allDatasets,13.501674634376458
all,80,baseNN,first,justTargetDataset,13.755085629488514
all,80,baseNN,second,allDatasets,13.749739218523159
all,80,baseNN,second,justTargetDataset,12.260720504583947
brca,81,baseNN,first,allDatasets,2.279414415359497
brca,81,baseNN,first,justTargetDataset,81.12959289550781
brca,81,baseNN,second,allDatasets,1.9618277549743652
brca,81,baseNN,second,justTargetDataset,67.48505401611328
ccrcc,81,baseNN,first,allDatasets,2.478046897091443
ccrcc,81,baseNN,first,justTargetDataset,157.05646292770965
ccrcc,81,baseNN,second,allDatasets,2.7400342256594925
ccrcc,81,baseNN,second,justTargetDataset,190.64852279271835
coad,81,baseNN,first,allDatasets,3.9858713150024414
coad,81,baseNN,first,justTargetDataset,115.75530242919922
coad,81,baseNN,second,allDatasets,2.1895620822906494
coad,81,baseNN,second,justTargetDataset,105.34727478027344
gbm,81,baseNN,first,allDatasets,1.7096149921417236
gbm,81,baseNN,first,justTargetDataset,130.2386016845703
gbm,81,baseNN,second,allDatasets,1.6338191032409668
gbm,81,baseNN,second,justTargetDataset,116.94390869140625
hnscc,81,baseNN,first,allDatasets,1.6719179689020351
hnscc,81,baseNN,first,justTargetDataset,156.1351948613706
hnscc,81,baseNN,second,allDatasets,1.7275852776955867
hnscc,81,baseNN,second,justTargetDataset,263.3428508371547
lscc,81,baseNN,first,allDatasets,2.1042142700362994
lscc,81,baseNN,first,justTargetDataset,344.1012281480726
lscc,81,baseNN,second,allDatasets,1.71828543610043
lscc,81,baseNN,second,justTargetDataset,290.1111185709635
luad,81,baseNN,first,allDatasets,1.9192430767961728
luad,81,baseNN,first,justTargetDataset,174.5938013548492
luad,81,baseNN,second,allDatasets,2.023846290444815
luad,81,baseNN,second,justTargetDataset,222.6170450846354
ov,81,baseNN,first,allDatasets,1.9907870292663574
ov,81,baseNN,first,justTargetDataset,118.01304626464844
ov,81,baseNN,second,allDatasets,1.6386574506759644
ov,81,baseNN,second,justTargetDataset,89.75444030761719
pdac,81,baseNN,first,allDatasets,3.0603106021881104
pdac,81,baseNN,first,justTargetDataset,129.83238220214844
pdac,81,baseNN,second,allDatasets,2.489318370819092
pdac,81,baseNN,second,justTargetDataset,86.83319091796875
all,81,baseNN,first,allDatasets,12.770796254250856
all,81,baseNN,first,justTargetDataset,12.550435911870636
all,81,baseNN,second,allDatasets,11.276061200840587
all,81,baseNN,second,justTargetDataset,11.099187789753797
brca,82,baseNN,first,allDatasets,1.8452380895614624
brca,82,baseNN,first,justTargetDataset,75.79698181152344
brca,82,baseNN,second,allDatasets,2.2274169921875
brca,82,baseNN,second,justTargetDataset,70.82328033447266
ccrcc,82,baseNN,first,allDatasets,2.605067065999478
ccrcc,82,baseNN,first,justTargetDataset,217.92105179798753
ccrcc,82,baseNN,second,allDatasets,2.403247429774358
ccrcc,82,baseNN,second,justTargetDataset,158.39534935584436
coad,82,baseNN,first,allDatasets,5.192515850067139
coad,82,baseNN,first,justTargetDataset,108.80411529541016
coad,82,baseNN,second,allDatasets,3.459589958190918
coad,82,baseNN,second,justTargetDataset,123.33780670166016
gbm,82,baseNN,first,allDatasets,1.7596330642700195
gbm,82,baseNN,first,justTargetDataset,142.37811279296875
gbm,82,baseNN,second,allDatasets,1.5622178316116333
gbm,82,baseNN,second,justTargetDataset,128.8391571044922
hnscc,82,baseNN,first,allDatasets,1.6744470008905383
hnscc,82,baseNN,first,justTargetDataset,189.37117844733638
hnscc,82,baseNN,second,allDatasets,1.749642242556033
hnscc,82,baseNN,second,justTargetDataset,173.8073438561481
lscc,82,baseNN,first,allDatasets,1.9485209341887588
lscc,82,baseNN,first,justTargetDataset,260.54384369902556
lscc,82,baseNN,second,allDatasets,1.8339580059051515
lscc,82,baseNN,second,justTargetDataset,319.8870137532552
luad,82,baseNN,first,allDatasets,1.7699135439370268
luad,82,baseNN,first,justTargetDataset,199.65379858529695
luad,82,baseNN,second,allDatasets,1.5741124230046426
luad,82,baseNN,second,justTargetDataset,179.18174956947246
ov,82,baseNN,first,allDatasets,1.60044264793396
ov,82,baseNN,first,justTargetDataset,86.55541229248047
ov,82,baseNN,second,allDatasets,2.042811393737793
ov,82,baseNN,second,justTargetDataset,95.15349578857422
pdac,82,baseNN,first,allDatasets,3.461273431777954
pdac,82,baseNN,first,justTargetDataset,106.21858978271484
pdac,82,baseNN,second,allDatasets,1.9910073280334473
pdac,82,baseNN,second,justTargetDataset,110.74728393554688
all,82,baseNN,first,allDatasets,12.031517198444467
all,82,baseNN,first,justTargetDataset,12.17164714695078
all,82,baseNN,second,allDatasets,14.946349225579736
all,82,baseNN,second,justTargetDataset,14.240995798093962
brca,83,baseNN,first,allDatasets,2.0538148880004883
brca,83,baseNN,first,justTargetDataset,75.20498657226562
brca,83,baseNN,second,allDatasets,1.9162930250167847
brca,83,baseNN,second,justTargetDataset,74.49824523925781
ccrcc,83,baseNN,first,allDatasets,2.7724989124491244
ccrcc,83,baseNN,first,justTargetDataset,157.29539219337173
ccrcc,83,baseNN,second,allDatasets,2.511318903702956
ccrcc,83,baseNN,second,justTargetDataset,133.18459183130508
coad,83,baseNN,first,allDatasets,3.328732490539551
coad,83,baseNN,first,justTargetDataset,126.49714660644531
coad,83,baseNN,second,allDatasets,3.6081244945526123
coad,83,baseNN,second,justTargetDataset,96.51445007324219
gbm,83,baseNN,first,allDatasets,1.6887515783309937
gbm,83,baseNN,first,justTargetDataset,128.68496704101562
gbm,83,baseNN,second,allDatasets,1.7219575643539429
gbm,83,baseNN,second,justTargetDataset,141.47821044921875
hnscc,83,baseNN,first,allDatasets,1.712559408035831
hnscc,83,baseNN,first,justTargetDataset,180.93109794284987
hnscc,83,baseNN,second,allDatasets,1.6942080328429954
hnscc,83,baseNN,second,justTargetDataset,254.16933806046197
lscc,83,baseNN,first,allDatasets,1.5460699534678197
lscc,83,baseNN,first,justTargetDataset,251.54473306844523
lscc,83,baseNN,second,allDatasets,2.2096280839708116
lscc,83,baseNN,second,justTargetDataset,305.40939059787326
luad,83,baseNN,first,allDatasets,1.9234141175464918
luad,83,baseNN,first,justTargetDataset,205.4137650356498
luad,83,baseNN,second,allDatasets,1.5861569232838129
luad,83,baseNN,second,justTargetDataset,210.32089463100638
ov,83,baseNN,first,allDatasets,1.7077183723449707
ov,83,baseNN,first,justTargetDataset,97.08726501464844
ov,83,baseNN,second,allDatasets,3.7541465759277344
ov,83,baseNN,second,justTargetDataset,115.07872772216797
pdac,83,baseNN,first,allDatasets,2.464200735092163
pdac,83,baseNN,first,justTargetDataset,108.5477294921875
pdac,83,baseNN,second,allDatasets,2.4374094009399414
pdac,83,baseNN,second,justTargetDataset,104.41145324707031
all,83,baseNN,first,allDatasets,14.210941125650322
all,83,baseNN,first,justTargetDataset,14.482454725282382
all,83,baseNN,second,allDatasets,11.095822936923321
all,83,baseNN,second,justTargetDataset,11.430808124270243
brca,84,baseNN,first,allDatasets,1.7703083753585815
brca,84,baseNN,first,justTargetDataset,70.42893981933594
brca,84,baseNN,second,allDatasets,2.010972499847412
brca,84,baseNN,second,justTargetDataset,72.69467163085938
ccrcc,84,baseNN,first,allDatasets,2.6635578402990028
ccrcc,84,baseNN,first,justTargetDataset,187.38033265705351
ccrcc,84,baseNN,second,allDatasets,3.1740803046104236
ccrcc,84,baseNN,second,justTargetDataset,174.0462157420623
coad,84,baseNN,first,allDatasets,6.144698619842529
coad,84,baseNN,first,justTargetDataset,106.19487762451172
coad,84,baseNN,second,allDatasets,1.768863558769226
coad,84,baseNN,second,justTargetDataset,103.80831909179688
gbm,84,baseNN,first,allDatasets,1.5336334705352783
gbm,84,baseNN,first,justTargetDataset,121.83499908447266
gbm,84,baseNN,second,allDatasets,1.6380971670150757
gbm,84,baseNN,second,justTargetDataset,124.97834014892578
hnscc,84,baseNN,first,allDatasets,1.8084534700366035
hnscc,84,baseNN,first,justTargetDataset,258.5232840275419
hnscc,84,baseNN,second,allDatasets,3.343444017396457
hnscc,84,baseNN,second,justTargetDataset,204.15979623103487
lscc,84,baseNN,first,allDatasets,1.7257782116041078
lscc,84,baseNN,first,justTargetDataset,278.8237640045501
lscc,84,baseNN,second,allDatasets,2.281017216046651
lscc,84,baseNN,second,justTargetDataset,239.82908393012153
luad,84,baseNN,first,allDatasets,1.7717005091328775
luad,84,baseNN,first,justTargetDataset,167.58988591676118
luad,84,baseNN,second,allDatasets,1.6102687722893172
luad,84,baseNN,second,justTargetDataset,203.51131857595135
ov,84,baseNN,first,allDatasets,1.845994234085083
ov,84,baseNN,first,justTargetDataset,90.29704284667969
ov,84,baseNN,second,allDatasets,1.8109278678894043
ov,84,baseNN,second,justTargetDataset,98.73989868164062
pdac,84,baseNN,first,allDatasets,6.022608280181885
pdac,84,baseNN,first,justTargetDataset,112.0428695678711
pdac,84,baseNN,second,allDatasets,3.098841667175293
pdac,84,baseNN,second,justTargetDataset,94.29129791259766
all,84,baseNN,first,allDatasets,16.239038219283113
all,84,baseNN,first,justTargetDataset,15.52891861400773
all,84,baseNN,second,allDatasets,10.937371689155565
all,84,baseNN,second,justTargetDataset,10.21166721724784
brca,85,baseNN,first,allDatasets,2.0696206092834473
brca,85,baseNN,first,justTargetDataset,75.53394317626953
brca,85,baseNN,second,allDatasets,1.8204705715179443
brca,85,baseNN,second,justTargetDataset,63.51694869995117
ccrcc,85,baseNN,first,allDatasets,2.598427087445802
ccrcc,85,baseNN,first,justTargetDataset,263.6900287097013
ccrcc,85,baseNN,second,allDatasets,3.1618238045619083
ccrcc,85,baseNN,second,justTargetDataset,149.75188387357272
coad,85,baseNN,first,allDatasets,2.6650540828704834
coad,85,baseNN,first,justTargetDataset,108.62689208984375
coad,85,baseNN,second,allDatasets,1.7059967517852783
coad,85,baseNN,second,justTargetDataset,106.98212432861328
gbm,85,baseNN,first,allDatasets,1.6008856296539307
gbm,85,baseNN,first,justTargetDataset,111.63935089111328
gbm,85,baseNN,second,allDatasets,1.7405122518539429
gbm,85,baseNN,second,justTargetDataset,122.6043701171875
hnscc,85,baseNN,first,allDatasets,3.218687841857689
hnscc,85,baseNN,first,justTargetDataset,225.94786138119906
hnscc,85,baseNN,second,allDatasets,1.765022243278614
hnscc,85,baseNN,second,justTargetDataset,219.58613652768344
lscc,85,baseNN,first,allDatasets,1.9465994363302712
lscc,85,baseNN,first,justTargetDataset,325.9498109922304
lscc,85,baseNN,second,allDatasets,1.8709283537334866
lscc,85,baseNN,second,justTargetDataset,311.26666937934027
luad,85,baseNN,first,allDatasets,1.615442333682891
luad,85,baseNN,first,justTargetDataset,183.57158537833922
luad,85,baseNN,second,allDatasets,1.686724461534972
luad,85,baseNN,second,justTargetDataset,176.52046252835183
ov,85,baseNN,first,allDatasets,1.6238175630569458
ov,85,baseNN,first,justTargetDataset,76.44148254394531
ov,85,baseNN,second,allDatasets,2.0504815578460693
ov,85,baseNN,second,justTargetDataset,129.434326171875
pdac,85,baseNN,first,allDatasets,2.1718151569366455
pdac,85,baseNN,first,justTargetDataset,107.5193862915039
pdac,85,baseNN,second,allDatasets,2.220125436782837
pdac,85,baseNN,second,justTargetDataset,100.99031829833984
all,85,baseNN,first,allDatasets,11.754212441908575
all,85,baseNN,first,justTargetDataset,11.009061880871258
all,85,baseNN,second,allDatasets,13.193571793629312
all,85,baseNN,second,justTargetDataset,13.775558889868424
brca,86,baseNN,first,allDatasets,1.905110478401184
brca,86,baseNN,first,justTargetDataset,64.73544311523438
brca,86,baseNN,second,allDatasets,1.9287160634994507
brca,86,baseNN,second,justTargetDataset,75.77908325195312
ccrcc,86,baseNN,first,allDatasets,2.739540392839456
ccrcc,86,baseNN,first,justTargetDataset,173.15906070757515
ccrcc,86,baseNN,second,allDatasets,2.268887458703457
ccrcc,86,baseNN,second,justTargetDataset,137.6745159442608
coad,86,baseNN,first,allDatasets,3.6432554721832275
coad,86,baseNN,first,justTargetDataset,119.6825180053711
coad,86,baseNN,second,allDatasets,4.764966011047363
coad,86,baseNN,second,justTargetDataset,93.15299987792969
gbm,86,baseNN,first,allDatasets,1.3779641389846802
gbm,86,baseNN,first,justTargetDataset,99.34452056884766
gbm,86,baseNN,second,allDatasets,1.8402985334396362
gbm,86,baseNN,second,justTargetDataset,132.1486358642578
hnscc,86,baseNN,first,allDatasets,1.6631983518600464
hnscc,86,baseNN,first,justTargetDataset,376.0420965664629
hnscc,86,baseNN,second,allDatasets,1.7049423369808474
hnscc,86,baseNN,second,justTargetDataset,182.11972720381144
lscc,86,baseNN,first,allDatasets,1.6979983350732823
lscc,86,baseNN,first,justTargetDataset,270.25608943058893
lscc,86,baseNN,second,allDatasets,2.0960330857170955
lscc,86,baseNN,second,justTargetDataset,331.8022216796875
luad,86,baseNN,first,allDatasets,1.5560193279738068
luad,86,baseNN,first,justTargetDataset,223.01080568375127
luad,86,baseNN,second,allDatasets,2.054463505744934
luad,86,baseNN,second,justTargetDataset,218.93331531811785
ov,86,baseNN,first,allDatasets,1.7349618673324585
ov,86,baseNN,first,justTargetDataset,101.67652130126953
ov,86,baseNN,second,allDatasets,1.847318410873413
ov,86,baseNN,second,justTargetDataset,106.50923919677734
pdac,86,baseNN,first,allDatasets,2.2344605922698975
pdac,86,baseNN,first,justTargetDataset,104.34730529785156
pdac,86,baseNN,second,allDatasets,2.700087547302246
pdac,86,baseNN,second,justTargetDataset,95.15037536621094
all,86,baseNN,first,allDatasets,11.539657488122451
all,86,baseNN,first,justTargetDataset,12.287451139804537
all,86,baseNN,second,allDatasets,13.295175368773108
all,86,baseNN,second,justTargetDataset,12.098056442172345
brca,87,baseNN,first,allDatasets,1.4623435735702515
brca,87,baseNN,first,justTargetDataset,54.20536422729492
brca,87,baseNN,second,allDatasets,2.78135347366333
brca,87,baseNN,second,justTargetDataset,91.05477142333984
ccrcc,87,baseNN,first,allDatasets,3.328831041915507
ccrcc,87,baseNN,first,justTargetDataset,233.423724210715
ccrcc,87,baseNN,second,allDatasets,2.751953424551548
ccrcc,87,baseNN,second,justTargetDataset,167.41178815792767
coad,87,baseNN,first,allDatasets,2.4995312690734863
coad,87,baseNN,first,justTargetDataset,110.4367446899414
coad,87,baseNN,second,allDatasets,2.0448262691497803
coad,87,baseNN,second,justTargetDataset,127.27262878417969
gbm,87,baseNN,first,allDatasets,1.6886793375015259
gbm,87,baseNN,first,justTargetDataset,128.74276733398438
gbm,87,baseNN,second,allDatasets,1.6425515413284302
gbm,87,baseNN,second,justTargetDataset,127.82418060302734
hnscc,87,baseNN,first,allDatasets,1.8710809514142466
hnscc,87,baseNN,first,justTargetDataset,263.61209592957425
hnscc,87,baseNN,second,allDatasets,1.6694478470346201
hnscc,87,baseNN,second,justTargetDataset,215.68160347316575
lscc,87,baseNN,first,allDatasets,2.0098632194183685
lscc,87,baseNN,first,justTargetDataset,392.4359392438616
lscc,87,baseNN,second,allDatasets,1.8712676313188341
lscc,87,baseNN,second,justTargetDataset,344.91045667860243
luad,87,baseNN,first,allDatasets,1.4443171934414936
luad,87,baseNN,first,justTargetDataset,171.43443199896043
luad,87,baseNN,second,allDatasets,2.2256611854799333
luad,87,baseNN,second,justTargetDataset,216.05616612588204
ov,87,baseNN,first,allDatasets,1.759910225868225
ov,87,baseNN,first,justTargetDataset,97.30476379394531
ov,87,baseNN,second,allDatasets,1.9496054649353027
ov,87,baseNN,second,justTargetDataset,100.46887969970703
pdac,87,baseNN,first,allDatasets,2.1311492919921875
pdac,87,baseNN,first,justTargetDataset,161.29541015625
pdac,87,baseNN,second,allDatasets,2.2367677688598633
pdac,87,baseNN,second,justTargetDataset,99.64131164550781
all,87,baseNN,first,allDatasets,11.146431152377508
all,87,baseNN,first,justTargetDataset,11.782015425758024
all,87,baseNN,second,allDatasets,13.710638138062176
all,87,baseNN,second,justTargetDataset,15.29221339744255
brca,88,baseNN,first,allDatasets,1.7817542552947998
brca,88,baseNN,first,justTargetDataset,69.38333892822266
brca,88,baseNN,second,allDatasets,2.094529390335083
brca,88,baseNN,second,justTargetDataset,72.10933685302734
ccrcc,88,baseNN,first,allDatasets,2.832788920100731
ccrcc,88,baseNN,first,justTargetDataset,186.15317487113083
ccrcc,88,baseNN,second,allDatasets,2.8020110435974903
ccrcc,88,baseNN,second,justTargetDataset,221.90555279071515
coad,88,baseNN,first,allDatasets,3.5646004676818848
coad,88,baseNN,first,justTargetDataset,112.3844223022461
coad,88,baseNN,second,allDatasets,1.9658242464065552
coad,88,baseNN,second,justTargetDataset,133.6265106201172
gbm,88,baseNN,first,allDatasets,1.6013966798782349
gbm,88,baseNN,first,justTargetDataset,136.1044158935547
gbm,88,baseNN,second,allDatasets,1.6528897285461426
gbm,88,baseNN,second,justTargetDataset,126.54264068603516
hnscc,88,baseNN,first,allDatasets,1.5412038616512134
hnscc,88,baseNN,first,justTargetDataset,281.3575359842052
hnscc,88,baseNN,second,allDatasets,1.8508376055869504
hnscc,88,baseNN,second,justTargetDataset,173.4645350359488
lscc,88,baseNN,first,allDatasets,1.9960213925812271
lscc,88,baseNN,first,justTargetDataset,275.08964387663116
lscc,88,baseNN,second,allDatasets,1.779609907997979
lscc,88,baseNN,second,justTargetDataset,346.30963270399303
luad,88,baseNN,first,allDatasets,1.9036992878042243
luad,88,baseNN,first,justTargetDataset,217.53649360902847
luad,88,baseNN,second,allDatasets,2.2687418935119466
luad,88,baseNN,second,justTargetDataset,193.84020454652847
ov,88,baseNN,first,allDatasets,2.408101797103882
ov,88,baseNN,first,justTargetDataset,96.31913757324219
ov,88,baseNN,second,allDatasets,2.1116888523101807
ov,88,baseNN,second,justTargetDataset,95.79511260986328
pdac,88,baseNN,first,allDatasets,2.0626111030578613
pdac,88,baseNN,first,justTargetDataset,93.74871063232422
pdac,88,baseNN,second,allDatasets,2.0334882736206055
pdac,88,baseNN,second,justTargetDataset,110.40373992919922
all,88,baseNN,first,allDatasets,11.955496701941026
all,88,baseNN,first,justTargetDataset,13.434403072627244
all,88,baseNN,second,allDatasets,12.12209897032821
all,88,baseNN,second,justTargetDataset,12.25446436366933
brca,89,baseNN,first,allDatasets,1.933382511138916
brca,89,baseNN,first,justTargetDataset,68.71768951416016
brca,89,baseNN,second,allDatasets,1.8493645191192627
brca,89,baseNN,second,justTargetDataset,69.21607208251953
ccrcc,89,baseNN,first,allDatasets,2.7910308596454088
ccrcc,89,baseNN,first,justTargetDataset,152.68031156515772
ccrcc,89,baseNN,second,allDatasets,2.494050368284568
ccrcc,89,baseNN,second,justTargetDataset,167.59087547889123
coad,89,baseNN,first,allDatasets,3.8808770179748535
coad,89,baseNN,first,justTargetDataset,108.689697265625
coad,89,baseNN,second,allDatasets,4.696713447570801
coad,89,baseNN,second,justTargetDataset,99.73772430419922
gbm,89,baseNN,first,allDatasets,1.5443471670150757
gbm,89,baseNN,first,justTargetDataset,122.8929672241211
gbm,89,baseNN,second,allDatasets,1.802762508392334
gbm,89,baseNN,second,justTargetDataset,140.8646240234375
hnscc,89,baseNN,first,allDatasets,2.2325727870498877
hnscc,89,baseNN,first,justTargetDataset,253.42973880491394
hnscc,89,baseNN,second,allDatasets,1.7121220550675322
hnscc,89,baseNN,second,justTargetDataset,209.46470619975656
lscc,89,baseNN,first,allDatasets,2.3414510593309505
lscc,89,baseNN,first,justTargetDataset,269.2928050952953
lscc,89,baseNN,second,allDatasets,1.6577276706695556
lscc,89,baseNN,second,justTargetDataset,337.78733995225696
luad,89,baseNN,first,allDatasets,1.337807987325935
luad,89,baseNN,first,justTargetDataset,158.2478788642473
luad,89,baseNN,second,allDatasets,1.9534683970994846
luad,89,baseNN,second,justTargetDataset,232.26768395208543
ov,89,baseNN,first,allDatasets,2.180475950241089
ov,89,baseNN,first,justTargetDataset,123.0370864868164
ov,89,baseNN,second,allDatasets,2.4090702533721924
ov,89,baseNN,second,justTargetDataset,98.07676696777344
pdac,89,baseNN,first,allDatasets,2.494913101196289
pdac,89,baseNN,first,justTargetDataset,87.6296157836914
pdac,89,baseNN,second,allDatasets,1.9253970384597778
pdac,89,baseNN,second,justTargetDataset,123.09565734863281
all,89,baseNN,first,allDatasets,13.518008922475628
all,89,baseNN,first,justTargetDataset,14.162513988629907
all,89,baseNN,second,allDatasets,11.784490682224538
all,89,baseNN,second,justTargetDataset,11.381018992201318
brca,90,baseNN,first,allDatasets,1.7161093950271606
brca,90,baseNN,first,justTargetDataset,67.29058837890625
brca,90,baseNN,second,allDatasets,2.2082533836364746
brca,90,baseNN,second,justTargetDataset,76.33710479736328
ccrcc,90,baseNN,first,allDatasets,2.366114936297453
ccrcc,90,baseNN,first,justTargetDataset,151.97961715505093
ccrcc,90,baseNN,second,allDatasets,3.041290900646112
ccrcc,90,baseNN,second,justTargetDataset,187.69967690492288
coad,90,baseNN,first,allDatasets,7.947051525115967
coad,90,baseNN,first,justTargetDataset,92.97663879394531
coad,90,baseNN,second,allDatasets,4.2137579917907715
coad,90,baseNN,second,justTargetDataset,125.45623016357422
gbm,90,baseNN,first,allDatasets,1.521986961364746
gbm,90,baseNN,first,justTargetDataset,113.44205474853516
gbm,90,baseNN,second,allDatasets,1.7681652307510376
gbm,90,baseNN,second,justTargetDataset,134.40493774414062
hnscc,90,baseNN,first,allDatasets,1.8047102240548618
hnscc,90,baseNN,first,justTargetDataset,355.8637454267861
hnscc,90,baseNN,second,allDatasets,1.639058662497479
hnscc,90,baseNN,second,justTargetDataset,225.16270513119906
lscc,90,baseNN,first,allDatasets,1.8638771182888156
lscc,90,baseNN,first,justTargetDataset,268.5183853317093
lscc,90,baseNN,second,allDatasets,2.0720255586836074
lscc,90,baseNN,second,justTargetDataset,268.89874538845487
luad,90,baseNN,first,allDatasets,1.5085811063807497
luad,90,baseNN,first,justTargetDataset,231.85011242282005
luad,90,baseNN,second,allDatasets,2.1123108607466503
luad,90,baseNN,second,justTargetDataset,187.63888402138986
ov,90,baseNN,first,allDatasets,2.6509203910827637
ov,90,baseNN,first,justTargetDataset,110.96931457519531
ov,90,baseNN,second,allDatasets,4.788421630859375
ov,90,baseNN,second,justTargetDataset,122.6739501953125
pdac,90,baseNN,first,allDatasets,1.9652190208435059
pdac,90,baseNN,first,justTargetDataset,87.51980590820312
pdac,90,baseNN,second,allDatasets,2.749309778213501
pdac,90,baseNN,second,justTargetDataset,115.01384735107422
all,90,baseNN,first,allDatasets,12.067328831157853
all,90,baseNN,first,justTargetDataset,12.089937576361462
all,90,baseNN,second,allDatasets,13.77333761918991
all,90,baseNN,second,justTargetDataset,14.422018928323837
brca,91,baseNN,first,allDatasets,2.007425546646118
brca,91,baseNN,first,justTargetDataset,80.68123626708984
brca,91,baseNN,second,allDatasets,1.9025245904922485
brca,91,baseNN,second,justTargetDataset,72.11766052246094
ccrcc,91,baseNN,first,allDatasets,2.415188955355294
ccrcc,91,baseNN,first,justTargetDataset,159.9632077760334
ccrcc,91,baseNN,second,allDatasets,2.644784144866161
ccrcc,91,baseNN,second,justTargetDataset,338.87593430739184
coad,91,baseNN,first,allDatasets,3.2810728549957275
coad,91,baseNN,first,justTargetDataset,101.9676284790039
coad,91,baseNN,second,allDatasets,6.083128452301025
coad,91,baseNN,second,justTargetDataset,130.68775939941406
gbm,91,baseNN,first,allDatasets,1.528159499168396
gbm,91,baseNN,first,justTargetDataset,108.2469711303711
gbm,91,baseNN,second,allDatasets,1.889805793762207
gbm,91,baseNN,second,justTargetDataset,134.0893096923828
hnscc,91,baseNN,first,allDatasets,2.1198010202767192
hnscc,91,baseNN,first,justTargetDataset,204.84360139266303
hnscc,91,baseNN,second,allDatasets,1.6261804311171821
hnscc,91,baseNN,second,justTargetDataset,311.6519655974015
lscc,91,baseNN,first,allDatasets,1.8499838912880027
lscc,91,baseNN,first,justTargetDataset,292.9273212139423
lscc,91,baseNN,second,allDatasets,1.9936529768837823
lscc,91,baseNN,second,justTargetDataset,318.49811265733507
luad,91,baseNN,first,allDatasets,1.6792728106180828
luad,91,baseNN,first,justTargetDataset,182.31880959131385
luad,91,baseNN,second,allDatasets,2.03032769439041
luad,91,baseNN,second,justTargetDataset,202.28324365103117
ov,91,baseNN,first,allDatasets,4.1127848625183105
ov,91,baseNN,first,justTargetDataset,117.1957015991211
ov,91,baseNN,second,allDatasets,1.8272137641906738
ov,91,baseNN,second,justTargetDataset,117.06597137451172
pdac,91,baseNN,first,allDatasets,4.767521381378174
pdac,91,baseNN,first,justTargetDataset,98.66787719726562
pdac,91,baseNN,second,allDatasets,3.6691348552703857
pdac,91,baseNN,second,justTargetDataset,115.084716796875
all,91,baseNN,first,allDatasets,15.445145834863713
all,91,baseNN,first,justTargetDataset,15.456884549571349
all,91,baseNN,second,allDatasets,11.365370914472829
all,91,baseNN,second,justTargetDataset,11.140308688668643
brca,92,baseNN,first,allDatasets,1.890387773513794
brca,92,baseNN,first,justTargetDataset,75.72891235351562
brca,92,baseNN,second,allDatasets,2.1472926139831543
brca,92,baseNN,second,justTargetDataset,77.66451263427734
ccrcc,92,baseNN,first,allDatasets,2.4001696743542635
ccrcc,92,baseNN,first,justTargetDataset,219.64639050447488
ccrcc,92,baseNN,second,allDatasets,2.947507301966349
ccrcc,92,baseNN,second,justTargetDataset,181.68825315817807
coad,92,baseNN,first,allDatasets,5.73635721206665
coad,92,baseNN,first,justTargetDataset,119.61707305908203
coad,92,baseNN,second,allDatasets,3.42907452583313
coad,92,baseNN,second,justTargetDataset,101.11280059814453
gbm,92,baseNN,first,allDatasets,1.5844916105270386
gbm,92,baseNN,first,justTargetDataset,120.55643463134766
gbm,92,baseNN,second,allDatasets,1.711488962173462
gbm,92,baseNN,second,justTargetDataset,128.9788055419922
hnscc,92,baseNN,first,allDatasets,1.728010263995848
hnscc,92,baseNN,first,justTargetDataset,260.4802869713825
hnscc,92,baseNN,second,allDatasets,1.7232011556625366
hnscc,92,baseNN,second,justTargetDataset,220.76904186304066
lscc,92,baseNN,first,allDatasets,1.8970765753106758
lscc,92,baseNN,first,justTargetDataset,313.2659754491114
lscc,92,baseNN,second,allDatasets,2.4420471615261503
lscc,92,baseNN,second,justTargetDataset,262.37012057834204
luad,92,baseNN,first,allDatasets,1.6306086189003401
luad,92,baseNN,first,justTargetDataset,268.60326131184894
luad,92,baseNN,second,allDatasets,1.6660830384941512
luad,92,baseNN,second,justTargetDataset,204.24251859931536
ov,92,baseNN,first,allDatasets,5.040881633758545
ov,92,baseNN,first,justTargetDataset,101.2540054321289
ov,92,baseNN,second,allDatasets,1.7174079418182373
ov,92,baseNN,second,justTargetDataset,96.73687744140625
pdac,92,baseNN,first,allDatasets,2.233283042907715
pdac,92,baseNN,first,justTargetDataset,98.52424621582031
pdac,92,baseNN,second,allDatasets,1.8799092769622803
pdac,92,baseNN,second,justTargetDataset,94.95902252197266
all,92,baseNN,first,allDatasets,11.443217400744953
all,92,baseNN,first,justTargetDataset,11.898306885440793
all,92,baseNN,second,allDatasets,10.649962560378293
all,92,baseNN,second,justTargetDataset,11.416976487572818
brca,93,baseNN,first,allDatasets,1.9954323768615723
brca,93,baseNN,first,justTargetDataset,68.29553985595703
brca,93,baseNN,second,allDatasets,2.1828596591949463
brca,93,baseNN,second,justTargetDataset,80.17841339111328
ccrcc,93,baseNN,first,allDatasets,2.574487215355982
ccrcc,93,baseNN,first,justTargetDataset,177.56078869783425
ccrcc,93,baseNN,second,allDatasets,2.9430614618154674
ccrcc,93,baseNN,second,justTargetDataset,224.39317360902444
coad,93,baseNN,first,allDatasets,3.057583808898926
coad,93,baseNN,first,justTargetDataset,86.4993896484375
coad,93,baseNN,second,allDatasets,5.194362640380859
coad,93,baseNN,second,justTargetDataset,125.96501159667969
gbm,93,baseNN,first,allDatasets,1.5244452953338623
gbm,93,baseNN,first,justTargetDataset,117.61572265625
gbm,93,baseNN,second,allDatasets,1.7931482791900635
gbm,93,baseNN,second,justTargetDataset,141.17713928222656
hnscc,93,baseNN,first,allDatasets,1.6385615062022554
hnscc,93,baseNN,first,justTargetDataset,169.40227608058763
hnscc,93,baseNN,second,allDatasets,1.619062482446864
hnscc,93,baseNN,second,justTargetDataset,278.58232669553894
lscc,93,baseNN,first,allDatasets,1.8278243515517685
lscc,93,baseNN,first,justTargetDataset,313.0980539845896
lscc,93,baseNN,second,allDatasets,2.0777811845143637
lscc,93,baseNN,second,justTargetDataset,298.81971978081594
luad,93,baseNN,first,allDatasets,2.2249712751757715
luad,93,baseNN,first,justTargetDataset,207.6899148264239
luad,93,baseNN,second,allDatasets,1.9055965946566673
luad,93,baseNN,second,justTargetDataset,173.98636569771716
ov,93,baseNN,first,allDatasets,1.7229454517364502
ov,93,baseNN,first,justTargetDataset,90.85015106201172
ov,93,baseNN,second,allDatasets,3.5392541885375977
ov,93,baseNN,second,justTargetDataset,103.25151824951172
pdac,93,baseNN,first,allDatasets,2.334007740020752
pdac,93,baseNN,first,justTargetDataset,119.63679504394531
pdac,93,baseNN,second,allDatasets,2.4584591388702393
pdac,93,baseNN,second,justTargetDataset,95.18235778808594
all,93,baseNN,first,allDatasets,11.03670457147919
all,93,baseNN,first,justTargetDataset,10.446793134233593
all,93,baseNN,second,allDatasets,13.682160493099328
all,93,baseNN,second,justTargetDataset,15.13040882253392
brca,94,baseNN,first,allDatasets,1.8558874130249023
brca,94,baseNN,first,justTargetDataset,67.2903823852539
brca,94,baseNN,second,allDatasets,2.0720317363739014
brca,94,baseNN,second,justTargetDataset,78.26631927490234
ccrcc,94,baseNN,first,allDatasets,3.044847929024998
ccrcc,94,baseNN,first,justTargetDataset,217.16376060775565
ccrcc,94,baseNN,second,allDatasets,2.172590598081931
ccrcc,94,baseNN,second,justTargetDataset,131.24196487818008
coad,94,baseNN,first,allDatasets,2.0499391555786133
coad,94,baseNN,first,justTargetDataset,74.69091796875
coad,94,baseNN,second,allDatasets,3.159766674041748
coad,94,baseNN,second,justTargetDataset,119.14794921875
gbm,94,baseNN,first,allDatasets,1.9995299577713013
gbm,94,baseNN,first,justTargetDataset,155.89234924316406
gbm,94,baseNN,second,allDatasets,1.3791499137878418
gbm,94,baseNN,second,justTargetDataset,113.34095764160156
hnscc,94,baseNN,first,allDatasets,1.4773910512094912
hnscc,94,baseNN,first,justTargetDataset,322.80775164175725
hnscc,94,baseNN,second,allDatasets,2.0018357574075893
hnscc,94,baseNN,second,justTargetDataset,205.72904437521228
lscc,94,baseNN,first,allDatasets,1.83181611260215
lscc,94,baseNN,first,justTargetDataset,302.1384612701751
lscc,94,baseNN,second,allDatasets,1.96594520939721
lscc,94,baseNN,second,justTargetDataset,291.17230021158855
luad,94,baseNN,first,allDatasets,1.5836788518454439
luad,94,baseNN,first,justTargetDataset,238.0373015044838
luad,94,baseNN,second,allDatasets,1.8424399116987824
luad,94,baseNN,second,justTargetDataset,168.55069954164566
ov,94,baseNN,first,allDatasets,1.9645687341690063
ov,94,baseNN,first,justTargetDataset,101.38191986083984
ov,94,baseNN,second,allDatasets,1.7677826881408691
ov,94,baseNN,second,justTargetDataset,95.79851531982422
pdac,94,baseNN,first,allDatasets,1.7396315336227417
pdac,94,baseNN,first,justTargetDataset,102.79672241210938
pdac,94,baseNN,second,allDatasets,2.219775915145874
pdac,94,baseNN,second,justTargetDataset,112.53746795654297
all,94,baseNN,first,allDatasets,13.452400647222468
all,94,baseNN,first,justTargetDataset,13.911542015582059
all,94,baseNN,second,allDatasets,11.75372350917143
all,94,baseNN,second,justTargetDataset,12.71252756577762
brca,95,baseNN,first,allDatasets,1.9571614265441895
brca,95,baseNN,first,justTargetDataset,75.38621520996094
brca,95,baseNN,second,allDatasets,1.8283308744430542
brca,95,baseNN,second,justTargetDataset,66.2302017211914
ccrcc,95,baseNN,first,allDatasets,2.8670083812520475
ccrcc,95,baseNN,first,justTargetDataset,174.35807510569126
ccrcc,95,baseNN,second,allDatasets,2.7440035404303136
ccrcc,95,baseNN,second,justTargetDataset,179.01784182817508
coad,95,baseNN,first,allDatasets,2.6960935592651367
coad,95,baseNN,first,justTargetDataset,103.70893859863281
coad,95,baseNN,second,allDatasets,6.310336589813232
coad,95,baseNN,second,justTargetDataset,126.8653335571289
gbm,95,baseNN,first,allDatasets,1.5805447101593018
gbm,95,baseNN,first,justTargetDataset,107.44378662109375
gbm,95,baseNN,second,allDatasets,1.810218095779419
gbm,95,baseNN,second,justTargetDataset,165.9263916015625
hnscc,95,baseNN,first,allDatasets,1.651773468307827
hnscc,95,baseNN,first,justTargetDataset,255.29460254613903
hnscc,95,baseNN,second,allDatasets,1.7965856427731721
hnscc,95,baseNN,second,justTargetDataset,275.2085615517437
lscc,95,baseNN,first,allDatasets,2.246580448779431
lscc,95,baseNN,first,justTargetDataset,290.5500659313831
lscc,95,baseNN,second,allDatasets,1.5942431290944417
lscc,95,baseNN,second,justTargetDataset,255.4615017361111
luad,95,baseNN,first,allDatasets,1.769245756569729
luad,95,baseNN,first,justTargetDataset,158.06132425287717
luad,95,baseNN,second,allDatasets,1.7883945242051156
luad,95,baseNN,second,justTargetDataset,160.98504507413475
ov,95,baseNN,first,allDatasets,1.7958651781082153
ov,95,baseNN,first,justTargetDataset,103.54769134521484
ov,95,baseNN,second,allDatasets,1.7118535041809082
ov,95,baseNN,second,justTargetDataset,90.5087661743164
pdac,95,baseNN,first,allDatasets,2.3455405235290527
pdac,95,baseNN,first,justTargetDataset,110.37017822265625
pdac,95,baseNN,second,allDatasets,2.5572988986968994
pdac,95,baseNN,second,justTargetDataset,94.72718048095703
all,95,baseNN,first,allDatasets,11.528423086520846
all,95,baseNN,first,justTargetDataset,11.257335147182499
all,95,baseNN,second,allDatasets,12.019467749910133
all,95,baseNN,second,justTargetDataset,11.563652348815864
brca,96,baseNN,first,allDatasets,1.9324480295181274
brca,96,baseNN,first,justTargetDataset,75.42174530029297
brca,96,baseNN,second,allDatasets,1.9311273097991943
brca,96,baseNN,second,justTargetDataset,66.41210174560547
ccrcc,96,baseNN,first,allDatasets,2.21006210846237
ccrcc,96,baseNN,first,justTargetDataset,170.3555941038494
ccrcc,96,baseNN,second,allDatasets,3.5067158051026173
ccrcc,96,baseNN,second,justTargetDataset,214.81737107496994
coad,96,baseNN,first,allDatasets,4.657957553863525
coad,96,baseNN,first,justTargetDataset,109.06437683105469
coad,96,baseNN,second,allDatasets,2.0704381465911865
coad,96,baseNN,second,justTargetDataset,104.7093734741211
gbm,96,baseNN,first,allDatasets,1.6847453117370605
gbm,96,baseNN,first,justTargetDataset,136.66322326660156
gbm,96,baseNN,second,allDatasets,1.6314411163330078
gbm,96,baseNN,second,justTargetDataset,119.13398742675781
hnscc,96,baseNN,first,allDatasets,1.7414974371592205
hnscc,96,baseNN,first,justTargetDataset,300.83834175441575
hnscc,96,baseNN,second,allDatasets,1.6619708572608838
hnscc,96,baseNN,second,justTargetDataset,179.86731731027797
lscc,96,baseNN,first,allDatasets,1.7909998828238183
lscc,96,baseNN,first,justTargetDataset,269.26072592263694
lscc,96,baseNN,second,allDatasets,1.9268091016345554
lscc,96,baseNN,second,justTargetDataset,338.5341261121962
luad,96,baseNN,first,allDatasets,1.8956323118620022
luad,96,baseNN,first,justTargetDataset,227.0042992048366
luad,96,baseNN,second,allDatasets,1.9033370030823575
luad,96,baseNN,second,justTargetDataset,202.03213369718162
ov,96,baseNN,first,allDatasets,1.9701534509658813
ov,96,baseNN,first,justTargetDataset,103.63329315185547
ov,96,baseNN,second,allDatasets,8.609356880187988
ov,96,baseNN,second,justTargetDataset,109.07425689697266
pdac,96,baseNN,first,allDatasets,2.2580246925354004
pdac,96,baseNN,first,justTargetDataset,97.30591583251953
pdac,96,baseNN,second,allDatasets,3.278717041015625
pdac,96,baseNN,second,justTargetDataset,114.164306640625
all,96,baseNN,first,allDatasets,12.781147724759263
all,96,baseNN,first,justTargetDataset,13.9061520703071
all,96,baseNN,second,allDatasets,13.049996289339932
all,96,baseNN,second,justTargetDataset,13.232321880292977
brca,97,baseNN,first,allDatasets,2.1596992015838623
brca,97,baseNN,first,justTargetDataset,81.90866088867188
brca,97,baseNN,second,allDatasets,1.7261128425598145
brca,97,baseNN,second,justTargetDataset,65.10739135742188
ccrcc,97,baseNN,first,allDatasets,3.765227396276933
ccrcc,97,baseNN,first,justTargetDataset,175.30548984189576
ccrcc,97,baseNN,second,allDatasets,2.1577676932017007
ccrcc,97,baseNN,second,justTargetDataset,187.70330693171576
coad,97,baseNN,first,allDatasets,2.7465806007385254
coad,97,baseNN,first,justTargetDataset,118.38882446289062
coad,97,baseNN,second,allDatasets,8.902547836303711
coad,97,baseNN,second,justTargetDataset,115.19454193115234
gbm,97,baseNN,first,allDatasets,1.635990023612976
gbm,97,baseNN,first,justTargetDataset,140.6761474609375
gbm,97,baseNN,second,allDatasets,1.7453765869140625
gbm,97,baseNN,second,justTargetDataset,122.92921447753906
hnscc,97,baseNN,first,allDatasets,1.9458768765131633
hnscc,97,baseNN,first,justTargetDataset,230.10903090324956
hnscc,97,baseNN,second,allDatasets,1.5826893060103706
hnscc,97,baseNN,second,justTargetDataset,243.44840715933537
lscc,97,baseNN,first,allDatasets,2.0169742919586517
lscc,97,baseNN,first,justTargetDataset,223.51858822330013
lscc,97,baseNN,second,allDatasets,1.8979962640338475
lscc,97,baseNN,second,justTargetDataset,402.71111653645835
luad,97,baseNN,first,allDatasets,1.5671565583957139
luad,97,baseNN,first,justTargetDataset,186.87218581989248
luad,97,baseNN,second,allDatasets,1.733616789182027
luad,97,baseNN,second,justTargetDataset,285.12524906281504
ov,97,baseNN,first,allDatasets,1.6528525352478027
ov,97,baseNN,first,justTargetDataset,104.04073333740234
ov,97,baseNN,second,allDatasets,2.1079769134521484
ov,97,baseNN,second,justTargetDataset,119.87226867675781
pdac,97,baseNN,first,allDatasets,1.986763596534729
pdac,97,baseNN,first,justTargetDataset,104.37175750732422
pdac,97,baseNN,second,allDatasets,1.7119970321655273
pdac,97,baseNN,second,justTargetDataset,95.334228515625
all,97,baseNN,first,allDatasets,10.79186946649467
all,97,baseNN,first,justTargetDataset,10.817411833737804
all,97,baseNN,second,allDatasets,13.001331454292337
all,97,baseNN,second,justTargetDataset,13.371217962254814
brca,98,baseNN,first,allDatasets,1.8311728239059448
brca,98,baseNN,first,justTargetDataset,68.37609100341797
brca,98,baseNN,second,allDatasets,2.1088757514953613
brca,98,baseNN,second,justTargetDataset,80.01045227050781
ccrcc,98,baseNN,first,allDatasets,2.147089140324653
ccrcc,98,baseNN,first,justTargetDataset,120.04861662659464
ccrcc,98,baseNN,second,allDatasets,4.172329169053298
ccrcc,98,baseNN,second,justTargetDataset,175.70342508951822
coad,98,baseNN,first,allDatasets,2.5047998428344727
coad,98,baseNN,first,justTargetDataset,104.04472351074219
coad,98,baseNN,second,allDatasets,5.028517723083496
coad,98,baseNN,second,justTargetDataset,130.02586364746094
gbm,98,baseNN,first,allDatasets,1.62804114818573
gbm,98,baseNN,first,justTargetDataset,109.28477478027344
gbm,98,baseNN,second,allDatasets,1.7718530893325806
gbm,98,baseNN,second,justTargetDataset,132.86415100097656
hnscc,98,baseNN,first,allDatasets,1.5568729345349297
hnscc,98,baseNN,first,justTargetDataset,195.6611356873443
hnscc,98,baseNN,second,allDatasets,1.870517637418664
hnscc,98,baseNN,second,justTargetDataset,245.38598809725997
lscc,98,baseNN,first,allDatasets,1.579083339198605
lscc,98,baseNN,first,justTargetDataset,281.90755789620533
lscc,98,baseNN,second,allDatasets,2.1518899891111585
lscc,98,baseNN,second,justTargetDataset,277.2123250325521
luad,98,baseNN,first,allDatasets,1.606872231729569
luad,98,baseNN,first,justTargetDataset,195.34463566605763
luad,98,baseNN,second,allDatasets,1.6425366183762908
luad,98,baseNN,second,justTargetDataset,205.00354807863954
ov,98,baseNN,first,allDatasets,1.9779131412506104
ov,98,baseNN,first,justTargetDataset,106.79135131835938
ov,98,baseNN,second,allDatasets,1.5357038974761963
ov,98,baseNN,second,justTargetDataset,78.42799377441406
pdac,98,baseNN,first,allDatasets,2.213496208190918
pdac,98,baseNN,first,justTargetDataset,99.22229766845703
pdac,98,baseNN,second,allDatasets,5.147823810577393
pdac,98,baseNN,second,justTargetDataset,112.21550750732422
all,98,baseNN,first,allDatasets,10.801722037053741
all,98,baseNN,first,justTargetDataset,9.840114384203886
all,98,baseNN,second,allDatasets,14.840959448652896
all,98,baseNN,second,justTargetDataset,15.031630976739839
brca,99,baseNN,first,allDatasets,2.059652328491211
brca,99,baseNN,first,justTargetDataset,80.17908477783203
brca,99,baseNN,second,allDatasets,1.6909348964691162
brca,99,baseNN,second,justTargetDataset,66.97525024414062
ccrcc,99,baseNN,first,allDatasets,2.672617966615701
ccrcc,99,baseNN,first,justTargetDataset,187.40257958520817
ccrcc,99,baseNN,second,allDatasets,2.8513721930675016
ccrcc,99,baseNN,second,justTargetDataset,275.7737043331831
coad,99,baseNN,first,allDatasets,3.4879512786865234
coad,99,baseNN,first,justTargetDataset,101.60572052001953
coad,99,baseNN,second,allDatasets,2.5755691528320312
coad,99,baseNN,second,justTargetDataset,113.85680389404297
gbm,99,baseNN,first,allDatasets,1.5058616399765015
gbm,99,baseNN,first,justTargetDataset,105.78983306884766
gbm,99,baseNN,second,allDatasets,1.727027177810669
gbm,99,baseNN,second,justTargetDataset,140.35153198242188
hnscc,99,baseNN,first,allDatasets,1.8527049897373586
hnscc,99,baseNN,first,justTargetDataset,284.9741635529891
hnscc,99,baseNN,second,allDatasets,1.476730277572853
hnscc,99,baseNN,second,justTargetDataset,328.5646919582201
lscc,99,baseNN,first,allDatasets,1.8910820837859268
lscc,99,baseNN,first,justTargetDataset,243.7240949358259
lscc,99,baseNN,second,allDatasets,1.8907980336083305
lscc,99,baseNN,second,justTargetDataset,275.11171875
luad,99,baseNN,first,allDatasets,1.6928611878425843
luad,99,baseNN,first,justTargetDataset,180.59346681000085
luad,99,baseNN,second,allDatasets,1.594412019175868
luad,99,baseNN,second,justTargetDataset,180.56428921607232
ov,99,baseNN,first,allDatasets,5.297701358795166
ov,99,baseNN,first,justTargetDataset,96.56421661376953
ov,99,baseNN,second,allDatasets,1.6993207931518555
ov,99,baseNN,second,justTargetDataset,79.274658203125
pdac,99,baseNN,first,allDatasets,3.0639488697052
pdac,99,baseNN,first,justTargetDataset,97.93549346923828
pdac,99,baseNN,second,allDatasets,3.016767978668213
pdac,99,baseNN,second,justTargetDataset,128.7555389404297
all,99,dummy,first,allDatasets,1.5929946899414062
all,99,dummy,first,justTargetDataset,1.5929946899414062
all,99,dummy,second,allDatasets,1.2537062168121338
all,99,dummy,second,justTargetDataset,1.2537062168121338
brca,0,dummy,first,allDatasets,1.1301078796386719
brca,0,dummy,first,justTargetDataset,1.1248091459274292
brca,0,dummy,second,allDatasets,1.110425353050232
brca,0,dummy,second,justTargetDataset,1.1247769594192505
ccrcc,0,dummy,first,allDatasets,0.9918213486671448
ccrcc,0,dummy,first,justTargetDataset,1.0143848657608032
ccrcc,0,dummy,second,allDatasets,1.148239254951477
ccrcc,0,dummy,second,justTargetDataset,1.1294220685958862
coad,0,dummy,first,allDatasets,1.2359257936477661
coad,0,dummy,first,justTargetDataset,1.2321984767913818
coad,0,dummy,second,allDatasets,2.8686306476593018
coad,0,dummy,second,justTargetDataset,2.719810962677002
gbm,0,dummy,first,allDatasets,1.301956057548523
gbm,0,dummy,first,justTargetDataset,1.3080114126205444
gbm,0,dummy,second,allDatasets,1.004388451576233
gbm,0,dummy,second,justTargetDataset,1.0437830686569214
hnscc,0,dummy,first,allDatasets,1.0874075889587402
hnscc,0,dummy,first,justTargetDataset,1.081388235092163
hnscc,0,dummy,second,allDatasets,1.0739558935165405
hnscc,0,dummy,second,justTargetDataset,1.0944641828536987
lscc,0,dummy,first,allDatasets,1.039116382598877
lscc,0,dummy,first,justTargetDataset,1.04631507396698
lscc,0,dummy,second,allDatasets,1.0770281553268433
lscc,0,dummy,second,justTargetDataset,1.075716495513916
luad,0,dummy,first,allDatasets,1.0030665397644043
luad,0,dummy,first,justTargetDataset,1.0284091234207153
luad,0,dummy,second,allDatasets,1.2530899047851562
luad,0,dummy,second,justTargetDataset,1.2319821119308472
ov,0,dummy,first,allDatasets,1.2893590927124023
ov,0,dummy,first,justTargetDataset,1.3064370155334473
ov,0,dummy,second,allDatasets,1.1462619304656982
ov,0,dummy,second,justTargetDataset,1.226131796836853
pdac,0,dummy,first,allDatasets,1.8642224073410034
pdac,0,dummy,first,justTargetDataset,1.7075835466384888
pdac,0,dummy,second,allDatasets,1.6411930322647095
pdac,0,dummy,second,justTargetDataset,1.5622776746749878
all,0,dummy,first,allDatasets,1.17232346534729
all,0,dummy,first,justTargetDataset,1.17232346534729
all,0,dummy,second,allDatasets,1.309327244758606
all,0,dummy,second,justTargetDataset,1.309327244758606
brca,1,dummy,first,allDatasets,1.1586363315582275
brca,1,dummy,first,justTargetDataset,1.1528348922729492
brca,1,dummy,second,allDatasets,1.070968747138977
brca,1,dummy,second,justTargetDataset,1.1122757196426392
ccrcc,1,dummy,first,allDatasets,1.0125081539154053
ccrcc,1,dummy,first,justTargetDataset,1.026553988456726
ccrcc,1,dummy,second,allDatasets,2.0563135147094727
ccrcc,1,dummy,second,justTargetDataset,1.8586139678955078
coad,1,dummy,first,allDatasets,4.051844120025635
coad,1,dummy,first,justTargetDataset,3.864572048187256
coad,1,dummy,second,allDatasets,1.6562529802322388
coad,1,dummy,second,justTargetDataset,1.7062615156173706
gbm,1,dummy,first,allDatasets,1.2486920356750488
gbm,1,dummy,first,justTargetDataset,1.2070598602294922
gbm,1,dummy,second,allDatasets,1.0281139612197876
gbm,1,dummy,second,justTargetDataset,1.0458265542984009
hnscc,1,dummy,first,allDatasets,1.075829029083252
hnscc,1,dummy,first,justTargetDataset,1.0964387655258179
hnscc,1,dummy,second,allDatasets,1.118578553199768
hnscc,1,dummy,second,justTargetDataset,1.1232033967971802
lscc,1,dummy,first,allDatasets,1.1894805431365967
lscc,1,dummy,first,justTargetDataset,1.1730901002883911
lscc,1,dummy,second,allDatasets,0.9787564277648926
lscc,1,dummy,second,justTargetDataset,1.0063844919204712
luad,1,dummy,first,allDatasets,1.0911985635757446
luad,1,dummy,first,justTargetDataset,1.1122938394546509
luad,1,dummy,second,allDatasets,1.079301118850708
luad,1,dummy,second,justTargetDataset,1.100799322128296
ov,1,dummy,first,allDatasets,1.2998054027557373
ov,1,dummy,first,justTargetDataset,1.3214924335479736
ov,1,dummy,second,allDatasets,3.010249614715576
ov,1,dummy,second,justTargetDataset,2.8431546688079834
pdac,1,dummy,first,allDatasets,1.3980412483215332
pdac,1,dummy,first,justTargetDataset,1.357991099357605
pdac,1,dummy,second,allDatasets,1.634451985359192
pdac,1,dummy,second,justTargetDataset,1.5862748622894287
all,1,dummy,first,allDatasets,1.3814483880996704
all,1,dummy,first,justTargetDataset,1.3814483880996704
all,1,dummy,second,allDatasets,1.4205971956253052
all,1,dummy,second,justTargetDataset,1.4205971956253052
brca,2,dummy,first,allDatasets,1.2878974676132202
brca,2,dummy,first,justTargetDataset,1.2789047956466675
brca,2,dummy,second,allDatasets,0.9858755469322205
brca,2,dummy,second,justTargetDataset,1.030651569366455
ccrcc,2,dummy,first,allDatasets,0.9770212173461914
ccrcc,2,dummy,first,justTargetDataset,1.0113906860351562
ccrcc,2,dummy,second,allDatasets,1.5981560945510864
ccrcc,2,dummy,second,justTargetDataset,1.512696385383606
coad,2,dummy,first,allDatasets,2.927941083908081
coad,2,dummy,first,justTargetDataset,2.9207732677459717
coad,2,dummy,second,allDatasets,4.731823444366455
coad,2,dummy,second,justTargetDataset,4.491045951843262
gbm,2,dummy,first,allDatasets,1.1948074102401733
gbm,2,dummy,first,justTargetDataset,1.1848829984664917
gbm,2,dummy,second,allDatasets,1.0427749156951904
gbm,2,dummy,second,justTargetDataset,1.0642895698547363
hnscc,2,dummy,first,allDatasets,0.9922944903373718
hnscc,2,dummy,first,justTargetDataset,1.0180516242980957
hnscc,2,dummy,second,allDatasets,1.1845601797103882
hnscc,2,dummy,second,justTargetDataset,1.1512147188186646
lscc,2,dummy,first,allDatasets,1.3236273527145386
lscc,2,dummy,first,justTargetDataset,1.28355872631073
lscc,2,dummy,second,allDatasets,0.9404946565628052
lscc,2,dummy,second,justTargetDataset,1.0015207529067993
luad,2,dummy,first,allDatasets,1.0351128578186035
luad,2,dummy,first,justTargetDataset,1.0699386596679688
luad,2,dummy,second,allDatasets,1.1724720001220703
luad,2,dummy,second,justTargetDataset,1.1707013845443726
ov,2,dummy,first,allDatasets,1.210975170135498
ov,2,dummy,first,justTargetDataset,1.204656720161438
ov,2,dummy,second,allDatasets,1.0870000123977661
ov,2,dummy,second,justTargetDataset,1.0767401456832886
pdac,2,dummy,first,allDatasets,1.8436304330825806
pdac,2,dummy,first,justTargetDataset,1.850702166557312
pdac,2,dummy,second,allDatasets,2.109502077102661
pdac,2,dummy,second,justTargetDataset,1.9547829627990723
all,2,dummy,first,allDatasets,1.3379555940628052
all,2,dummy,first,justTargetDataset,1.3379555940628052
all,2,dummy,second,allDatasets,1.5253264904022217
all,2,dummy,second,justTargetDataset,1.5253264904022217
brca,3,dummy,first,allDatasets,1.2119477987289429
brca,3,dummy,first,justTargetDataset,1.2062238454818726
brca,3,dummy,second,allDatasets,1.0608395338058472
brca,3,dummy,second,justTargetDataset,1.0605077743530273
ccrcc,3,dummy,first,allDatasets,1.103600263595581
ccrcc,3,dummy,first,justTargetDataset,1.1014772653579712
ccrcc,3,dummy,second,allDatasets,1.0394370555877686
ccrcc,3,dummy,second,justTargetDataset,1.0421756505966187
coad,3,dummy,first,allDatasets,5.560875415802002
coad,3,dummy,first,justTargetDataset,5.257497310638428
coad,3,dummy,second,allDatasets,3.4548914432525635
coad,3,dummy,second,justTargetDataset,3.4275362491607666
gbm,3,dummy,first,allDatasets,1.1847176551818848
gbm,3,dummy,first,justTargetDataset,1.1861629486083984
gbm,3,dummy,second,allDatasets,1.093787431716919
gbm,3,dummy,second,justTargetDataset,1.0941591262817383
hnscc,3,dummy,first,allDatasets,1.146929383277893
hnscc,3,dummy,first,justTargetDataset,1.1548758745193481
hnscc,3,dummy,second,allDatasets,1.068785548210144
hnscc,3,dummy,second,justTargetDataset,1.0912116765975952
lscc,3,dummy,first,allDatasets,1.0974457263946533
lscc,3,dummy,first,justTargetDataset,1.0865452289581299
lscc,3,dummy,second,allDatasets,1.0483237504959106
lscc,3,dummy,second,justTargetDataset,1.061814308166504
luad,3,dummy,first,allDatasets,1.6388334035873413
luad,3,dummy,first,justTargetDataset,1.5985764265060425
luad,3,dummy,second,allDatasets,1.2763175964355469
luad,3,dummy,second,justTargetDataset,1.4215387105941772
ov,3,dummy,first,allDatasets,1.196496605873108
ov,3,dummy,first,justTargetDataset,1.197525143623352
ov,3,dummy,second,allDatasets,1.1827659606933594
ov,3,dummy,second,justTargetDataset,1.206727147102356
pdac,3,dummy,first,allDatasets,1.8728381395339966
pdac,3,dummy,first,justTargetDataset,1.777842402458191
pdac,3,dummy,second,allDatasets,1.3561265468597412
pdac,3,dummy,second,justTargetDataset,1.3398003578186035
all,3,dummy,first,allDatasets,1.6316466331481934
all,3,dummy,first,justTargetDataset,1.6316466331481934
all,3,dummy,second,allDatasets,1.3148870468139648
all,3,dummy,second,justTargetDataset,1.3148870468139648
brca,4,dummy,first,allDatasets,1.1101562976837158
brca,4,dummy,first,justTargetDataset,1.1845333576202393
brca,4,dummy,second,allDatasets,1.1587843894958496
brca,4,dummy,second,justTargetDataset,1.160174012184143
ccrcc,4,dummy,first,allDatasets,1.1881237030029297
ccrcc,4,dummy,first,justTargetDataset,1.1869815587997437
ccrcc,4,dummy,second,allDatasets,1.2660784721374512
ccrcc,4,dummy,second,justTargetDataset,1.2617461681365967
coad,4,dummy,first,allDatasets,4.068875789642334
coad,4,dummy,first,justTargetDataset,3.9648351669311523
coad,4,dummy,second,allDatasets,3.486088752746582
coad,4,dummy,second,justTargetDataset,3.3438525199890137
gbm,4,dummy,first,allDatasets,1.3602757453918457
gbm,4,dummy,first,justTargetDataset,1.321236491203308
gbm,4,dummy,second,allDatasets,1.0092406272888184
gbm,4,dummy,second,justTargetDataset,1.0677306652069092
hnscc,4,dummy,first,allDatasets,1.0756590366363525
hnscc,4,dummy,first,justTargetDataset,1.0855604410171509
hnscc,4,dummy,second,allDatasets,1.0986888408660889
hnscc,4,dummy,second,justTargetDataset,1.101229190826416
lscc,4,dummy,first,allDatasets,1.1130948066711426
lscc,4,dummy,first,justTargetDataset,1.1214510202407837
lscc,4,dummy,second,allDatasets,1.0427098274230957
lscc,4,dummy,second,justTargetDataset,1.059854507446289
luad,4,dummy,first,allDatasets,1.1395914554595947
luad,4,dummy,first,justTargetDataset,1.163360834121704
luad,4,dummy,second,allDatasets,1.529046893119812
luad,4,dummy,second,justTargetDataset,1.6330554485321045
ov,4,dummy,first,allDatasets,1.2846981287002563
ov,4,dummy,first,justTargetDataset,1.2647359371185303
ov,4,dummy,second,allDatasets,1.1001410484313965
ov,4,dummy,second,justTargetDataset,1.114423155784607
pdac,4,dummy,first,allDatasets,1.412925362586975
pdac,4,dummy,first,justTargetDataset,1.3314498662948608
pdac,4,dummy,second,allDatasets,2.089158058166504
pdac,4,dummy,second,justTargetDataset,1.9214518070220947
all,4,dummy,first,allDatasets,1.4076285362243652
all,4,dummy,first,justTargetDataset,1.4076285362243652
all,4,dummy,second,allDatasets,1.461517333984375
all,4,dummy,second,justTargetDataset,1.461517333984375
brca,5,dummy,first,allDatasets,1.8136266469955444
brca,5,dummy,first,justTargetDataset,1.9855680465698242
brca,5,dummy,second,allDatasets,1.325832486152649
brca,5,dummy,second,justTargetDataset,1.4701367616653442
ccrcc,5,dummy,first,allDatasets,1.8442697525024414
ccrcc,5,dummy,first,justTargetDataset,1.7096583843231201
ccrcc,5,dummy,second,allDatasets,1.0116057395935059
ccrcc,5,dummy,second,justTargetDataset,1.047193169593811
coad,5,dummy,first,allDatasets,1.8606618642807007
coad,5,dummy,first,justTargetDataset,1.885586142539978
coad,5,dummy,second,allDatasets,7.688432693481445
coad,5,dummy,second,justTargetDataset,7.1334028244018555
gbm,5,dummy,first,allDatasets,1.103446364402771
gbm,5,dummy,first,justTargetDataset,1.107428789138794
gbm,5,dummy,second,allDatasets,1.2294232845306396
gbm,5,dummy,second,justTargetDataset,1.2208751440048218
hnscc,5,dummy,first,allDatasets,1.061972737312317
hnscc,5,dummy,first,justTargetDataset,1.0737086534500122
hnscc,5,dummy,second,allDatasets,1.1513047218322754
hnscc,5,dummy,second,justTargetDataset,1.1745339632034302
lscc,5,dummy,first,allDatasets,1.1145397424697876
lscc,5,dummy,first,justTargetDataset,1.1382150650024414
lscc,5,dummy,second,allDatasets,1.0215282440185547
lscc,5,dummy,second,justTargetDataset,1.0475353002548218
luad,5,dummy,first,allDatasets,1.3391625881195068
luad,5,dummy,first,justTargetDataset,1.3553838729858398
luad,5,dummy,second,allDatasets,1.16552734375
luad,5,dummy,second,justTargetDataset,1.2250901460647583
ov,5,dummy,first,allDatasets,1.1790441274642944
ov,5,dummy,first,justTargetDataset,1.1958972215652466
ov,5,dummy,second,allDatasets,1.1743487119674683
ov,5,dummy,second,justTargetDataset,1.1653015613555908
pdac,5,dummy,first,allDatasets,1.7721744775772095
pdac,5,dummy,first,justTargetDataset,1.6968625783920288
pdac,5,dummy,second,allDatasets,1.2312233448028564
pdac,5,dummy,second,justTargetDataset,1.3784208297729492
all,5,dummy,first,allDatasets,1.436920404434204
all,5,dummy,first,justTargetDataset,1.436920404434204
all,5,dummy,second,allDatasets,1.6465803384780884
all,5,dummy,second,justTargetDataset,1.6465803384780884
brca,6,dummy,first,allDatasets,1.269146203994751
brca,6,dummy,first,justTargetDataset,1.2627558708190918
brca,6,dummy,second,allDatasets,2.330122470855713
brca,6,dummy,second,justTargetDataset,2.802520751953125
ccrcc,6,dummy,first,allDatasets,1.0694551467895508
ccrcc,6,dummy,first,justTargetDataset,1.0574703216552734
ccrcc,6,dummy,second,allDatasets,1.0417288541793823
ccrcc,6,dummy,second,justTargetDataset,1.0373402833938599
coad,6,dummy,first,allDatasets,5.086551666259766
coad,6,dummy,first,justTargetDataset,4.812850475311279
coad,6,dummy,second,allDatasets,0.9949076771736145
coad,6,dummy,second,justTargetDataset,1.0029902458190918
gbm,6,dummy,first,allDatasets,1.0587927103042603
gbm,6,dummy,first,justTargetDataset,1.1046464443206787
gbm,6,dummy,second,allDatasets,1.2924542427062988
gbm,6,dummy,second,justTargetDataset,1.251618504524231
hnscc,6,dummy,first,allDatasets,1.0357977151870728
hnscc,6,dummy,first,justTargetDataset,1.0593957901000977
hnscc,6,dummy,second,allDatasets,2.399566411972046
hnscc,6,dummy,second,justTargetDataset,2.113248825073242
lscc,6,dummy,first,allDatasets,1.1457958221435547
lscc,6,dummy,first,justTargetDataset,1.165418028831482
lscc,6,dummy,second,allDatasets,1.0331602096557617
lscc,6,dummy,second,justTargetDataset,1.0738593339920044
luad,6,dummy,first,allDatasets,1.2027078866958618
luad,6,dummy,first,justTargetDataset,1.198635458946228
luad,6,dummy,second,allDatasets,1.0681769847869873
luad,6,dummy,second,justTargetDataset,1.11009681224823
ov,6,dummy,first,allDatasets,1.2148058414459229
ov,6,dummy,first,justTargetDataset,1.2126015424728394
ov,6,dummy,second,allDatasets,1.0962837934494019
ov,6,dummy,second,justTargetDataset,1.1147969961166382
pdac,6,dummy,first,allDatasets,2.5277464389801025
pdac,6,dummy,first,justTargetDataset,2.1699564456939697
pdac,6,dummy,second,allDatasets,1.6205666065216064
pdac,6,dummy,second,justTargetDataset,1.5773729085922241
all,6,dummy,first,allDatasets,1.5724313259124756
all,6,dummy,first,justTargetDataset,1.5724313259124756
all,6,dummy,second,allDatasets,1.4110556840896606
all,6,dummy,second,justTargetDataset,1.4110556840896606
brca,7,dummy,first,allDatasets,1.0624350309371948
brca,7,dummy,first,justTargetDataset,1.0986307859420776
brca,7,dummy,second,allDatasets,1.2020013332366943
brca,7,dummy,second,justTargetDataset,1.179248332977295
ccrcc,7,dummy,first,allDatasets,1.0430587530136108
ccrcc,7,dummy,first,justTargetDataset,1.05733060836792
ccrcc,7,dummy,second,allDatasets,1.1170406341552734
ccrcc,7,dummy,second,justTargetDataset,1.1333022117614746
coad,7,dummy,first,allDatasets,2.046396255493164
coad,7,dummy,first,justTargetDataset,2.1272573471069336
coad,7,dummy,second,allDatasets,4.993947505950928
coad,7,dummy,second,justTargetDataset,4.7031378746032715
gbm,7,dummy,first,allDatasets,1.0926462411880493
gbm,7,dummy,first,justTargetDataset,1.112538456916809
gbm,7,dummy,second,allDatasets,1.2313002347946167
gbm,7,dummy,second,justTargetDataset,1.2258912324905396
hnscc,7,dummy,first,allDatasets,1.0668933391571045
hnscc,7,dummy,first,justTargetDataset,1.0839225053787231
hnscc,7,dummy,second,allDatasets,1.1102137565612793
hnscc,7,dummy,second,justTargetDataset,1.103834867477417
lscc,7,dummy,first,allDatasets,1.0438770055770874
lscc,7,dummy,first,justTargetDataset,1.0710424184799194
lscc,7,dummy,second,allDatasets,1.1084586381912231
lscc,7,dummy,second,justTargetDataset,1.1202646493911743
luad,7,dummy,first,allDatasets,1.130968451499939
luad,7,dummy,first,justTargetDataset,1.1479997634887695
luad,7,dummy,second,allDatasets,1.1807231903076172
luad,7,dummy,second,justTargetDataset,1.163724422454834
ov,7,dummy,first,allDatasets,1.1393208503723145
ov,7,dummy,first,justTargetDataset,1.1442859172821045
ov,7,dummy,second,allDatasets,1.2053000926971436
ov,7,dummy,second,justTargetDataset,1.20064377784729
pdac,7,dummy,first,allDatasets,2.3976900577545166
pdac,7,dummy,first,justTargetDataset,2.133300304412842
pdac,7,dummy,second,allDatasets,1.1492056846618652
pdac,7,dummy,second,justTargetDataset,1.1423269510269165
all,7,dummy,first,allDatasets,1.2785059213638306
all,7,dummy,first,justTargetDataset,1.2785059213638306
all,7,dummy,second,allDatasets,1.4484409093856812
all,7,dummy,second,justTargetDataset,1.4484409093856812
brca,8,dummy,first,allDatasets,0.9600656628608704
brca,8,dummy,first,justTargetDataset,1.0080801248550415
brca,8,dummy,second,allDatasets,1.5926141738891602
brca,8,dummy,second,justTargetDataset,1.7256789207458496
ccrcc,8,dummy,first,allDatasets,1.2155882120132446
ccrcc,8,dummy,first,justTargetDataset,1.1886026859283447
ccrcc,8,dummy,second,allDatasets,0.9624292254447937
ccrcc,8,dummy,second,justTargetDataset,1.0034382343292236
coad,8,dummy,first,allDatasets,4.708018779754639
coad,8,dummy,first,justTargetDataset,4.329701900482178
coad,8,dummy,second,allDatasets,4.0400261878967285
coad,8,dummy,second,justTargetDataset,3.9401321411132812
gbm,8,dummy,first,allDatasets,1.2331855297088623
gbm,8,dummy,first,justTargetDataset,1.235135793685913
gbm,8,dummy,second,allDatasets,1.0925191640853882
gbm,8,dummy,second,justTargetDataset,1.1205108165740967
hnscc,8,dummy,first,allDatasets,1.13336980342865
hnscc,8,dummy,first,justTargetDataset,1.125192642211914
hnscc,8,dummy,second,allDatasets,1.1080729961395264
hnscc,8,dummy,second,justTargetDataset,1.1364250183105469
lscc,8,dummy,first,allDatasets,0.9709658622741699
lscc,8,dummy,first,justTargetDataset,1.0056241750717163
lscc,8,dummy,second,allDatasets,1.1589806079864502
lscc,8,dummy,second,justTargetDataset,1.1338642835617065
luad,8,dummy,first,allDatasets,1.304460048675537
luad,8,dummy,first,justTargetDataset,1.2936245203018188
luad,8,dummy,second,allDatasets,1.131726861000061
luad,8,dummy,second,justTargetDataset,1.2362143993377686
ov,8,dummy,first,allDatasets,1.1661560535430908
ov,8,dummy,first,justTargetDataset,1.18726646900177
ov,8,dummy,second,allDatasets,2.117671012878418
ov,8,dummy,second,justTargetDataset,2.2944135665893555
pdac,8,dummy,first,allDatasets,1.5389853715896606
pdac,8,dummy,first,justTargetDataset,1.5215742588043213
pdac,8,dummy,second,allDatasets,1.3474117517471313
pdac,8,dummy,second,justTargetDataset,1.3459117412567139
all,8,dummy,first,allDatasets,1.451223611831665
all,8,dummy,first,justTargetDataset,1.451223611831665
all,8,dummy,second,allDatasets,1.4578874111175537
all,8,dummy,second,justTargetDataset,1.4578874111175537
brca,9,dummy,first,allDatasets,1.090135097503662
brca,9,dummy,first,justTargetDataset,1.112487554550171
brca,9,dummy,second,allDatasets,1.1519801616668701
brca,9,dummy,second,justTargetDataset,1.1660584211349487
ccrcc,9,dummy,first,allDatasets,1.070885419845581
ccrcc,9,dummy,first,justTargetDataset,1.0902043581008911
ccrcc,9,dummy,second,allDatasets,1.0828245878219604
ccrcc,9,dummy,second,justTargetDataset,1.09188711643219
coad,9,dummy,first,allDatasets,1.537983775138855
coad,9,dummy,first,justTargetDataset,1.5145331621170044
coad,9,dummy,second,allDatasets,2.4255127906799316
coad,9,dummy,second,justTargetDataset,2.2694759368896484
gbm,9,dummy,first,allDatasets,1.2020604610443115
gbm,9,dummy,first,justTargetDataset,1.2648001909255981
gbm,9,dummy,second,allDatasets,1.1809792518615723
gbm,9,dummy,second,justTargetDataset,1.2083042860031128
hnscc,9,dummy,first,allDatasets,1.1566075086593628
hnscc,9,dummy,first,justTargetDataset,1.1368578672409058
hnscc,9,dummy,second,allDatasets,1.0171962976455688
hnscc,9,dummy,second,justTargetDataset,1.0265721082687378
lscc,9,dummy,first,allDatasets,0.9616507291793823
lscc,9,dummy,first,justTargetDataset,0.987709641456604
lscc,9,dummy,second,allDatasets,1.1553473472595215
lscc,9,dummy,second,justTargetDataset,1.1274371147155762
luad,9,dummy,first,allDatasets,1.2853935956954956
luad,9,dummy,first,justTargetDataset,1.3990176916122437
luad,9,dummy,second,allDatasets,1.306722640991211
luad,9,dummy,second,justTargetDataset,1.3305031061172485
ov,9,dummy,first,allDatasets,1.1721858978271484
ov,9,dummy,first,justTargetDataset,1.210410714149475
ov,9,dummy,second,allDatasets,1.1992566585540771
ov,9,dummy,second,justTargetDataset,1.1977016925811768
pdac,9,dummy,first,allDatasets,1.4626344442367554
pdac,9,dummy,first,justTargetDataset,1.4316473007202148
pdac,9,dummy,second,allDatasets,2.4679479598999023
pdac,9,dummy,second,justTargetDataset,2.1347572803497314
all,9,dummy,first,allDatasets,1.1909807920455933
all,9,dummy,first,justTargetDataset,1.1909807920455933
all,9,dummy,second,allDatasets,1.3815737962722778
all,9,dummy,second,justTargetDataset,1.3815737962722778
brca,10,dummy,first,allDatasets,1.1480686664581299
brca,10,dummy,first,justTargetDataset,1.152059555053711
brca,10,dummy,second,allDatasets,1.1190824508666992
brca,10,dummy,second,justTargetDataset,1.1122339963912964
ccrcc,10,dummy,first,allDatasets,1.3558684587478638
ccrcc,10,dummy,first,justTargetDataset,1.3587571382522583
ccrcc,10,dummy,second,allDatasets,1.0653284788131714
ccrcc,10,dummy,second,justTargetDataset,1.0668474435806274
coad,10,dummy,first,allDatasets,1.600463628768921
coad,10,dummy,first,justTargetDataset,1.558018445968628
coad,10,dummy,second,allDatasets,4.511301040649414
coad,10,dummy,second,justTargetDataset,4.198877334594727
gbm,10,dummy,first,allDatasets,1.1964133977890015
gbm,10,dummy,first,justTargetDataset,1.1722023487091064
gbm,10,dummy,second,allDatasets,1.1151807308197021
gbm,10,dummy,second,justTargetDataset,1.1330052614212036
hnscc,10,dummy,first,allDatasets,1.3501091003417969
hnscc,10,dummy,first,justTargetDataset,1.335909128189087
hnscc,10,dummy,second,allDatasets,1.0224902629852295
hnscc,10,dummy,second,justTargetDataset,1.0536412000656128
lscc,10,dummy,first,allDatasets,0.9893177151679993
lscc,10,dummy,first,justTargetDataset,1.0169517993927002
lscc,10,dummy,second,allDatasets,1.1612651348114014
lscc,10,dummy,second,justTargetDataset,1.1431444883346558
luad,10,dummy,first,allDatasets,1.240675687789917
luad,10,dummy,first,justTargetDataset,1.2186640501022339
luad,10,dummy,second,allDatasets,1.0812866687774658
luad,10,dummy,second,justTargetDataset,1.0980093479156494
ov,10,dummy,first,allDatasets,1.2664856910705566
ov,10,dummy,first,justTargetDataset,1.253709077835083
ov,10,dummy,second,allDatasets,1.140920639038086
ov,10,dummy,second,justTargetDataset,1.151435375213623
pdac,10,dummy,first,allDatasets,5.131246566772461
pdac,10,dummy,first,justTargetDataset,4.259774208068848
pdac,10,dummy,second,allDatasets,1.444382667541504
pdac,10,dummy,second,justTargetDataset,1.4355583190917969
all,10,dummy,first,allDatasets,1.6182007789611816
all,10,dummy,first,justTargetDataset,1.6182007789611816
all,10,dummy,second,allDatasets,1.3926472663879395
all,10,dummy,second,justTargetDataset,1.3926472663879395
brca,11,dummy,first,allDatasets,1.114177942276001
brca,11,dummy,first,justTargetDataset,1.10109281539917
brca,11,dummy,second,allDatasets,1.0537859201431274
brca,11,dummy,second,justTargetDataset,1.0667767524719238
ccrcc,11,dummy,first,allDatasets,1.0062133073806763
ccrcc,11,dummy,first,justTargetDataset,1.0237559080123901
ccrcc,11,dummy,second,allDatasets,1.1890044212341309
ccrcc,11,dummy,second,justTargetDataset,1.1716619729995728
coad,11,dummy,first,allDatasets,2.104405641555786
coad,11,dummy,first,justTargetDataset,2.012299060821533
coad,11,dummy,second,allDatasets,1.648171305656433
coad,11,dummy,second,justTargetDataset,1.6283310651779175
gbm,11,dummy,first,allDatasets,1.1121478080749512
gbm,11,dummy,first,justTargetDataset,1.1019924879074097
gbm,11,dummy,second,allDatasets,1.1300543546676636
gbm,11,dummy,second,justTargetDataset,1.1195068359375
hnscc,11,dummy,first,allDatasets,1.1780012845993042
hnscc,11,dummy,first,justTargetDataset,1.1820158958435059
hnscc,11,dummy,second,allDatasets,1.1916966438293457
hnscc,11,dummy,second,justTargetDataset,1.2965365648269653
lscc,11,dummy,first,allDatasets,1.1229923963546753
lscc,11,dummy,first,justTargetDataset,1.1379034519195557
lscc,11,dummy,second,allDatasets,1.4108656644821167
lscc,11,dummy,second,justTargetDataset,1.7836967706680298
luad,11,dummy,first,allDatasets,1.4020164012908936
luad,11,dummy,first,justTargetDataset,1.346396803855896
luad,11,dummy,second,allDatasets,0.9448707103729248
luad,11,dummy,second,justTargetDataset,1.0136373043060303
ov,11,dummy,first,allDatasets,1.2344164848327637
ov,11,dummy,first,justTargetDataset,1.264197587966919
ov,11,dummy,second,allDatasets,2.87711501121521
ov,11,dummy,second,justTargetDataset,2.847459554672241
pdac,11,dummy,first,allDatasets,1.5586402416229248
pdac,11,dummy,first,justTargetDataset,1.4333311319351196
pdac,11,dummy,second,allDatasets,1.7454508543014526
pdac,11,dummy,second,justTargetDataset,1.6240202188491821
all,11,dummy,first,allDatasets,1.2812291383743286
all,11,dummy,first,justTargetDataset,1.2812291383743286
all,11,dummy,second,allDatasets,1.363901972770691
all,11,dummy,second,justTargetDataset,1.363901972770691
brca,12,dummy,first,allDatasets,1.1016755104064941
brca,12,dummy,first,justTargetDataset,1.1168608665466309
brca,12,dummy,second,allDatasets,1.1427828073501587
brca,12,dummy,second,justTargetDataset,1.1330384016036987
ccrcc,12,dummy,first,allDatasets,1.0834728479385376
ccrcc,12,dummy,first,justTargetDataset,1.0928057432174683
ccrcc,12,dummy,second,allDatasets,1.0632368326187134
ccrcc,12,dummy,second,justTargetDataset,1.0615041255950928
coad,12,dummy,first,allDatasets,8.812745094299316
coad,12,dummy,first,justTargetDataset,8.237264633178711
coad,12,dummy,second,allDatasets,1.7467323541641235
coad,12,dummy,second,justTargetDataset,1.6740120649337769
gbm,12,dummy,first,allDatasets,1.014768362045288
gbm,12,dummy,first,justTargetDataset,1.068334698677063
gbm,12,dummy,second,allDatasets,1.267553687095642
gbm,12,dummy,second,justTargetDataset,1.2335176467895508
hnscc,12,dummy,first,allDatasets,1.0321518182754517
hnscc,12,dummy,first,justTargetDataset,1.0661574602127075
hnscc,12,dummy,second,allDatasets,1.115109920501709
hnscc,12,dummy,second,justTargetDataset,1.097656488418579
lscc,12,dummy,first,allDatasets,1.0593323707580566
lscc,12,dummy,first,justTargetDataset,1.0621336698532104
lscc,12,dummy,second,allDatasets,1.1234246492385864
lscc,12,dummy,second,justTargetDataset,1.1180272102355957
luad,12,dummy,first,allDatasets,1.0791230201721191
luad,12,dummy,first,justTargetDataset,1.1331125497817993
luad,12,dummy,second,allDatasets,1.1738486289978027
luad,12,dummy,second,justTargetDataset,1.1725549697875977
ov,12,dummy,first,allDatasets,1.0761010646820068
ov,12,dummy,first,justTargetDataset,1.0981911420822144
ov,12,dummy,second,allDatasets,1.2640562057495117
ov,12,dummy,second,justTargetDataset,1.2535743713378906
pdac,12,dummy,first,allDatasets,3.6099557876586914
pdac,12,dummy,first,justTargetDataset,3.101860284805298
pdac,12,dummy,second,allDatasets,1.1922621726989746
pdac,12,dummy,second,justTargetDataset,1.1650457382202148
all,12,dummy,first,allDatasets,1.8981006145477295
all,12,dummy,first,justTargetDataset,1.8981006145477295
all,12,dummy,second,allDatasets,1.198986530303955
all,12,dummy,second,justTargetDataset,1.198986530303955
brca,13,dummy,first,allDatasets,1.2373476028442383
brca,13,dummy,first,justTargetDataset,1.4621574878692627
brca,13,dummy,second,allDatasets,1.2052888870239258
brca,13,dummy,second,justTargetDataset,1.1721535921096802
ccrcc,13,dummy,first,allDatasets,2.051060199737549
ccrcc,13,dummy,first,justTargetDataset,1.9785929918289185
ccrcc,13,dummy,second,allDatasets,1.3956092596054077
ccrcc,13,dummy,second,justTargetDataset,1.3683247566223145
coad,13,dummy,first,allDatasets,3.731848955154419
coad,13,dummy,first,justTargetDataset,3.600602149963379
coad,13,dummy,second,allDatasets,6.394257545471191
coad,13,dummy,second,justTargetDataset,5.813331604003906
gbm,13,dummy,first,allDatasets,1.2722481489181519
gbm,13,dummy,first,justTargetDataset,1.278303623199463
gbm,13,dummy,second,allDatasets,1.1386276483535767
gbm,13,dummy,second,justTargetDataset,1.1641541719436646
hnscc,13,dummy,first,allDatasets,1.1192207336425781
hnscc,13,dummy,first,justTargetDataset,1.121243953704834
hnscc,13,dummy,second,allDatasets,1.074719786643982
hnscc,13,dummy,second,justTargetDataset,1.0880922079086304
lscc,13,dummy,first,allDatasets,0.9832919836044312
lscc,13,dummy,first,justTargetDataset,1.0386048555374146
lscc,13,dummy,second,allDatasets,1.2259482145309448
lscc,13,dummy,second,justTargetDataset,1.2180711030960083
luad,13,dummy,first,allDatasets,1.1168357133865356
luad,13,dummy,first,justTargetDataset,1.12702214717865
luad,13,dummy,second,allDatasets,1.1468031406402588
luad,13,dummy,second,justTargetDataset,1.13142728805542
ov,13,dummy,first,allDatasets,1.797128438949585
ov,13,dummy,first,justTargetDataset,1.8706825971603394
ov,13,dummy,second,allDatasets,1.2749732732772827
ov,13,dummy,second,justTargetDataset,1.274958610534668
pdac,13,dummy,first,allDatasets,1.2777132987976074
pdac,13,dummy,first,justTargetDataset,1.3565994501113892
pdac,13,dummy,second,allDatasets,7.328868389129639
pdac,13,dummy,second,justTargetDataset,5.964066505432129
all,13,dummy,first,allDatasets,1.5090850591659546
all,13,dummy,first,justTargetDataset,1.5090850591659546
all,13,dummy,second,allDatasets,2.1957175731658936
all,13,dummy,second,justTargetDataset,2.1957175731658936
brca,14,dummy,first,allDatasets,1.7431960105895996
brca,14,dummy,first,justTargetDataset,1.845880389213562
brca,14,dummy,second,allDatasets,0.9907075762748718
brca,14,dummy,second,justTargetDataset,1.0333483219146729
ccrcc,14,dummy,first,allDatasets,1.1559135913848877
ccrcc,14,dummy,first,justTargetDataset,1.1448711156845093
ccrcc,14,dummy,second,allDatasets,1.014415979385376
ccrcc,14,dummy,second,justTargetDataset,1.0345386266708374
coad,14,dummy,first,allDatasets,1.1829817295074463
coad,14,dummy,first,justTargetDataset,1.20621919631958
coad,14,dummy,second,allDatasets,10.324164390563965
coad,14,dummy,second,justTargetDataset,9.583264350891113
gbm,14,dummy,first,allDatasets,1.2523643970489502
gbm,14,dummy,first,justTargetDataset,1.3223634958267212
gbm,14,dummy,second,allDatasets,1.2195041179656982
gbm,14,dummy,second,justTargetDataset,1.3128148317337036
hnscc,14,dummy,first,allDatasets,1.1453876495361328
hnscc,14,dummy,first,justTargetDataset,1.1660268306732178
hnscc,14,dummy,second,allDatasets,1.0863964557647705
hnscc,14,dummy,second,justTargetDataset,1.0906572341918945
lscc,14,dummy,first,allDatasets,1.2131065130233765
lscc,14,dummy,first,justTargetDataset,1.1857794523239136
lscc,14,dummy,second,allDatasets,0.9367726445198059
lscc,14,dummy,second,justTargetDataset,0.9795547127723694
luad,14,dummy,first,allDatasets,1.2486730813980103
luad,14,dummy,first,justTargetDataset,1.2732656002044678
luad,14,dummy,second,allDatasets,1.1498030424118042
luad,14,dummy,second,justTargetDataset,1.1438159942626953
ov,14,dummy,first,allDatasets,4.165596008300781
ov,14,dummy,first,justTargetDataset,3.8966870307922363
ov,14,dummy,second,allDatasets,1.0325700044631958
ov,14,dummy,second,justTargetDataset,1.0718992948532104
pdac,14,dummy,first,allDatasets,1.2898539304733276
pdac,14,dummy,first,justTargetDataset,1.2478148937225342
pdac,14,dummy,second,allDatasets,1.457331895828247
pdac,14,dummy,second,justTargetDataset,1.3908472061157227
all,14,dummy,first,allDatasets,1.4548753499984741
all,14,dummy,first,justTargetDataset,1.4548753499984741
all,14,dummy,second,allDatasets,1.8044400215148926
all,14,dummy,second,justTargetDataset,1.8044400215148926
brca,15,dummy,first,allDatasets,0.97788405418396
brca,15,dummy,first,justTargetDataset,1.0238020420074463
brca,15,dummy,second,allDatasets,1.3372573852539062
brca,15,dummy,second,justTargetDataset,1.3151146173477173
ccrcc,15,dummy,first,allDatasets,0.98248690366745
ccrcc,15,dummy,first,justTargetDataset,1.0097883939743042
ccrcc,15,dummy,second,allDatasets,1.2021087408065796
ccrcc,15,dummy,second,justTargetDataset,1.1824843883514404
coad,15,dummy,first,allDatasets,6.009280681610107
coad,15,dummy,first,justTargetDataset,5.731682777404785
coad,15,dummy,second,allDatasets,2.996713161468506
coad,15,dummy,second,justTargetDataset,2.803368091583252
gbm,15,dummy,first,allDatasets,1.1466577053070068
gbm,15,dummy,first,justTargetDataset,1.1431628465652466
gbm,15,dummy,second,allDatasets,1.1666868925094604
gbm,15,dummy,second,justTargetDataset,1.1852457523345947
hnscc,15,dummy,first,allDatasets,1.1412125825881958
hnscc,15,dummy,first,justTargetDataset,1.132253885269165
hnscc,15,dummy,second,allDatasets,3.106480836868286
hnscc,15,dummy,second,justTargetDataset,2.8603217601776123
lscc,15,dummy,first,allDatasets,1.0462021827697754
lscc,15,dummy,first,justTargetDataset,1.082850456237793
lscc,15,dummy,second,allDatasets,1.162185549736023
lscc,15,dummy,second,justTargetDataset,1.1666454076766968
luad,15,dummy,first,allDatasets,1.131811261177063
luad,15,dummy,first,justTargetDataset,1.1272834539413452
luad,15,dummy,second,allDatasets,1.117430329322815
luad,15,dummy,second,justTargetDataset,1.1140735149383545
ov,15,dummy,first,allDatasets,1.0186485052108765
ov,15,dummy,first,justTargetDataset,1.0508557558059692
ov,15,dummy,second,allDatasets,1.3825074434280396
ov,15,dummy,second,justTargetDataset,1.3500514030456543
pdac,15,dummy,first,allDatasets,2.4633748531341553
pdac,15,dummy,first,justTargetDataset,2.1979501247406006
pdac,15,dummy,second,allDatasets,2.6940054893493652
pdac,15,dummy,second,justTargetDataset,2.3446097373962402
all,15,dummy,first,allDatasets,1.575822353363037
all,15,dummy,first,justTargetDataset,1.575822353363037
all,15,dummy,second,allDatasets,1.718860387802124
all,15,dummy,second,justTargetDataset,1.718860387802124
brca,16,dummy,first,allDatasets,1.419959545135498
brca,16,dummy,first,justTargetDataset,1.5918946266174316
brca,16,dummy,second,allDatasets,1.1327263116836548
brca,16,dummy,second,justTargetDataset,1.1361627578735352
ccrcc,16,dummy,first,allDatasets,1.1081140041351318
ccrcc,16,dummy,first,justTargetDataset,1.0910086631774902
ccrcc,16,dummy,second,allDatasets,1.7014139890670776
ccrcc,16,dummy,second,justTargetDataset,1.6102252006530762
coad,16,dummy,first,allDatasets,2.5588419437408447
coad,16,dummy,first,justTargetDataset,2.443349599838257
coad,16,dummy,second,allDatasets,1.0193904638290405
coad,16,dummy,second,justTargetDataset,1.0216386318206787
gbm,16,dummy,first,allDatasets,1.1779206991195679
gbm,16,dummy,first,justTargetDataset,1.1789648532867432
gbm,16,dummy,second,allDatasets,1.0675158500671387
gbm,16,dummy,second,justTargetDataset,1.0839622020721436
hnscc,16,dummy,first,allDatasets,1.1160985231399536
hnscc,16,dummy,first,justTargetDataset,1.1123085021972656
hnscc,16,dummy,second,allDatasets,1.1022372245788574
hnscc,16,dummy,second,justTargetDataset,1.2382596731185913
lscc,16,dummy,first,allDatasets,0.9863928556442261
lscc,16,dummy,first,justTargetDataset,1.0138665437698364
lscc,16,dummy,second,allDatasets,1.1680878400802612
lscc,16,dummy,second,justTargetDataset,1.1400866508483887
luad,16,dummy,first,allDatasets,1.109100341796875
luad,16,dummy,first,justTargetDataset,1.1411774158477783
luad,16,dummy,second,allDatasets,1.4870930910110474
luad,16,dummy,second,justTargetDataset,1.6407554149627686
ov,16,dummy,first,allDatasets,1.9078807830810547
ov,16,dummy,first,justTargetDataset,2.067941665649414
ov,16,dummy,second,allDatasets,2.828850507736206
ov,16,dummy,second,justTargetDataset,3.195883274078369
pdac,16,dummy,first,allDatasets,1.0919915437698364
pdac,16,dummy,first,justTargetDataset,1.1065688133239746
pdac,16,dummy,second,allDatasets,1.738812804222107
pdac,16,dummy,second,justTargetDataset,1.6604361534118652
all,16,dummy,first,allDatasets,1.2862539291381836
all,16,dummy,first,justTargetDataset,1.2862539291381836
all,16,dummy,second,allDatasets,1.4258439540863037
all,16,dummy,second,justTargetDataset,1.4258439540863037
brca,17,dummy,first,allDatasets,1.253286600112915
brca,17,dummy,first,justTargetDataset,1.2635716199874878
brca,17,dummy,second,allDatasets,1.0273200273513794
brca,17,dummy,second,justTargetDataset,1.1063107252120972
ccrcc,17,dummy,first,allDatasets,3.059148073196411
ccrcc,17,dummy,first,justTargetDataset,2.674213171005249
ccrcc,17,dummy,second,allDatasets,1.1438407897949219
ccrcc,17,dummy,second,justTargetDataset,1.1465214490890503
coad,17,dummy,first,allDatasets,3.524970769882202
coad,17,dummy,first,justTargetDataset,3.5686452388763428
coad,17,dummy,second,allDatasets,2.1501851081848145
coad,17,dummy,second,justTargetDataset,2.071350574493408
gbm,17,dummy,first,allDatasets,1.2808195352554321
gbm,17,dummy,first,justTargetDataset,1.2465898990631104
gbm,17,dummy,second,allDatasets,1.029997706413269
gbm,17,dummy,second,justTargetDataset,1.106369137763977
hnscc,17,dummy,first,allDatasets,1.0562971830368042
hnscc,17,dummy,first,justTargetDataset,1.064274549484253
hnscc,17,dummy,second,allDatasets,1.1254032850265503
hnscc,17,dummy,second,justTargetDataset,1.1217670440673828
lscc,17,dummy,first,allDatasets,1.0146108865737915
lscc,17,dummy,first,justTargetDataset,1.0373833179473877
lscc,17,dummy,second,allDatasets,1.1451780796051025
lscc,17,dummy,second,justTargetDataset,1.1151407957077026
luad,17,dummy,first,allDatasets,1.1770610809326172
luad,17,dummy,first,justTargetDataset,1.1838525533676147
luad,17,dummy,second,allDatasets,1.215377926826477
luad,17,dummy,second,justTargetDataset,1.3303698301315308
ov,17,dummy,first,allDatasets,1.348967432975769
ov,17,dummy,first,justTargetDataset,1.3240936994552612
ov,17,dummy,second,allDatasets,0.9685981273651123
ov,17,dummy,second,justTargetDataset,0.9780309796333313
pdac,17,dummy,first,allDatasets,3.808211326599121
pdac,17,dummy,first,justTargetDataset,3.492689371109009
pdac,17,dummy,second,allDatasets,4.031980037689209
pdac,17,dummy,second,justTargetDataset,3.4942219257354736
all,17,dummy,first,allDatasets,1.8562772274017334
all,17,dummy,first,justTargetDataset,1.8562772274017334
all,17,dummy,second,allDatasets,1.4773942232131958
all,17,dummy,second,justTargetDataset,1.4773942232131958
brca,18,dummy,first,allDatasets,1.05630624294281
brca,18,dummy,first,justTargetDataset,1.0837295055389404
brca,18,dummy,second,allDatasets,1.17070472240448
brca,18,dummy,second,justTargetDataset,1.1795483827590942
ccrcc,18,dummy,first,allDatasets,1.0961239337921143
ccrcc,18,dummy,first,justTargetDataset,1.076310396194458
ccrcc,18,dummy,second,allDatasets,1.0757074356079102
ccrcc,18,dummy,second,justTargetDataset,1.073716402053833
coad,18,dummy,first,allDatasets,4.059996128082275
coad,18,dummy,first,justTargetDataset,3.943898916244507
coad,18,dummy,second,allDatasets,3.563020944595337
coad,18,dummy,second,justTargetDataset,3.5933210849761963
gbm,18,dummy,first,allDatasets,1.0511082410812378
gbm,18,dummy,first,justTargetDataset,1.1387336254119873
gbm,18,dummy,second,allDatasets,1.2161736488342285
gbm,18,dummy,second,justTargetDataset,1.2040852308273315
hnscc,18,dummy,first,allDatasets,1.031179666519165
hnscc,18,dummy,first,justTargetDataset,1.0741028785705566
hnscc,18,dummy,second,allDatasets,1.162160038948059
hnscc,18,dummy,second,justTargetDataset,1.15061354637146
lscc,18,dummy,first,allDatasets,0.9224900603294373
lscc,18,dummy,first,justTargetDataset,0.979619562625885
lscc,18,dummy,second,allDatasets,1.337737798690796
lscc,18,dummy,second,justTargetDataset,1.282960295677185
luad,18,dummy,first,allDatasets,1.415102481842041
luad,18,dummy,first,justTargetDataset,1.3728070259094238
luad,18,dummy,second,allDatasets,0.9557027220726013
luad,18,dummy,second,justTargetDataset,1.0399913787841797
ov,18,dummy,first,allDatasets,1.11435067653656
ov,18,dummy,first,justTargetDataset,1.1262396574020386
ov,18,dummy,second,allDatasets,3.67698335647583
ov,18,dummy,second,justTargetDataset,3.4567995071411133
pdac,18,dummy,first,allDatasets,1.3199381828308105
pdac,18,dummy,first,justTargetDataset,1.2711962461471558
pdac,18,dummy,second,allDatasets,2.3954384326934814
pdac,18,dummy,second,justTargetDataset,2.139214515686035
all,18,dummy,first,allDatasets,1.3534942865371704
all,18,dummy,first,justTargetDataset,1.3534942865371704
all,18,dummy,second,allDatasets,1.6132543087005615
all,18,dummy,second,justTargetDataset,1.6132543087005615
brca,19,dummy,first,allDatasets,1.4664939641952515
brca,19,dummy,first,justTargetDataset,1.7013012170791626
brca,19,dummy,second,allDatasets,1.09226655960083
brca,19,dummy,second,justTargetDataset,1.1053813695907593
ccrcc,19,dummy,first,allDatasets,1.9319380521774292
ccrcc,19,dummy,first,justTargetDataset,1.756479263305664
ccrcc,19,dummy,second,allDatasets,1.0035451650619507
ccrcc,19,dummy,second,justTargetDataset,1.0210603475570679
coad,19,dummy,first,allDatasets,5.5358147621154785
coad,19,dummy,first,justTargetDataset,5.085256576538086
coad,19,dummy,second,allDatasets,0.9746189713478088
coad,19,dummy,second,justTargetDataset,0.989088237285614
gbm,19,dummy,first,allDatasets,1.264805555343628
gbm,19,dummy,first,justTargetDataset,1.2597965002059937
gbm,19,dummy,second,allDatasets,1.02897310256958
gbm,19,dummy,second,justTargetDataset,1.0741217136383057
hnscc,19,dummy,first,allDatasets,3.7922544479370117
hnscc,19,dummy,first,justTargetDataset,3.396031379699707
hnscc,19,dummy,second,allDatasets,1.11055326461792
hnscc,19,dummy,second,justTargetDataset,1.163801670074463
lscc,19,dummy,first,allDatasets,1.1494865417480469
lscc,19,dummy,first,justTargetDataset,1.127744436264038
lscc,19,dummy,second,allDatasets,0.9738485217094421
lscc,19,dummy,second,justTargetDataset,1.0075699090957642
luad,19,dummy,first,allDatasets,1.0705161094665527
luad,19,dummy,first,justTargetDataset,1.1100761890411377
luad,19,dummy,second,allDatasets,1.1958917379379272
luad,19,dummy,second,justTargetDataset,1.1789884567260742
ov,19,dummy,first,allDatasets,1.2047429084777832
ov,19,dummy,first,justTargetDataset,1.2295247316360474
ov,19,dummy,second,allDatasets,1.1259543895721436
ov,19,dummy,second,justTargetDataset,1.1366777420043945
pdac,19,dummy,first,allDatasets,1.6153020858764648
pdac,19,dummy,first,justTargetDataset,1.5090181827545166
pdac,19,dummy,second,allDatasets,2.3410704135894775
pdac,19,dummy,second,justTargetDataset,2.064699411392212
all,19,dummy,first,allDatasets,1.9900860786437988
all,19,dummy,first,justTargetDataset,1.9900860786437988
all,19,dummy,second,allDatasets,1.1887468099594116
all,19,dummy,second,justTargetDataset,1.1887468099594116
brca,20,dummy,first,allDatasets,1.2462804317474365
brca,20,dummy,first,justTargetDataset,1.2106318473815918
brca,20,dummy,second,allDatasets,1.0414124727249146
brca,20,dummy,second,justTargetDataset,1.0727155208587646
ccrcc,20,dummy,first,allDatasets,1.2037878036499023
ccrcc,20,dummy,first,justTargetDataset,1.177253246307373
ccrcc,20,dummy,second,allDatasets,0.9639286398887634
ccrcc,20,dummy,second,justTargetDataset,0.9934783577919006
coad,20,dummy,first,allDatasets,2.7345147132873535
coad,20,dummy,first,justTargetDataset,2.7205283641815186
coad,20,dummy,second,allDatasets,2.5797595977783203
coad,20,dummy,second,justTargetDataset,2.422410726547241
gbm,20,dummy,first,allDatasets,1.2202092409133911
gbm,20,dummy,first,justTargetDataset,1.2231495380401611
gbm,20,dummy,second,allDatasets,1.0637842416763306
gbm,20,dummy,second,justTargetDataset,1.0976876020431519
hnscc,20,dummy,first,allDatasets,1.1259320974349976
hnscc,20,dummy,first,justTargetDataset,1.1245290040969849
hnscc,20,dummy,second,allDatasets,1.0632867813110352
hnscc,20,dummy,second,justTargetDataset,1.0660901069641113
lscc,20,dummy,first,allDatasets,1.1787636280059814
lscc,20,dummy,first,justTargetDataset,1.1582677364349365
lscc,20,dummy,second,allDatasets,0.956230103969574
lscc,20,dummy,second,justTargetDataset,0.9935101270675659
luad,20,dummy,first,allDatasets,2.127297878265381
luad,20,dummy,first,justTargetDataset,2.1912009716033936
luad,20,dummy,second,allDatasets,1.0066983699798584
luad,20,dummy,second,justTargetDataset,1.0594948530197144
ov,20,dummy,first,allDatasets,1.1704672574996948
ov,20,dummy,first,justTargetDataset,1.1934159994125366
ov,20,dummy,second,allDatasets,1.1494754552841187
ov,20,dummy,second,justTargetDataset,1.1676304340362549
pdac,20,dummy,first,allDatasets,3.6915745735168457
pdac,20,dummy,first,justTargetDataset,3.5508320331573486
pdac,20,dummy,second,allDatasets,1.05508553981781
pdac,20,dummy,second,justTargetDataset,1.0540138483047485
all,20,dummy,first,allDatasets,1.699716329574585
all,20,dummy,first,justTargetDataset,1.699716329574585
all,20,dummy,second,allDatasets,1.1418273448944092
all,20,dummy,second,justTargetDataset,1.1418273448944092
brca,21,dummy,first,allDatasets,1.1207785606384277
brca,21,dummy,first,justTargetDataset,1.2040786743164062
brca,21,dummy,second,allDatasets,1.7154077291488647
brca,21,dummy,second,justTargetDataset,1.8028311729431152
ccrcc,21,dummy,first,allDatasets,1.5862160921096802
ccrcc,21,dummy,first,justTargetDataset,1.4842889308929443
ccrcc,21,dummy,second,allDatasets,1.1521806716918945
ccrcc,21,dummy,second,justTargetDataset,1.1381886005401611
coad,21,dummy,first,allDatasets,5.776812553405762
coad,21,dummy,first,justTargetDataset,5.305090427398682
coad,21,dummy,second,allDatasets,2.0469725131988525
coad,21,dummy,second,justTargetDataset,2.0335440635681152
gbm,21,dummy,first,allDatasets,1.199796199798584
gbm,21,dummy,first,justTargetDataset,1.2031843662261963
gbm,21,dummy,second,allDatasets,1.0805633068084717
gbm,21,dummy,second,justTargetDataset,1.093873381614685
hnscc,21,dummy,first,allDatasets,1.1426417827606201
hnscc,21,dummy,first,justTargetDataset,1.139630675315857
hnscc,21,dummy,second,allDatasets,1.0498467683792114
hnscc,21,dummy,second,justTargetDataset,1.0590230226516724
lscc,21,dummy,first,allDatasets,1.413635015487671
lscc,21,dummy,first,justTargetDataset,1.5183537006378174
lscc,21,dummy,second,allDatasets,0.9994465708732605
lscc,21,dummy,second,justTargetDataset,1.0354561805725098
luad,21,dummy,first,allDatasets,1.2733876705169678
luad,21,dummy,first,justTargetDataset,1.3426692485809326
luad,21,dummy,second,allDatasets,1.1716945171356201
luad,21,dummy,second,justTargetDataset,1.1713820695877075
ov,21,dummy,first,allDatasets,1.0743768215179443
ov,21,dummy,first,justTargetDataset,1.1217650175094604
ov,21,dummy,second,allDatasets,2.629364013671875
ov,21,dummy,second,justTargetDataset,2.8959667682647705
pdac,21,dummy,first,allDatasets,1.6131051778793335
pdac,21,dummy,first,justTargetDataset,1.615370273590088
pdac,21,dummy,second,allDatasets,3.7085235118865967
pdac,21,dummy,second,justTargetDataset,3.00018572807312
all,21,dummy,first,allDatasets,1.6654772758483887
all,21,dummy,first,justTargetDataset,1.6654772758483887
all,21,dummy,second,allDatasets,1.5763659477233887
all,21,dummy,second,justTargetDataset,1.5763659477233887
brca,22,dummy,first,allDatasets,1.048883318901062
brca,22,dummy,first,justTargetDataset,1.1033443212509155
brca,22,dummy,second,allDatasets,1.2437204122543335
brca,22,dummy,second,justTargetDataset,1.2656176090240479
ccrcc,22,dummy,first,allDatasets,2.366720199584961
ccrcc,22,dummy,first,justTargetDataset,2.17905855178833
ccrcc,22,dummy,second,allDatasets,1.1193536520004272
ccrcc,22,dummy,second,justTargetDataset,1.1307264566421509
coad,22,dummy,first,allDatasets,5.102992534637451
coad,22,dummy,first,justTargetDataset,4.696976184844971
coad,22,dummy,second,allDatasets,1.3794728517532349
coad,22,dummy,second,justTargetDataset,1.360787272453308
gbm,22,dummy,first,allDatasets,1.2121483087539673
gbm,22,dummy,first,justTargetDataset,1.2135611772537231
gbm,22,dummy,second,allDatasets,1.0845916271209717
gbm,22,dummy,second,justTargetDataset,1.101243019104004
hnscc,22,dummy,first,allDatasets,1.0824986696243286
hnscc,22,dummy,first,justTargetDataset,1.097349762916565
hnscc,22,dummy,second,allDatasets,1.0934698581695557
hnscc,22,dummy,second,justTargetDataset,1.095969557762146
lscc,22,dummy,first,allDatasets,0.9952905178070068
lscc,22,dummy,first,justTargetDataset,1.067622423171997
lscc,22,dummy,second,allDatasets,1.6756972074508667
lscc,22,dummy,second,justTargetDataset,1.9163256883621216
luad,22,dummy,first,allDatasets,1.0066919326782227
luad,22,dummy,first,justTargetDataset,1.0451925992965698
luad,22,dummy,second,allDatasets,1.3086612224578857
luad,22,dummy,second,justTargetDataset,1.2903119325637817
ov,22,dummy,first,allDatasets,1.365734338760376
ov,22,dummy,first,justTargetDataset,1.337883472442627
ov,22,dummy,second,allDatasets,1.0385974645614624
ov,22,dummy,second,justTargetDataset,1.0835416316986084
pdac,22,dummy,first,allDatasets,2.382845401763916
pdac,22,dummy,first,justTargetDataset,2.0689592361450195
pdac,22,dummy,second,allDatasets,1.2481549978256226
pdac,22,dummy,second,justTargetDataset,1.201821208000183
all,22,dummy,first,allDatasets,1.6914653778076172
all,22,dummy,first,justTargetDataset,1.6914653778076172
all,22,dummy,second,allDatasets,1.2732038497924805
all,22,dummy,second,justTargetDataset,1.2732038497924805
brca,23,dummy,first,allDatasets,0.9960593581199646
brca,23,dummy,first,justTargetDataset,1.0359183549880981
brca,23,dummy,second,allDatasets,1.2503353357315063
brca,23,dummy,second,justTargetDataset,1.201888084411621
ccrcc,23,dummy,first,allDatasets,1.1322109699249268
ccrcc,23,dummy,first,justTargetDataset,1.1076136827468872
ccrcc,23,dummy,second,allDatasets,1.0160475969314575
ccrcc,23,dummy,second,justTargetDataset,1.043209195137024
coad,23,dummy,first,allDatasets,2.361799478530884
coad,23,dummy,first,justTargetDataset,2.294389247894287
coad,23,dummy,second,allDatasets,2.5054233074188232
coad,23,dummy,second,justTargetDataset,2.3451013565063477
gbm,23,dummy,first,allDatasets,1.2402530908584595
gbm,23,dummy,first,justTargetDataset,1.249720811843872
gbm,23,dummy,second,allDatasets,1.028007984161377
gbm,23,dummy,second,justTargetDataset,1.0442500114440918
hnscc,23,dummy,first,allDatasets,2.6203725337982178
hnscc,23,dummy,first,justTargetDataset,2.371492385864258
hnscc,23,dummy,second,allDatasets,1.306627869606018
hnscc,23,dummy,second,justTargetDataset,1.3225497007369995
lscc,23,dummy,first,allDatasets,1.1847596168518066
lscc,23,dummy,first,justTargetDataset,1.1488908529281616
lscc,23,dummy,second,allDatasets,0.9484363794326782
lscc,23,dummy,second,justTargetDataset,0.9939082264900208
luad,23,dummy,first,allDatasets,1.1391546726226807
luad,23,dummy,first,justTargetDataset,1.1457490921020508
luad,23,dummy,second,allDatasets,1.1062790155410767
luad,23,dummy,second,justTargetDataset,1.1179901361465454
ov,23,dummy,first,allDatasets,1.0236501693725586
ov,23,dummy,first,justTargetDataset,1.0391265153884888
ov,23,dummy,second,allDatasets,1.3188602924346924
ov,23,dummy,second,justTargetDataset,1.266257882118225
pdac,23,dummy,first,allDatasets,1.3527127504348755
pdac,23,dummy,first,justTargetDataset,1.3898347616195679
pdac,23,dummy,second,allDatasets,1.0805213451385498
pdac,23,dummy,second,justTargetDataset,1.0866426229476929
all,23,dummy,first,allDatasets,1.426694631576538
all,23,dummy,first,justTargetDataset,1.426694631576538
all,23,dummy,second,allDatasets,1.219185471534729
all,23,dummy,second,justTargetDataset,1.219185471534729
brca,24,dummy,first,allDatasets,1.0537047386169434
brca,24,dummy,first,justTargetDataset,1.0927256345748901
brca,24,dummy,second,allDatasets,1.185808777809143
brca,24,dummy,second,justTargetDataset,1.1856989860534668
ccrcc,24,dummy,first,allDatasets,1.2078704833984375
ccrcc,24,dummy,first,justTargetDataset,1.1596364974975586
ccrcc,24,dummy,second,allDatasets,1.5259026288986206
ccrcc,24,dummy,second,justTargetDataset,1.4190629720687866
coad,24,dummy,first,allDatasets,2.700166940689087
coad,24,dummy,first,justTargetDataset,2.6408281326293945
coad,24,dummy,second,allDatasets,4.965326309204102
coad,24,dummy,second,justTargetDataset,4.7198662757873535
gbm,24,dummy,first,allDatasets,1.0418237447738647
gbm,24,dummy,first,justTargetDataset,1.072896957397461
gbm,24,dummy,second,allDatasets,1.269491195678711
gbm,24,dummy,second,justTargetDataset,1.2587543725967407
hnscc,24,dummy,first,allDatasets,0.9824299812316895
hnscc,24,dummy,first,justTargetDataset,1.051517128944397
hnscc,24,dummy,second,allDatasets,1.2223246097564697
hnscc,24,dummy,second,justTargetDataset,1.1928906440734863
lscc,24,dummy,first,allDatasets,1.1244392395019531
lscc,24,dummy,first,justTargetDataset,1.1025781631469727
lscc,24,dummy,second,allDatasets,1.0425270795822144
lscc,24,dummy,second,justTargetDataset,1.0478501319885254
luad,24,dummy,first,allDatasets,1.0528901815414429
luad,24,dummy,first,justTargetDataset,1.0635502338409424
luad,24,dummy,second,allDatasets,1.2220641374588013
luad,24,dummy,second,justTargetDataset,1.1937140226364136
ov,24,dummy,first,allDatasets,1.0959588289260864
ov,24,dummy,first,justTargetDataset,1.1310160160064697
ov,24,dummy,second,allDatasets,1.2264785766601562
ov,24,dummy,second,justTargetDataset,1.2000097036361694
pdac,24,dummy,first,allDatasets,2.449632167816162
pdac,24,dummy,first,justTargetDataset,2.1032814979553223
pdac,24,dummy,second,allDatasets,1.3192529678344727
pdac,24,dummy,second,justTargetDataset,1.273752212524414
all,24,dummy,first,allDatasets,1.33835768699646
all,24,dummy,first,justTargetDataset,1.33835768699646
all,24,dummy,second,allDatasets,1.5323233604431152
all,24,dummy,second,justTargetDataset,1.5323233604431152
brca,25,dummy,first,allDatasets,1.2629696130752563
brca,25,dummy,first,justTargetDataset,1.2600616216659546
brca,25,dummy,second,allDatasets,1.0371254682540894
brca,25,dummy,second,justTargetDataset,1.0892689228057861
ccrcc,25,dummy,first,allDatasets,1.2552753686904907
ccrcc,25,dummy,first,justTargetDataset,1.2272682189941406
ccrcc,25,dummy,second,allDatasets,0.946232259273529
ccrcc,25,dummy,second,justTargetDataset,0.9820112586021423
coad,25,dummy,first,allDatasets,1.6033906936645508
coad,25,dummy,first,justTargetDataset,1.5853511095046997
coad,25,dummy,second,allDatasets,4.350856304168701
coad,25,dummy,second,justTargetDataset,4.116360664367676
gbm,25,dummy,first,allDatasets,1.304202675819397
gbm,25,dummy,first,justTargetDataset,1.2808456420898438
gbm,25,dummy,second,allDatasets,0.9982045292854309
gbm,25,dummy,second,justTargetDataset,1.0189688205718994
hnscc,25,dummy,first,allDatasets,1.0355225801467896
hnscc,25,dummy,first,justTargetDataset,1.0532361268997192
hnscc,25,dummy,second,allDatasets,1.1427617073059082
hnscc,25,dummy,second,justTargetDataset,1.1311850547790527
lscc,25,dummy,first,allDatasets,0.9964635372161865
lscc,25,dummy,first,justTargetDataset,1.034194827079773
lscc,25,dummy,second,allDatasets,1.1407169103622437
lscc,25,dummy,second,justTargetDataset,1.141188144683838
luad,25,dummy,first,allDatasets,1.1031913757324219
luad,25,dummy,first,justTargetDataset,1.1201783418655396
luad,25,dummy,second,allDatasets,1.1949377059936523
luad,25,dummy,second,justTargetDataset,1.1746455430984497
ov,25,dummy,first,allDatasets,3.966580629348755
ov,25,dummy,first,justTargetDataset,3.7596747875213623
ov,25,dummy,second,allDatasets,1.1650712490081787
ov,25,dummy,second,justTargetDataset,1.2111279964447021
pdac,25,dummy,first,allDatasets,1.7272981405258179
pdac,25,dummy,first,justTargetDataset,1.5684412717819214
pdac,25,dummy,second,allDatasets,1.4195644855499268
pdac,25,dummy,second,justTargetDataset,1.368683934211731
all,25,dummy,first,allDatasets,1.4155144691467285
all,25,dummy,first,justTargetDataset,1.4155144691467285
all,25,dummy,second,allDatasets,1.3762246370315552
all,25,dummy,second,justTargetDataset,1.3762246370315552
brca,26,dummy,first,allDatasets,1.272925853729248
brca,26,dummy,first,justTargetDataset,1.2283666133880615
brca,26,dummy,second,allDatasets,1.0538954734802246
brca,26,dummy,second,justTargetDataset,1.1019128561019897
ccrcc,26,dummy,first,allDatasets,1.603507399559021
ccrcc,26,dummy,first,justTargetDataset,1.5986239910125732
ccrcc,26,dummy,second,allDatasets,1.511741042137146
ccrcc,26,dummy,second,justTargetDataset,1.515970230102539
coad,26,dummy,first,allDatasets,3.529832124710083
coad,26,dummy,first,justTargetDataset,3.4666552543640137
coad,26,dummy,second,allDatasets,2.212580919265747
coad,26,dummy,second,justTargetDataset,2.1739208698272705
gbm,26,dummy,first,allDatasets,1.036395788192749
gbm,26,dummy,first,justTargetDataset,1.0699248313903809
gbm,26,dummy,second,allDatasets,1.380179524421692
gbm,26,dummy,second,justTargetDataset,1.3902833461761475
hnscc,26,dummy,first,allDatasets,1.167370080947876
hnscc,26,dummy,first,justTargetDataset,1.1677207946777344
hnscc,26,dummy,second,allDatasets,1.0177276134490967
hnscc,26,dummy,second,justTargetDataset,1.0358465909957886
lscc,26,dummy,first,allDatasets,0.8201969265937805
lscc,26,dummy,first,justTargetDataset,0.8986483812332153
lscc,26,dummy,second,allDatasets,1.5514111518859863
lscc,26,dummy,second,justTargetDataset,1.435167908668518
luad,26,dummy,first,allDatasets,1.0928258895874023
luad,26,dummy,first,justTargetDataset,1.1009222269058228
luad,26,dummy,second,allDatasets,1.1510437726974487
luad,26,dummy,second,justTargetDataset,1.1700077056884766
ov,26,dummy,first,allDatasets,1.1576822996139526
ov,26,dummy,first,justTargetDataset,1.1690990924835205
ov,26,dummy,second,allDatasets,1.1799015998840332
ov,26,dummy,second,justTargetDataset,1.1810157299041748
pdac,26,dummy,first,allDatasets,2.1977336406707764
pdac,26,dummy,first,justTargetDataset,2.013584613800049
pdac,26,dummy,second,allDatasets,1.5921379327774048
pdac,26,dummy,second,justTargetDataset,1.5426069498062134
all,26,dummy,first,allDatasets,1.4374632835388184
all,26,dummy,first,justTargetDataset,1.4374632835388184
all,26,dummy,second,allDatasets,1.3833229541778564
all,26,dummy,second,justTargetDataset,1.3833229541778564
brca,27,dummy,first,allDatasets,0.9615504145622253
brca,27,dummy,first,justTargetDataset,1.0244603157043457
brca,27,dummy,second,allDatasets,1.3037810325622559
brca,27,dummy,second,justTargetDataset,1.2649003267288208
ccrcc,27,dummy,first,allDatasets,1.072873830795288
ccrcc,27,dummy,first,justTargetDataset,1.0976877212524414
ccrcc,27,dummy,second,allDatasets,1.098212718963623
ccrcc,27,dummy,second,justTargetDataset,1.0865962505340576
coad,27,dummy,first,allDatasets,5.141413688659668
coad,27,dummy,first,justTargetDataset,5.027939319610596
coad,27,dummy,second,allDatasets,2.330251932144165
coad,27,dummy,second,justTargetDataset,2.350344657897949
gbm,27,dummy,first,allDatasets,1.2547427415847778
gbm,27,dummy,first,justTargetDataset,1.2187139987945557
gbm,27,dummy,second,allDatasets,1.2025481462478638
gbm,27,dummy,second,justTargetDataset,1.205506443977356
hnscc,27,dummy,first,allDatasets,1.1047768592834473
hnscc,27,dummy,first,justTargetDataset,1.1252473592758179
hnscc,27,dummy,second,allDatasets,1.7939987182617188
hnscc,27,dummy,second,justTargetDataset,1.741865634918213
lscc,27,dummy,first,allDatasets,0.9816170930862427
lscc,27,dummy,first,justTargetDataset,1.0001269578933716
lscc,27,dummy,second,allDatasets,1.1676795482635498
lscc,27,dummy,second,justTargetDataset,1.135680913925171
luad,27,dummy,first,allDatasets,1.3524526357650757
luad,27,dummy,first,justTargetDataset,1.5788753032684326
luad,27,dummy,second,allDatasets,1.2675464153289795
luad,27,dummy,second,justTargetDataset,1.2312489748001099
ov,27,dummy,first,allDatasets,0.9630069732666016
ov,27,dummy,first,justTargetDataset,1.0065847635269165
ov,27,dummy,second,allDatasets,1.396607756614685
ov,27,dummy,second,justTargetDataset,1.3606265783309937
pdac,27,dummy,first,allDatasets,3.0398120880126953
pdac,27,dummy,first,justTargetDataset,2.6336891651153564
pdac,27,dummy,second,allDatasets,3.6687402725219727
pdac,27,dummy,second,justTargetDataset,3.2744269371032715
all,27,dummy,first,allDatasets,1.6023732423782349
all,27,dummy,first,justTargetDataset,1.6023732423782349
all,27,dummy,second,allDatasets,1.6119900941848755
all,27,dummy,second,justTargetDataset,1.6119900941848755
brca,28,dummy,first,allDatasets,1.1319831609725952
brca,28,dummy,first,justTargetDataset,1.107103705406189
brca,28,dummy,second,allDatasets,1.0830289125442505
brca,28,dummy,second,justTargetDataset,1.1165595054626465
ccrcc,28,dummy,first,allDatasets,2.5336716175079346
ccrcc,28,dummy,first,justTargetDataset,2.3190250396728516
ccrcc,28,dummy,second,allDatasets,1.042291283607483
ccrcc,28,dummy,second,justTargetDataset,1.0714634656906128
coad,28,dummy,first,allDatasets,4.752590656280518
coad,28,dummy,first,justTargetDataset,4.393449306488037
coad,28,dummy,second,allDatasets,3.309788227081299
coad,28,dummy,second,justTargetDataset,3.230133295059204
gbm,28,dummy,first,allDatasets,1.349435567855835
gbm,28,dummy,first,justTargetDataset,1.2940279245376587
gbm,28,dummy,second,allDatasets,0.9968815445899963
gbm,28,dummy,second,justTargetDataset,1.0414958000183105
hnscc,28,dummy,first,allDatasets,1.0442969799041748
hnscc,28,dummy,first,justTargetDataset,1.0563278198242188
hnscc,28,dummy,second,allDatasets,1.1302883625030518
hnscc,28,dummy,second,justTargetDataset,1.129390835762024
lscc,28,dummy,first,allDatasets,0.9732518196105957
lscc,28,dummy,first,justTargetDataset,1.030348539352417
lscc,28,dummy,second,allDatasets,1.2001845836639404
lscc,28,dummy,second,justTargetDataset,1.1964352130889893
luad,28,dummy,first,allDatasets,1.0984489917755127
luad,28,dummy,first,justTargetDataset,1.1133650541305542
luad,28,dummy,second,allDatasets,1.2025645971298218
luad,28,dummy,second,justTargetDataset,1.1940685510635376
ov,28,dummy,first,allDatasets,1.0277801752090454
ov,28,dummy,first,justTargetDataset,1.0565357208251953
ov,28,dummy,second,allDatasets,1.2887855768203735
ov,28,dummy,second,justTargetDataset,1.248408555984497
pdac,28,dummy,first,allDatasets,2.794405937194824
pdac,28,dummy,first,justTargetDataset,3.0034098625183105
pdac,28,dummy,second,allDatasets,1.5096440315246582
pdac,28,dummy,second,justTargetDataset,1.4989213943481445
all,28,dummy,first,allDatasets,1.7311099767684937
all,28,dummy,first,justTargetDataset,1.7311099767684937
all,28,dummy,second,allDatasets,1.339978575706482
all,28,dummy,second,justTargetDataset,1.339978575706482
brca,29,dummy,first,allDatasets,1.0391873121261597
brca,29,dummy,first,justTargetDataset,1.089240312576294
brca,29,dummy,second,allDatasets,1.2532601356506348
brca,29,dummy,second,justTargetDataset,1.249926209449768
ccrcc,29,dummy,first,allDatasets,2.35294508934021
ccrcc,29,dummy,first,justTargetDataset,2.211334466934204
ccrcc,29,dummy,second,allDatasets,1.058995008468628
ccrcc,29,dummy,second,justTargetDataset,1.0634161233901978
coad,29,dummy,first,allDatasets,5.1511549949646
coad,29,dummy,first,justTargetDataset,4.818540573120117
coad,29,dummy,second,allDatasets,2.457658529281616
coad,29,dummy,second,justTargetDataset,2.5174641609191895
gbm,29,dummy,first,allDatasets,1.2620769739151
gbm,29,dummy,first,justTargetDataset,1.2555723190307617
gbm,29,dummy,second,allDatasets,1.0223684310913086
gbm,29,dummy,second,justTargetDataset,1.036555528640747
hnscc,29,dummy,first,allDatasets,1.0395011901855469
hnscc,29,dummy,first,justTargetDataset,1.0552853345870972
hnscc,29,dummy,second,allDatasets,1.1636385917663574
hnscc,29,dummy,second,justTargetDataset,1.1535892486572266
lscc,29,dummy,first,allDatasets,1.220259428024292
lscc,29,dummy,first,justTargetDataset,1.1805177927017212
lscc,29,dummy,second,allDatasets,0.9738138318061829
lscc,29,dummy,second,justTargetDataset,1.012669563293457
luad,29,dummy,first,allDatasets,1.3303167819976807
luad,29,dummy,first,justTargetDataset,1.3009411096572876
luad,29,dummy,second,allDatasets,0.972960352897644
luad,29,dummy,second,justTargetDataset,1.0079673528671265
ov,29,dummy,first,allDatasets,1.2225865125656128
ov,29,dummy,first,justTargetDataset,1.2292389869689941
ov,29,dummy,second,allDatasets,1.0849419832229614
ov,29,dummy,second,justTargetDataset,1.1152230501174927
pdac,29,dummy,first,allDatasets,1.5503884553909302
pdac,29,dummy,first,justTargetDataset,1.4348233938217163
pdac,29,dummy,second,allDatasets,1.4029648303985596
pdac,29,dummy,second,justTargetDataset,1.4617429971694946
all,29,dummy,first,allDatasets,1.6915702819824219
all,29,dummy,first,justTargetDataset,1.6915702819824219
all,29,dummy,second,allDatasets,1.201744794845581
all,29,dummy,second,justTargetDataset,1.201744794845581
brca,30,dummy,first,allDatasets,1.1652090549468994
brca,30,dummy,first,justTargetDataset,1.1837351322174072
brca,30,dummy,second,allDatasets,1.327087640762329
brca,30,dummy,second,justTargetDataset,1.4558632373809814
ccrcc,30,dummy,first,allDatasets,1.67022705078125
ccrcc,30,dummy,first,justTargetDataset,1.5777157545089722
ccrcc,30,dummy,second,allDatasets,1.6329586505889893
ccrcc,30,dummy,second,justTargetDataset,1.5144264698028564
coad,30,dummy,first,allDatasets,5.278779983520508
coad,30,dummy,first,justTargetDataset,4.943788528442383
coad,30,dummy,second,allDatasets,1.1881651878356934
coad,30,dummy,second,justTargetDataset,1.191961646080017
gbm,30,dummy,first,allDatasets,1.4027471542358398
gbm,30,dummy,first,justTargetDataset,1.3922984600067139
gbm,30,dummy,second,allDatasets,3.0825681686401367
gbm,30,dummy,second,justTargetDataset,3.919217824935913
hnscc,30,dummy,first,allDatasets,1.2253961563110352
hnscc,30,dummy,first,justTargetDataset,1.1887346506118774
hnscc,30,dummy,second,allDatasets,0.9902747273445129
hnscc,30,dummy,second,justTargetDataset,1.0165436267852783
lscc,30,dummy,first,allDatasets,1.0239741802215576
lscc,30,dummy,first,justTargetDataset,1.0491751432418823
lscc,30,dummy,second,allDatasets,1.109249234199524
lscc,30,dummy,second,justTargetDataset,1.0944432020187378
luad,30,dummy,first,allDatasets,0.9882884621620178
luad,30,dummy,first,justTargetDataset,1.0132274627685547
luad,30,dummy,second,allDatasets,1.3058825731277466
luad,30,dummy,second,justTargetDataset,1.2832772731781006
ov,30,dummy,first,allDatasets,1.2282747030258179
ov,30,dummy,first,justTargetDataset,1.2099276781082153
ov,30,dummy,second,allDatasets,1.0884047746658325
ov,30,dummy,second,justTargetDataset,1.1023163795471191
pdac,30,dummy,first,allDatasets,1.5539742708206177
pdac,30,dummy,first,justTargetDataset,1.573915719985962
pdac,30,dummy,second,allDatasets,1.479426622390747
pdac,30,dummy,second,justTargetDataset,1.399446725845337
all,30,dummy,first,allDatasets,1.5645768642425537
all,30,dummy,first,justTargetDataset,1.5645768642425537
all,30,dummy,second,allDatasets,1.4161099195480347
all,30,dummy,second,justTargetDataset,1.4161099195480347
brca,31,dummy,first,allDatasets,1.1659897565841675
brca,31,dummy,first,justTargetDataset,1.1707569360733032
brca,31,dummy,second,allDatasets,1.0610772371292114
brca,31,dummy,second,justTargetDataset,1.1005117893218994
ccrcc,31,dummy,first,allDatasets,0.996178150177002
ccrcc,31,dummy,first,justTargetDataset,1.0328073501586914
ccrcc,31,dummy,second,allDatasets,1.1719352006912231
ccrcc,31,dummy,second,justTargetDataset,1.159559726715088
coad,31,dummy,first,allDatasets,2.938966751098633
coad,31,dummy,first,justTargetDataset,2.8516602516174316
coad,31,dummy,second,allDatasets,5.484706401824951
coad,31,dummy,second,justTargetDataset,5.078310489654541
gbm,31,dummy,first,allDatasets,1.0722966194152832
gbm,31,dummy,first,justTargetDataset,1.1017932891845703
gbm,31,dummy,second,allDatasets,1.1912739276885986
gbm,31,dummy,second,justTargetDataset,1.1767576932907104
hnscc,31,dummy,first,allDatasets,1.0865777730941772
hnscc,31,dummy,first,justTargetDataset,1.1047956943511963
hnscc,31,dummy,second,allDatasets,1.0912420749664307
hnscc,31,dummy,second,justTargetDataset,1.109826683998108
lscc,31,dummy,first,allDatasets,1.1072298288345337
lscc,31,dummy,first,justTargetDataset,1.1075645685195923
lscc,31,dummy,second,allDatasets,1.0231038331985474
lscc,31,dummy,second,justTargetDataset,1.051067590713501
luad,31,dummy,first,allDatasets,1.0353679656982422
luad,31,dummy,first,justTargetDataset,1.0527105331420898
luad,31,dummy,second,allDatasets,1.5309737920761108
luad,31,dummy,second,justTargetDataset,1.5393552780151367
ov,31,dummy,first,allDatasets,1.0872169733047485
ov,31,dummy,first,justTargetDataset,1.0975717306137085
ov,31,dummy,second,allDatasets,1.237684726715088
ov,31,dummy,second,justTargetDataset,1.2379870414733887
pdac,31,dummy,first,allDatasets,1.0133991241455078
pdac,31,dummy,first,justTargetDataset,1.0432766675949097
pdac,31,dummy,second,allDatasets,2.834052801132202
pdac,31,dummy,second,justTargetDataset,2.4536921977996826
all,31,dummy,first,allDatasets,1.2093133926391602
all,31,dummy,first,justTargetDataset,1.2093133926391602
all,31,dummy,second,allDatasets,1.6832773685455322
all,31,dummy,second,justTargetDataset,1.6832773685455322
brca,32,dummy,first,allDatasets,1.3807690143585205
brca,32,dummy,first,justTargetDataset,1.496974229812622
brca,32,dummy,second,allDatasets,1.1732877492904663
brca,32,dummy,second,justTargetDataset,1.171881079673767
ccrcc,32,dummy,first,allDatasets,1.139456868171692
ccrcc,32,dummy,first,justTargetDataset,1.125012755393982
ccrcc,32,dummy,second,allDatasets,1.0701550245285034
ccrcc,32,dummy,second,justTargetDataset,1.106918215751648
coad,32,dummy,first,allDatasets,4.525872230529785
coad,32,dummy,first,justTargetDataset,4.172804355621338
coad,32,dummy,second,allDatasets,2.446516752243042
coad,32,dummy,second,justTargetDataset,2.3517069816589355
gbm,32,dummy,first,allDatasets,1.1780568361282349
gbm,32,dummy,first,justTargetDataset,1.1672815084457397
gbm,32,dummy,second,allDatasets,1.1031218767166138
gbm,32,dummy,second,justTargetDataset,1.122003197669983
hnscc,32,dummy,first,allDatasets,1.0686776638031006
hnscc,32,dummy,first,justTargetDataset,1.0717519521713257
hnscc,32,dummy,second,allDatasets,1.100586175918579
hnscc,32,dummy,second,justTargetDataset,1.106169581413269
lscc,32,dummy,first,allDatasets,1.0852278470993042
lscc,32,dummy,first,justTargetDataset,1.0945518016815186
lscc,32,dummy,second,allDatasets,1.1012462377548218
lscc,32,dummy,second,justTargetDataset,1.1181437969207764
luad,32,dummy,first,allDatasets,1.2551496028900146
luad,32,dummy,first,justTargetDataset,1.3062962293624878
luad,32,dummy,second,allDatasets,1.185470461845398
luad,32,dummy,second,justTargetDataset,1.2387444972991943
ov,32,dummy,first,allDatasets,1.137768268585205
ov,32,dummy,first,justTargetDataset,1.140531301498413
ov,32,dummy,second,allDatasets,1.1474350690841675
ov,32,dummy,second,justTargetDataset,1.144579529762268
pdac,32,dummy,first,allDatasets,1.6265895366668701
pdac,32,dummy,first,justTargetDataset,1.504796028137207
pdac,32,dummy,second,allDatasets,1.1950994729995728
pdac,32,dummy,second,justTargetDataset,1.2400860786437988
all,32,dummy,first,allDatasets,1.471434235572815
all,32,dummy,first,justTargetDataset,1.471434235572815
all,32,dummy,second,allDatasets,1.2329975366592407
all,32,dummy,second,justTargetDataset,1.2329975366592407
brca,33,dummy,first,allDatasets,1.1506645679473877
brca,33,dummy,first,justTargetDataset,1.140792965888977
brca,33,dummy,second,allDatasets,1.1160815954208374
brca,33,dummy,second,justTargetDataset,1.155504584312439
ccrcc,33,dummy,first,allDatasets,0.9894423484802246
ccrcc,33,dummy,first,justTargetDataset,1.003477931022644
ccrcc,33,dummy,second,allDatasets,1.1905852556228638
ccrcc,33,dummy,second,justTargetDataset,1.1694085597991943
coad,33,dummy,first,allDatasets,2.6199491024017334
coad,33,dummy,first,justTargetDataset,2.6143996715545654
coad,33,dummy,second,allDatasets,5.246567249298096
coad,33,dummy,second,justTargetDataset,4.870456695556641
gbm,33,dummy,first,allDatasets,1.1518995761871338
gbm,33,dummy,first,justTargetDataset,1.1666916608810425
gbm,33,dummy,second,allDatasets,1.1480164527893066
gbm,33,dummy,second,justTargetDataset,1.1421282291412354
hnscc,33,dummy,first,allDatasets,1.0353302955627441
hnscc,33,dummy,first,justTargetDataset,1.0428435802459717
hnscc,33,dummy,second,allDatasets,1.1482203006744385
hnscc,33,dummy,second,justTargetDataset,1.130142331123352
lscc,33,dummy,first,allDatasets,0.9382342100143433
lscc,33,dummy,first,justTargetDataset,0.9773915410041809
lscc,33,dummy,second,allDatasets,1.3351494073867798
lscc,33,dummy,second,justTargetDataset,1.378440022468567
luad,33,dummy,first,allDatasets,1.32294499874115
luad,33,dummy,first,justTargetDataset,1.274254322052002
luad,33,dummy,second,allDatasets,1.164878010749817
luad,33,dummy,second,justTargetDataset,1.2173823118209839
ov,33,dummy,first,allDatasets,1.346312403678894
ov,33,dummy,first,justTargetDataset,1.3274857997894287
ov,33,dummy,second,allDatasets,0.9934188723564148
ov,33,dummy,second,justTargetDataset,1.032649278640747
pdac,33,dummy,first,allDatasets,1.2804112434387207
pdac,33,dummy,first,justTargetDataset,1.290639042854309
pdac,33,dummy,second,allDatasets,1.765264630317688
pdac,33,dummy,second,justTargetDataset,1.6005054712295532
all,33,dummy,first,allDatasets,1.2453129291534424
all,33,dummy,first,justTargetDataset,1.2453129291534424
all,33,dummy,second,allDatasets,1.5473456382751465
all,33,dummy,second,justTargetDataset,1.5473456382751465
brca,34,dummy,first,allDatasets,1.296507477760315
brca,34,dummy,first,justTargetDataset,1.2583372592926025
brca,34,dummy,second,allDatasets,0.9611873030662537
brca,34,dummy,second,justTargetDataset,0.9782001972198486
ccrcc,34,dummy,first,allDatasets,1.1433329582214355
ccrcc,34,dummy,first,justTargetDataset,1.1227325201034546
ccrcc,34,dummy,second,allDatasets,1.0407544374465942
ccrcc,34,dummy,second,justTargetDataset,1.072219729423523
coad,34,dummy,first,allDatasets,1.962324619293213
coad,34,dummy,first,justTargetDataset,1.8994529247283936
coad,34,dummy,second,allDatasets,1.4975417852401733
coad,34,dummy,second,justTargetDataset,1.4621938467025757
gbm,34,dummy,first,allDatasets,1.0677191019058228
gbm,34,dummy,first,justTargetDataset,1.0888570547103882
gbm,34,dummy,second,allDatasets,1.221980333328247
gbm,34,dummy,second,justTargetDataset,1.2330107688903809
hnscc,34,dummy,first,allDatasets,1.0770028829574585
hnscc,34,dummy,first,justTargetDataset,1.0825854539871216
hnscc,34,dummy,second,allDatasets,1.098375678062439
hnscc,34,dummy,second,justTargetDataset,1.086194396018982
lscc,34,dummy,first,allDatasets,1.231030821800232
lscc,34,dummy,first,justTargetDataset,1.251679539680481
lscc,34,dummy,second,allDatasets,1.271206021308899
lscc,34,dummy,second,justTargetDataset,1.3001272678375244
luad,34,dummy,first,allDatasets,1.103395700454712
luad,34,dummy,first,justTargetDataset,1.1060152053833008
luad,34,dummy,second,allDatasets,1.1544557809829712
luad,34,dummy,second,justTargetDataset,1.145387887954712
ov,34,dummy,first,allDatasets,1.2031724452972412
ov,34,dummy,first,justTargetDataset,1.2132436037063599
ov,34,dummy,second,allDatasets,1.1576642990112305
ov,34,dummy,second,justTargetDataset,1.17262601852417
pdac,34,dummy,first,allDatasets,3.023115396499634
pdac,34,dummy,first,justTargetDataset,2.6173789501190186
pdac,34,dummy,second,allDatasets,1.3512648344039917
pdac,34,dummy,second,justTargetDataset,1.369924545288086
all,34,dummy,first,allDatasets,1.397310495376587
all,34,dummy,first,justTargetDataset,1.397310495376587
all,34,dummy,second,allDatasets,1.1826194524765015
all,34,dummy,second,justTargetDataset,1.1826194524765015
brca,35,dummy,first,allDatasets,1.327335238456726
brca,35,dummy,first,justTargetDataset,1.2842621803283691
brca,35,dummy,second,allDatasets,0.9321824908256531
brca,35,dummy,second,justTargetDataset,0.9859445095062256
ccrcc,35,dummy,first,allDatasets,1.0286608934402466
ccrcc,35,dummy,first,justTargetDataset,1.0364125967025757
ccrcc,35,dummy,second,allDatasets,1.1366723775863647
ccrcc,35,dummy,second,justTargetDataset,1.1356712579727173
coad,35,dummy,first,allDatasets,2.5158300399780273
coad,35,dummy,first,justTargetDataset,2.5222926139831543
coad,35,dummy,second,allDatasets,2.1355419158935547
coad,35,dummy,second,justTargetDataset,2.053250312805176
gbm,35,dummy,first,allDatasets,1.106177568435669
gbm,35,dummy,first,justTargetDataset,1.1127948760986328
gbm,35,dummy,second,allDatasets,1.2078825235366821
gbm,35,dummy,second,justTargetDataset,1.2116230726242065
hnscc,35,dummy,first,allDatasets,1.0220867395401
hnscc,35,dummy,first,justTargetDataset,1.0778486728668213
hnscc,35,dummy,second,allDatasets,1.1710996627807617
hnscc,35,dummy,second,justTargetDataset,1.156015157699585
lscc,35,dummy,first,allDatasets,1.1295697689056396
lscc,35,dummy,first,justTargetDataset,1.122465968132019
lscc,35,dummy,second,allDatasets,1.0225739479064941
lscc,35,dummy,second,justTargetDataset,1.03725266456604
luad,35,dummy,first,allDatasets,1.0605977773666382
luad,35,dummy,first,justTargetDataset,1.0978785753250122
luad,35,dummy,second,allDatasets,1.237223505973816
luad,35,dummy,second,justTargetDataset,1.2278006076812744
ov,35,dummy,first,allDatasets,1.0978742837905884
ov,35,dummy,first,justTargetDataset,1.0994510650634766
ov,35,dummy,second,allDatasets,1.1824184656143188
ov,35,dummy,second,justTargetDataset,1.1759183406829834
pdac,35,dummy,first,allDatasets,1.6505671739578247
pdac,35,dummy,first,justTargetDataset,1.4962152242660522
pdac,35,dummy,second,allDatasets,1.3123726844787598
pdac,35,dummy,second,justTargetDataset,1.319111943244934
all,35,dummy,first,allDatasets,1.2612414360046387
all,35,dummy,first,justTargetDataset,1.2612414360046387
all,35,dummy,second,allDatasets,1.2215827703475952
all,35,dummy,second,justTargetDataset,1.2215827703475952
brca,36,dummy,first,allDatasets,1.5794330835342407
brca,36,dummy,first,justTargetDataset,1.7557876110076904
brca,36,dummy,second,allDatasets,1.054069995880127
brca,36,dummy,second,justTargetDataset,1.0998811721801758
ccrcc,36,dummy,first,allDatasets,1.008342981338501
ccrcc,36,dummy,first,justTargetDataset,1.0233047008514404
ccrcc,36,dummy,second,allDatasets,1.1557190418243408
ccrcc,36,dummy,second,justTargetDataset,1.1519136428833008
coad,36,dummy,first,allDatasets,2.1536707878112793
coad,36,dummy,first,justTargetDataset,2.1060922145843506
coad,36,dummy,second,allDatasets,1.0402741432189941
coad,36,dummy,second,justTargetDataset,1.0434893369674683
gbm,36,dummy,first,allDatasets,1.1526453495025635
gbm,36,dummy,first,justTargetDataset,1.1314396858215332
gbm,36,dummy,second,allDatasets,1.0824415683746338
gbm,36,dummy,second,justTargetDataset,1.092978596687317
hnscc,36,dummy,first,allDatasets,1.0324021577835083
hnscc,36,dummy,first,justTargetDataset,1.0467827320098877
hnscc,36,dummy,second,allDatasets,1.1884509325027466
hnscc,36,dummy,second,justTargetDataset,1.1605521440505981
lscc,36,dummy,first,allDatasets,1.1551330089569092
lscc,36,dummy,first,justTargetDataset,1.1689914464950562
lscc,36,dummy,second,allDatasets,0.9994596838951111
lscc,36,dummy,second,justTargetDataset,1.031939148902893
luad,36,dummy,first,allDatasets,1.178773045539856
luad,36,dummy,first,justTargetDataset,1.1589432954788208
luad,36,dummy,second,allDatasets,1.1298096179962158
luad,36,dummy,second,justTargetDataset,1.138773798942566
ov,36,dummy,first,allDatasets,1.112786889076233
ov,36,dummy,first,justTargetDataset,1.1145437955856323
ov,36,dummy,second,allDatasets,1.1780918836593628
ov,36,dummy,second,justTargetDataset,1.165407657623291
pdac,36,dummy,first,allDatasets,4.519205570220947
pdac,36,dummy,first,justTargetDataset,3.9140172004699707
pdac,36,dummy,second,allDatasets,2.2316343784332275
pdac,36,dummy,second,justTargetDataset,2.018376350402832
all,36,dummy,first,allDatasets,1.5586093664169312
all,36,dummy,first,justTargetDataset,1.5586093664169312
all,36,dummy,second,allDatasets,1.211000680923462
all,36,dummy,second,justTargetDataset,1.211000680923462
brca,37,dummy,first,allDatasets,1.0522546768188477
brca,37,dummy,first,justTargetDataset,1.1525517702102661
brca,37,dummy,second,allDatasets,1.2506601810455322
brca,37,dummy,second,justTargetDataset,1.2302931547164917
ccrcc,37,dummy,first,allDatasets,1.089988112449646
ccrcc,37,dummy,first,justTargetDataset,1.0978481769561768
ccrcc,37,dummy,second,allDatasets,1.2173254489898682
ccrcc,37,dummy,second,justTargetDataset,1.2576427459716797
coad,37,dummy,first,allDatasets,4.208248615264893
coad,37,dummy,first,justTargetDataset,3.9942848682403564
coad,37,dummy,second,allDatasets,3.6650571823120117
coad,37,dummy,second,justTargetDataset,3.583338975906372
gbm,37,dummy,first,allDatasets,1.3441693782806396
gbm,37,dummy,first,justTargetDataset,1.3069499731063843
gbm,37,dummy,second,allDatasets,1.0272129774093628
gbm,37,dummy,second,justTargetDataset,1.0779527425765991
hnscc,37,dummy,first,allDatasets,1.1038511991500854
hnscc,37,dummy,first,justTargetDataset,1.095691442489624
hnscc,37,dummy,second,allDatasets,1.0681520700454712
hnscc,37,dummy,second,justTargetDataset,1.089882731437683
lscc,37,dummy,first,allDatasets,1.0861940383911133
lscc,37,dummy,first,justTargetDataset,1.094288945198059
lscc,37,dummy,second,allDatasets,1.0224593877792358
lscc,37,dummy,second,justTargetDataset,1.0435758829116821
luad,37,dummy,first,allDatasets,1.1314371824264526
luad,37,dummy,first,justTargetDataset,1.148340106010437
luad,37,dummy,second,allDatasets,1.3474584817886353
luad,37,dummy,second,justTargetDataset,1.4828355312347412
ov,37,dummy,first,allDatasets,1.201776385307312
ov,37,dummy,first,justTargetDataset,1.1813075542449951
ov,37,dummy,second,allDatasets,1.1353923082351685
ov,37,dummy,second,justTargetDataset,1.153036117553711
pdac,37,dummy,first,allDatasets,1.533776044845581
pdac,37,dummy,first,justTargetDataset,1.484482765197754
pdac,37,dummy,second,allDatasets,2.426830530166626
pdac,37,dummy,second,justTargetDataset,2.46815824508667
all,37,dummy,first,allDatasets,1.401585578918457
all,37,dummy,first,justTargetDataset,1.401585578918457
all,37,dummy,second,allDatasets,1.476367712020874
all,37,dummy,second,justTargetDataset,1.476367712020874
brca,38,dummy,first,allDatasets,1.008432149887085
brca,38,dummy,first,justTargetDataset,1.0541925430297852
brca,38,dummy,second,allDatasets,1.2333297729492188
brca,38,dummy,second,justTargetDataset,1.214585542678833
ccrcc,38,dummy,first,allDatasets,1.1730926036834717
ccrcc,38,dummy,first,justTargetDataset,1.1650642156600952
ccrcc,38,dummy,second,allDatasets,1.702115774154663
ccrcc,38,dummy,second,justTargetDataset,1.6349046230316162
coad,38,dummy,first,allDatasets,6.889871597290039
coad,38,dummy,first,justTargetDataset,6.303033828735352
coad,38,dummy,second,allDatasets,3.506239414215088
coad,38,dummy,second,justTargetDataset,3.557593584060669
gbm,38,dummy,first,allDatasets,1.1867467164993286
gbm,38,dummy,first,justTargetDataset,1.1957917213439941
gbm,38,dummy,second,allDatasets,1.149988055229187
gbm,38,dummy,second,justTargetDataset,1.1771796941757202
hnscc,38,dummy,first,allDatasets,1.0894917249679565
hnscc,38,dummy,first,justTargetDataset,1.0935537815093994
hnscc,38,dummy,second,allDatasets,1.0977145433425903
hnscc,38,dummy,second,justTargetDataset,1.094340205192566
lscc,38,dummy,first,allDatasets,1.091865062713623
lscc,38,dummy,first,justTargetDataset,1.1074186563491821
lscc,38,dummy,second,allDatasets,1.0299582481384277
lscc,38,dummy,second,justTargetDataset,1.047435998916626
luad,38,dummy,first,allDatasets,1.2332326173782349
luad,38,dummy,first,justTargetDataset,1.2992838621139526
luad,38,dummy,second,allDatasets,1.1757780313491821
luad,38,dummy,second,justTargetDataset,1.15920090675354
ov,38,dummy,first,allDatasets,1.327762246131897
ov,38,dummy,first,justTargetDataset,1.3495509624481201
ov,38,dummy,second,allDatasets,1.0397679805755615
ov,38,dummy,second,justTargetDataset,1.0677461624145508
pdac,38,dummy,first,allDatasets,1.4072043895721436
pdac,38,dummy,first,justTargetDataset,1.4179749488830566
pdac,38,dummy,second,allDatasets,2.3548364639282227
pdac,38,dummy,second,justTargetDataset,2.070023536682129
all,38,dummy,first,allDatasets,1.6126357316970825
all,38,dummy,first,justTargetDataset,1.6126357316970825
all,38,dummy,second,allDatasets,1.5028722286224365
all,38,dummy,second,justTargetDataset,1.5028722286224365
brca,39,dummy,first,allDatasets,1.4101108312606812
brca,39,dummy,first,justTargetDataset,1.5466557741165161
brca,39,dummy,second,allDatasets,1.0265923738479614
brca,39,dummy,second,justTargetDataset,1.0828100442886353
ccrcc,39,dummy,first,allDatasets,1.090294599533081
ccrcc,39,dummy,first,justTargetDataset,1.1160379648208618
ccrcc,39,dummy,second,allDatasets,1.0983211994171143
ccrcc,39,dummy,second,justTargetDataset,1.1017155647277832
coad,39,dummy,first,allDatasets,8.161200523376465
coad,39,dummy,first,justTargetDataset,7.566148281097412
coad,39,dummy,second,allDatasets,1.5782074928283691
coad,39,dummy,second,justTargetDataset,1.6856703758239746
gbm,39,dummy,first,allDatasets,1.0671870708465576
gbm,39,dummy,first,justTargetDataset,1.0849485397338867
gbm,39,dummy,second,allDatasets,1.1821409463882446
gbm,39,dummy,second,justTargetDataset,1.1734813451766968
hnscc,39,dummy,first,allDatasets,1.1512451171875
hnscc,39,dummy,first,justTargetDataset,1.1422607898712158
hnscc,39,dummy,second,allDatasets,1.0520721673965454
hnscc,39,dummy,second,justTargetDataset,1.083192229270935
lscc,39,dummy,first,allDatasets,1.1284457445144653
lscc,39,dummy,first,justTargetDataset,1.1441878080368042
lscc,39,dummy,second,allDatasets,1.0392073392868042
lscc,39,dummy,second,justTargetDataset,1.0546268224716187
luad,39,dummy,first,allDatasets,1.1509292125701904
luad,39,dummy,first,justTargetDataset,1.1454365253448486
luad,39,dummy,second,allDatasets,1.0744560956954956
luad,39,dummy,second,justTargetDataset,1.098846197128296
ov,39,dummy,first,allDatasets,3.4825377464294434
ov,39,dummy,first,justTargetDataset,3.3032121658325195
ov,39,dummy,second,allDatasets,1.1039198637008667
ov,39,dummy,second,justTargetDataset,1.124583125114441
pdac,39,dummy,first,allDatasets,2.9786012172698975
pdac,39,dummy,first,justTargetDataset,2.531982898712158
pdac,39,dummy,second,allDatasets,4.481005668640137
pdac,39,dummy,second,justTargetDataset,3.740363359451294
all,39,dummy,first,allDatasets,2.01786470413208
all,39,dummy,first,justTargetDataset,2.01786470413208
all,39,dummy,second,allDatasets,1.4416106939315796
all,39,dummy,second,justTargetDataset,1.4416106939315796
brca,40,dummy,first,allDatasets,1.0445072650909424
brca,40,dummy,first,justTargetDataset,1.0697259902954102
brca,40,dummy,second,allDatasets,1.2054744958877563
brca,40,dummy,second,justTargetDataset,1.1902189254760742
ccrcc,40,dummy,first,allDatasets,1.1046357154846191
ccrcc,40,dummy,first,justTargetDataset,1.1149861812591553
ccrcc,40,dummy,second,allDatasets,1.0225285291671753
ccrcc,40,dummy,second,justTargetDataset,1.0350489616394043
coad,40,dummy,first,allDatasets,1.3634388446807861
coad,40,dummy,first,justTargetDataset,1.353300929069519
coad,40,dummy,second,allDatasets,2.43226957321167
coad,40,dummy,second,justTargetDataset,2.3404510021209717
gbm,40,dummy,first,allDatasets,1.0293632745742798
gbm,40,dummy,first,justTargetDataset,1.0565167665481567
gbm,40,dummy,second,allDatasets,1.2347233295440674
gbm,40,dummy,second,justTargetDataset,1.2452971935272217
hnscc,40,dummy,first,allDatasets,1.1412231922149658
hnscc,40,dummy,first,justTargetDataset,1.1312527656555176
hnscc,40,dummy,second,allDatasets,1.0415571928024292
hnscc,40,dummy,second,justTargetDataset,1.0756434202194214
lscc,40,dummy,first,allDatasets,1.0437684059143066
lscc,40,dummy,first,justTargetDataset,1.0714324712753296
lscc,40,dummy,second,allDatasets,1.126637578010559
lscc,40,dummy,second,justTargetDataset,1.137058973312378
luad,40,dummy,first,allDatasets,1.1173717975616455
luad,40,dummy,first,justTargetDataset,1.1281895637512207
luad,40,dummy,second,allDatasets,1.1215760707855225
luad,40,dummy,second,justTargetDataset,1.1106308698654175
ov,40,dummy,first,allDatasets,1.152713418006897
ov,40,dummy,first,justTargetDataset,1.131778597831726
ov,40,dummy,second,allDatasets,1.1515371799468994
ov,40,dummy,second,justTargetDataset,1.1506785154342651
pdac,40,dummy,first,allDatasets,1.358660101890564
pdac,40,dummy,first,justTargetDataset,1.3573012351989746
pdac,40,dummy,second,allDatasets,3.0187442302703857
pdac,40,dummy,second,justTargetDataset,2.525451183319092
all,40,dummy,first,allDatasets,1.136778473854065
all,40,dummy,first,justTargetDataset,1.136778473854065
all,40,dummy,second,allDatasets,1.4007258415222168
all,40,dummy,second,justTargetDataset,1.4007258415222168
brca,41,dummy,first,allDatasets,1.2561924457550049
brca,41,dummy,first,justTargetDataset,1.2361657619476318
brca,41,dummy,second,allDatasets,0.9885941743850708
brca,41,dummy,second,justTargetDataset,1.019740343093872
ccrcc,41,dummy,first,allDatasets,0.9900578856468201
ccrcc,41,dummy,first,justTargetDataset,1.0126011371612549
ccrcc,41,dummy,second,allDatasets,1.200505256652832
ccrcc,41,dummy,second,justTargetDataset,1.1718002557754517
coad,41,dummy,first,allDatasets,8.831201553344727
coad,41,dummy,first,justTargetDataset,8.185277938842773
coad,41,dummy,second,allDatasets,1.1037750244140625
coad,41,dummy,second,justTargetDataset,1.1086066961288452
gbm,41,dummy,first,allDatasets,0.9690742492675781
gbm,41,dummy,first,justTargetDataset,1.014106035232544
gbm,41,dummy,second,allDatasets,1.3047503232955933
gbm,41,dummy,second,justTargetDataset,1.2696846723556519
hnscc,41,dummy,first,allDatasets,1.1170296669006348
hnscc,41,dummy,first,justTargetDataset,1.096012830734253
hnscc,41,dummy,second,allDatasets,1.0509743690490723
hnscc,41,dummy,second,justTargetDataset,1.0703895092010498
lscc,41,dummy,first,allDatasets,0.930715024471283
lscc,41,dummy,first,justTargetDataset,0.9764289855957031
lscc,41,dummy,second,allDatasets,1.2457243204116821
lscc,41,dummy,second,justTargetDataset,1.2011287212371826
luad,41,dummy,first,allDatasets,0.9824397563934326
luad,41,dummy,first,justTargetDataset,1.027275800704956
luad,41,dummy,second,allDatasets,1.3764634132385254
luad,41,dummy,second,justTargetDataset,1.339308500289917
ov,41,dummy,first,allDatasets,3.0178723335266113
ov,41,dummy,first,justTargetDataset,3.280313730239868
ov,41,dummy,second,allDatasets,1.0313297510147095
ov,41,dummy,second,justTargetDataset,1.0343633890151978
pdac,41,dummy,first,allDatasets,1.5713707208633423
pdac,41,dummy,first,justTargetDataset,1.5606052875518799
pdac,41,dummy,second,allDatasets,1.6177445650100708
pdac,41,dummy,second,justTargetDataset,1.4718767404556274
all,41,dummy,first,allDatasets,1.8036305904388428
all,41,dummy,first,justTargetDataset,1.8036305904388428
all,41,dummy,second,allDatasets,1.2282074689865112
all,41,dummy,second,justTargetDataset,1.2282074689865112
brca,42,dummy,first,allDatasets,1.1326369047164917
brca,42,dummy,first,justTargetDataset,1.1503835916519165
brca,42,dummy,second,allDatasets,1.1151708364486694
brca,42,dummy,second,justTargetDataset,1.1232298612594604
ccrcc,42,dummy,first,allDatasets,1.1275689601898193
ccrcc,42,dummy,first,justTargetDataset,1.1266143321990967
ccrcc,42,dummy,second,allDatasets,1.7534058094024658
ccrcc,42,dummy,second,justTargetDataset,1.9036773443222046
coad,42,dummy,first,allDatasets,7.792902946472168
coad,42,dummy,first,justTargetDataset,7.287139415740967
coad,42,dummy,second,allDatasets,2.3607094287872314
coad,42,dummy,second,justTargetDataset,2.263451337814331
gbm,42,dummy,first,allDatasets,1.0504518747329712
gbm,42,dummy,first,justTargetDataset,1.0825414657592773
gbm,42,dummy,second,allDatasets,1.3800009489059448
gbm,42,dummy,second,justTargetDataset,1.4044166803359985
hnscc,42,dummy,first,allDatasets,1.0577168464660645
hnscc,42,dummy,first,justTargetDataset,1.0710991621017456
hnscc,42,dummy,second,allDatasets,1.1255873441696167
hnscc,42,dummy,second,justTargetDataset,1.122967004776001
lscc,42,dummy,first,allDatasets,1.2988530397415161
lscc,42,dummy,first,justTargetDataset,1.240907073020935
lscc,42,dummy,second,allDatasets,1.1145176887512207
lscc,42,dummy,second,justTargetDataset,1.2927024364471436
luad,42,dummy,first,allDatasets,1.607388973236084
luad,42,dummy,first,justTargetDataset,1.7336690425872803
luad,42,dummy,second,allDatasets,1.1811686754226685
luad,42,dummy,second,justTargetDataset,1.1978522539138794
ov,42,dummy,first,allDatasets,3.094390630722046
ov,42,dummy,first,justTargetDataset,3.2901041507720947
ov,42,dummy,second,allDatasets,1.0390154123306274
ov,42,dummy,second,justTargetDataset,1.0633676052093506
pdac,42,dummy,first,allDatasets,1.5985374450683594
pdac,42,dummy,first,justTargetDataset,1.4635789394378662
pdac,42,dummy,second,allDatasets,1.2069798707962036
pdac,42,dummy,second,justTargetDataset,1.2047191858291626
all,42,dummy,first,allDatasets,1.9010341167449951
all,42,dummy,first,justTargetDataset,1.9010341167449951
all,42,dummy,second,allDatasets,1.336216926574707
all,42,dummy,second,justTargetDataset,1.336216926574707
brca,43,dummy,first,allDatasets,1.1780163049697876
brca,43,dummy,first,justTargetDataset,1.1675810813903809
brca,43,dummy,second,allDatasets,1.0264644622802734
brca,43,dummy,second,justTargetDataset,1.056318998336792
ccrcc,43,dummy,first,allDatasets,2.1189026832580566
ccrcc,43,dummy,first,justTargetDataset,2.146521806716919
ccrcc,43,dummy,second,allDatasets,1.080493450164795
ccrcc,43,dummy,second,justTargetDataset,1.0966358184814453
coad,43,dummy,first,allDatasets,3.1840786933898926
coad,43,dummy,first,justTargetDataset,3.221526861190796
coad,43,dummy,second,allDatasets,4.364432334899902
coad,43,dummy,second,justTargetDataset,4.02675724029541
gbm,43,dummy,first,allDatasets,1.1857563257217407
gbm,43,dummy,first,justTargetDataset,1.1952718496322632
gbm,43,dummy,second,allDatasets,1.08739173412323
gbm,43,dummy,second,justTargetDataset,1.1208133697509766
hnscc,43,dummy,first,allDatasets,1.002708911895752
hnscc,43,dummy,first,justTargetDataset,1.0485700368881226
hnscc,43,dummy,second,allDatasets,1.6939252614974976
hnscc,43,dummy,second,justTargetDataset,1.6829231977462769
lscc,43,dummy,first,allDatasets,1.158866286277771
lscc,43,dummy,first,justTargetDataset,1.1291486024856567
lscc,43,dummy,second,allDatasets,0.9678913950920105
lscc,43,dummy,second,justTargetDataset,1.0034810304641724
luad,43,dummy,first,allDatasets,1.1789438724517822
luad,43,dummy,first,justTargetDataset,1.164099931716919
luad,43,dummy,second,allDatasets,1.0495848655700684
luad,43,dummy,second,justTargetDataset,1.079095482826233
ov,43,dummy,first,allDatasets,1.7154088020324707
ov,43,dummy,first,justTargetDataset,1.9093841314315796
ov,43,dummy,second,allDatasets,1.2030107975006104
ov,43,dummy,second,justTargetDataset,1.2064838409423828
pdac,43,dummy,first,allDatasets,2.373385190963745
pdac,43,dummy,first,justTargetDataset,2.2403268814086914
pdac,43,dummy,second,allDatasets,1.4862102270126343
pdac,43,dummy,second,justTargetDataset,1.37990140914917
all,43,dummy,first,allDatasets,1.5879629850387573
all,43,dummy,first,justTargetDataset,1.5879629850387573
all,43,dummy,second,allDatasets,1.426719307899475
all,43,dummy,second,justTargetDataset,1.426719307899475
brca,44,dummy,first,allDatasets,1.0873148441314697
brca,44,dummy,first,justTargetDataset,1.096837043762207
brca,44,dummy,second,allDatasets,1.3721081018447876
brca,44,dummy,second,justTargetDataset,1.4810949563980103
ccrcc,44,dummy,first,allDatasets,1.088428020477295
ccrcc,44,dummy,first,justTargetDataset,1.1110055446624756
ccrcc,44,dummy,second,allDatasets,3.4393277168273926
ccrcc,44,dummy,second,justTargetDataset,3.1551971435546875
coad,44,dummy,first,allDatasets,4.800442695617676
coad,44,dummy,first,justTargetDataset,4.643477916717529
coad,44,dummy,second,allDatasets,1.4420502185821533
coad,44,dummy,second,justTargetDataset,1.4414702653884888
gbm,44,dummy,first,allDatasets,1.0023770332336426
gbm,44,dummy,first,justTargetDataset,1.0704116821289062
gbm,44,dummy,second,allDatasets,1.3530182838439941
gbm,44,dummy,second,justTargetDataset,1.311603307723999
hnscc,44,dummy,first,allDatasets,1.1534355878829956
hnscc,44,dummy,first,justTargetDataset,1.1493077278137207
hnscc,44,dummy,second,allDatasets,1.042751431465149
hnscc,44,dummy,second,justTargetDataset,1.0716640949249268
lscc,44,dummy,first,allDatasets,1.0259244441986084
lscc,44,dummy,first,justTargetDataset,1.0746954679489136
lscc,44,dummy,second,allDatasets,1.1323797702789307
lscc,44,dummy,second,justTargetDataset,1.152611494064331
luad,44,dummy,first,allDatasets,1.4293711185455322
luad,44,dummy,first,justTargetDataset,1.5577387809753418
luad,44,dummy,second,allDatasets,1.0854506492614746
luad,44,dummy,second,justTargetDataset,1.1031522750854492
ov,44,dummy,first,allDatasets,1.9258456230163574
ov,44,dummy,first,justTargetDataset,1.9439663887023926
ov,44,dummy,second,allDatasets,4.034806251525879
ov,44,dummy,second,justTargetDataset,3.884726047515869
pdac,44,dummy,first,allDatasets,3.18524169921875
pdac,44,dummy,first,justTargetDataset,2.7268269062042236
pdac,44,dummy,second,allDatasets,1.5101799964904785
pdac,44,dummy,second,justTargetDataset,1.4993791580200195
all,44,dummy,first,allDatasets,1.6732103824615479
all,44,dummy,first,justTargetDataset,1.6732103824615479
all,44,dummy,second,allDatasets,1.721062421798706
all,44,dummy,second,justTargetDataset,1.721062421798706
brca,45,dummy,first,allDatasets,0.91998291015625
brca,45,dummy,first,justTargetDataset,0.9773948788642883
brca,45,dummy,second,allDatasets,1.325212001800537
brca,45,dummy,second,justTargetDataset,1.2902873754501343
ccrcc,45,dummy,first,allDatasets,1.0757558345794678
ccrcc,45,dummy,first,justTargetDataset,1.0956611633300781
ccrcc,45,dummy,second,allDatasets,1.093234896659851
ccrcc,45,dummy,second,justTargetDataset,1.08639657497406
coad,45,dummy,first,allDatasets,3.0731005668640137
coad,45,dummy,first,justTargetDataset,2.941596746444702
coad,45,dummy,second,allDatasets,1.883636713027954
coad,45,dummy,second,justTargetDataset,1.9279330968856812
gbm,45,dummy,first,allDatasets,1.1069964170455933
gbm,45,dummy,first,justTargetDataset,1.124419093132019
gbm,45,dummy,second,allDatasets,1.122441053390503
gbm,45,dummy,second,justTargetDataset,1.116522192955017
hnscc,45,dummy,first,allDatasets,1.0782917737960815
hnscc,45,dummy,first,justTargetDataset,1.0877466201782227
hnscc,45,dummy,second,allDatasets,1.0944188833236694
hnscc,45,dummy,second,justTargetDataset,1.0986849069595337
lscc,45,dummy,first,allDatasets,0.8669290542602539
lscc,45,dummy,first,justTargetDataset,0.9343464374542236
lscc,45,dummy,second,allDatasets,1.2933399677276611
lscc,45,dummy,second,justTargetDataset,1.2362362146377563
luad,45,dummy,first,allDatasets,1.349672794342041
luad,45,dummy,first,justTargetDataset,1.311514973640442
luad,45,dummy,second,allDatasets,1.0016666650772095
luad,45,dummy,second,justTargetDataset,1.0342503786087036
ov,45,dummy,first,allDatasets,1.1912479400634766
ov,45,dummy,first,justTargetDataset,1.1590440273284912
ov,45,dummy,second,allDatasets,1.1324070692062378
ov,45,dummy,second,justTargetDataset,1.1331571340560913
pdac,45,dummy,first,allDatasets,2.4557087421417236
pdac,45,dummy,first,justTargetDataset,2.1168110370635986
pdac,45,dummy,second,allDatasets,1.1591439247131348
pdac,45,dummy,second,justTargetDataset,1.2043495178222656
all,45,dummy,first,allDatasets,1.3665815591812134
all,45,dummy,first,justTargetDataset,1.3665815591812134
all,45,dummy,second,allDatasets,1.204364538192749
all,45,dummy,second,justTargetDataset,1.204364538192749
brca,46,dummy,first,allDatasets,1.1413898468017578
brca,46,dummy,first,justTargetDataset,1.1428908109664917
brca,46,dummy,second,allDatasets,1.1004527807235718
brca,46,dummy,second,justTargetDataset,1.127329707145691
ccrcc,46,dummy,first,allDatasets,1.0946643352508545
ccrcc,46,dummy,first,justTargetDataset,1.1308677196502686
ccrcc,46,dummy,second,allDatasets,1.7238125801086426
ccrcc,46,dummy,second,justTargetDataset,1.752383828163147
coad,46,dummy,first,allDatasets,1.0370537042617798
coad,46,dummy,first,justTargetDataset,1.0484898090362549
coad,46,dummy,second,allDatasets,5.159631729125977
coad,46,dummy,second,justTargetDataset,4.895026683807373
gbm,46,dummy,first,allDatasets,1.1279023885726929
gbm,46,dummy,first,justTargetDataset,1.1414002180099487
gbm,46,dummy,second,allDatasets,1.2145648002624512
gbm,46,dummy,second,justTargetDataset,1.2274703979492188
hnscc,46,dummy,first,allDatasets,1.017881155014038
hnscc,46,dummy,first,justTargetDataset,1.0355855226516724
hnscc,46,dummy,second,allDatasets,1.1566081047058105
hnscc,46,dummy,second,justTargetDataset,1.130784511566162
lscc,46,dummy,first,allDatasets,1.1489002704620361
lscc,46,dummy,first,justTargetDataset,1.214097023010254
lscc,46,dummy,second,allDatasets,1.0000295639038086
lscc,46,dummy,second,justTargetDataset,1.0328770875930786
luad,46,dummy,first,allDatasets,1.322719693183899
luad,46,dummy,first,justTargetDataset,1.5760276317596436
luad,46,dummy,second,allDatasets,1.2564531564712524
luad,46,dummy,second,justTargetDataset,1.237808108329773
ov,46,dummy,first,allDatasets,2.114335060119629
ov,46,dummy,first,justTargetDataset,2.222960948944092
ov,46,dummy,second,allDatasets,1.1408220529556274
ov,46,dummy,second,justTargetDataset,1.2135976552963257
pdac,46,dummy,first,allDatasets,2.0707175731658936
pdac,46,dummy,first,justTargetDataset,1.8561574220657349
pdac,46,dummy,second,allDatasets,1.5056335926055908
pdac,46,dummy,second,justTargetDataset,1.5362043380737305
all,46,dummy,first,allDatasets,1.2943508625030518
all,46,dummy,first,justTargetDataset,1.2943508625030518
all,46,dummy,second,allDatasets,1.5654535293579102
all,46,dummy,second,justTargetDataset,1.5654535293579102
brca,47,dummy,first,allDatasets,1.2429540157318115
brca,47,dummy,first,justTargetDataset,1.2279431819915771
brca,47,dummy,second,allDatasets,1.018756628036499
brca,47,dummy,second,justTargetDataset,1.0633909702301025
ccrcc,47,dummy,first,allDatasets,1.0852031707763672
ccrcc,47,dummy,first,justTargetDataset,1.0947867631912231
ccrcc,47,dummy,second,allDatasets,1.0752489566802979
ccrcc,47,dummy,second,justTargetDataset,1.0931477546691895
coad,47,dummy,first,allDatasets,2.1110622882843018
coad,47,dummy,first,justTargetDataset,2.1016993522644043
coad,47,dummy,second,allDatasets,10.583622932434082
coad,47,dummy,second,justTargetDataset,9.63779067993164
gbm,47,dummy,first,allDatasets,2.191934585571289
gbm,47,dummy,first,justTargetDataset,2.216531991958618
gbm,47,dummy,second,allDatasets,1.4204809665679932
gbm,47,dummy,second,justTargetDataset,1.426126480102539
hnscc,47,dummy,first,allDatasets,1.1196364164352417
hnscc,47,dummy,first,justTargetDataset,1.1106809377670288
hnscc,47,dummy,second,allDatasets,1.0682051181793213
hnscc,47,dummy,second,justTargetDataset,1.0776420831680298
lscc,47,dummy,first,allDatasets,0.9627920985221863
lscc,47,dummy,first,justTargetDataset,1.0222052335739136
lscc,47,dummy,second,allDatasets,1.2860993146896362
lscc,47,dummy,second,justTargetDataset,1.2418687343597412
luad,47,dummy,first,allDatasets,1.127786636352539
luad,47,dummy,first,justTargetDataset,1.1276730298995972
luad,47,dummy,second,allDatasets,1.1366190910339355
luad,47,dummy,second,justTargetDataset,1.1479885578155518
ov,47,dummy,first,allDatasets,3.0325279235839844
ov,47,dummy,first,justTargetDataset,2.8580105304718018
ov,47,dummy,second,allDatasets,1.1429399251937866
ov,47,dummy,second,justTargetDataset,1.141607642173767
pdac,47,dummy,first,allDatasets,1.2283061742782593
pdac,47,dummy,first,justTargetDataset,1.2137115001678467
pdac,47,dummy,second,allDatasets,1.3192405700683594
pdac,47,dummy,second,justTargetDataset,1.310672402381897
all,47,dummy,first,allDatasets,1.3992007970809937
all,47,dummy,first,justTargetDataset,1.3992007970809937
all,47,dummy,second,allDatasets,1.8966574668884277
all,47,dummy,second,justTargetDataset,1.8966574668884277
brca,48,dummy,first,allDatasets,1.0751848220825195
brca,48,dummy,first,justTargetDataset,1.1286579370498657
brca,48,dummy,second,allDatasets,1.1834406852722168
brca,48,dummy,second,justTargetDataset,1.1700714826583862
ccrcc,48,dummy,first,allDatasets,1.0621943473815918
ccrcc,48,dummy,first,justTargetDataset,1.075887680053711
ccrcc,48,dummy,second,allDatasets,1.1089363098144531
ccrcc,48,dummy,second,justTargetDataset,1.1232259273529053
coad,48,dummy,first,allDatasets,2.71769642829895
coad,48,dummy,first,justTargetDataset,2.716703414916992
coad,48,dummy,second,allDatasets,2.7772433757781982
coad,48,dummy,second,justTargetDataset,2.6985559463500977
gbm,48,dummy,first,allDatasets,1.0727558135986328
gbm,48,dummy,first,justTargetDataset,1.0797525644302368
gbm,48,dummy,second,allDatasets,1.213080644607544
gbm,48,dummy,second,justTargetDataset,1.2125619649887085
hnscc,48,dummy,first,allDatasets,1.3304953575134277
hnscc,48,dummy,first,justTargetDataset,1.3358639478683472
hnscc,48,dummy,second,allDatasets,2.1754605770111084
hnscc,48,dummy,second,justTargetDataset,2.0066988468170166
lscc,48,dummy,first,allDatasets,1.0580670833587646
lscc,48,dummy,first,justTargetDataset,1.0803720951080322
lscc,48,dummy,second,allDatasets,1.053390622138977
lscc,48,dummy,second,justTargetDataset,1.0559691190719604
luad,48,dummy,first,allDatasets,1.1046142578125
luad,48,dummy,first,justTargetDataset,1.1097981929779053
luad,48,dummy,second,allDatasets,1.2278368473052979
luad,48,dummy,second,justTargetDataset,1.2660845518112183
ov,48,dummy,first,allDatasets,1.1164538860321045
ov,48,dummy,first,justTargetDataset,1.1444076299667358
ov,48,dummy,second,allDatasets,4.789764881134033
ov,48,dummy,second,justTargetDataset,4.439743518829346
pdac,48,dummy,first,allDatasets,1.2707113027572632
pdac,48,dummy,first,justTargetDataset,1.2556638717651367
pdac,48,dummy,second,allDatasets,1.2359445095062256
pdac,48,dummy,second,justTargetDataset,1.1945453882217407
all,48,dummy,first,allDatasets,1.252837061882019
all,48,dummy,first,justTargetDataset,1.252837061882019
all,48,dummy,second,allDatasets,1.6425544023513794
all,48,dummy,second,justTargetDataset,1.6425544023513794
brca,49,dummy,first,allDatasets,1.0090177059173584
brca,49,dummy,first,justTargetDataset,1.0210435390472412
brca,49,dummy,second,allDatasets,1.2170190811157227
brca,49,dummy,second,justTargetDataset,1.2050601243972778
ccrcc,49,dummy,first,allDatasets,1.3592725992202759
ccrcc,49,dummy,first,justTargetDataset,1.311611294746399
ccrcc,49,dummy,second,allDatasets,0.995715856552124
ccrcc,49,dummy,second,justTargetDataset,1.026329517364502
coad,49,dummy,first,allDatasets,4.319637298583984
coad,49,dummy,first,justTargetDataset,4.0041728019714355
coad,49,dummy,second,allDatasets,1.7067323923110962
coad,49,dummy,second,justTargetDataset,1.670159935951233
gbm,49,dummy,first,allDatasets,1.1292610168457031
gbm,49,dummy,first,justTargetDataset,1.1408404111862183
gbm,49,dummy,second,allDatasets,1.171359658241272
gbm,49,dummy,second,justTargetDataset,1.147921085357666
hnscc,49,dummy,first,allDatasets,1.2903118133544922
hnscc,49,dummy,first,justTargetDataset,1.3593332767486572
hnscc,49,dummy,second,allDatasets,1.1171188354492188
hnscc,49,dummy,second,justTargetDataset,1.113578200340271
lscc,49,dummy,first,allDatasets,1.1697725057601929
lscc,49,dummy,first,justTargetDataset,1.141069769859314
lscc,49,dummy,second,allDatasets,0.9728143215179443
lscc,49,dummy,second,justTargetDataset,1.0015006065368652
luad,49,dummy,first,allDatasets,1.1777560710906982
luad,49,dummy,first,justTargetDataset,1.1968051195144653
luad,49,dummy,second,allDatasets,1.0791008472442627
luad,49,dummy,second,justTargetDataset,1.0852100849151611
ov,49,dummy,first,allDatasets,1.1634587049484253
ov,49,dummy,first,justTargetDataset,1.1837198734283447
ov,49,dummy,second,allDatasets,1.1648896932601929
ov,49,dummy,second,justTargetDataset,1.156038761138916
pdac,49,dummy,first,allDatasets,1.1459169387817383
pdac,49,dummy,first,justTargetDataset,1.1276136636734009
pdac,49,dummy,second,allDatasets,1.5998493432998657
pdac,49,dummy,second,justTargetDataset,1.4730526208877563
all,49,dummy,first,allDatasets,1.4307438135147095
all,49,dummy,first,justTargetDataset,1.4307438135147095
all,49,dummy,second,allDatasets,1.1793814897537231
all,49,dummy,second,justTargetDataset,1.1793814897537231
brca,50,dummy,first,allDatasets,1.077664852142334
brca,50,dummy,first,justTargetDataset,1.192832112312317
brca,50,dummy,second,allDatasets,1.2405859231948853
brca,50,dummy,second,justTargetDataset,1.2124202251434326
ccrcc,50,dummy,first,allDatasets,1.1195625066757202
ccrcc,50,dummy,first,justTargetDataset,1.114530324935913
ccrcc,50,dummy,second,allDatasets,1.0657638311386108
ccrcc,50,dummy,second,justTargetDataset,1.0967873334884644
coad,50,dummy,first,allDatasets,3.425753116607666
coad,50,dummy,first,justTargetDataset,3.3410589694976807
coad,50,dummy,second,allDatasets,1.042161226272583
coad,50,dummy,second,justTargetDataset,1.0604461431503296
gbm,50,dummy,first,allDatasets,1.3586221933364868
gbm,50,dummy,first,justTargetDataset,1.3053566217422485
gbm,50,dummy,second,allDatasets,1.0188798904418945
gbm,50,dummy,second,justTargetDataset,1.069362998008728
hnscc,50,dummy,first,allDatasets,1.0256996154785156
hnscc,50,dummy,first,justTargetDataset,1.0555241107940674
hnscc,50,dummy,second,allDatasets,1.152815341949463
hnscc,50,dummy,second,justTargetDataset,1.140699028968811
lscc,50,dummy,first,allDatasets,1.029887318611145
lscc,50,dummy,first,justTargetDataset,1.057395100593567
lscc,50,dummy,second,allDatasets,1.098811388015747
lscc,50,dummy,second,justTargetDataset,1.0894461870193481
luad,50,dummy,first,allDatasets,1.284274935722351
luad,50,dummy,first,justTargetDataset,1.3110624551773071
luad,50,dummy,second,allDatasets,1.3594751358032227
luad,50,dummy,second,justTargetDataset,1.410681128501892
ov,50,dummy,first,allDatasets,1.211644172668457
ov,50,dummy,first,justTargetDataset,1.1746996641159058
ov,50,dummy,second,allDatasets,1.110158085823059
ov,50,dummy,second,justTargetDataset,1.115384578704834
pdac,50,dummy,first,allDatasets,1.3714509010314941
pdac,50,dummy,first,justTargetDataset,1.316633701324463
pdac,50,dummy,second,allDatasets,1.4075229167938232
pdac,50,dummy,second,justTargetDataset,1.4448461532592773
all,50,dummy,first,allDatasets,1.3414238691329956
all,50,dummy,first,justTargetDataset,1.3414238691329956
all,50,dummy,second,allDatasets,1.1775494813919067
all,50,dummy,second,justTargetDataset,1.1775494813919067
brca,51,dummy,first,allDatasets,1.2144266366958618
brca,51,dummy,first,justTargetDataset,1.1915568113327026
brca,51,dummy,second,allDatasets,1.0214124917984009
brca,51,dummy,second,justTargetDataset,1.0254384279251099
ccrcc,51,dummy,first,allDatasets,1.617554783821106
ccrcc,51,dummy,first,justTargetDataset,1.600520372390747
ccrcc,51,dummy,second,allDatasets,1.192247986793518
ccrcc,51,dummy,second,justTargetDataset,1.1760121583938599
coad,51,dummy,first,allDatasets,8.101943969726562
coad,51,dummy,first,justTargetDataset,7.52455472946167
coad,51,dummy,second,allDatasets,1.4514100551605225
coad,51,dummy,second,justTargetDataset,1.4557372331619263
gbm,51,dummy,first,allDatasets,1.1649821996688843
gbm,51,dummy,first,justTargetDataset,1.1740224361419678
gbm,51,dummy,second,allDatasets,1.173917531967163
gbm,51,dummy,second,justTargetDataset,1.2219339609146118
hnscc,51,dummy,first,allDatasets,1.2104227542877197
hnscc,51,dummy,first,justTargetDataset,1.1684859991073608
hnscc,51,dummy,second,allDatasets,0.9718538522720337
hnscc,51,dummy,second,justTargetDataset,0.9916724562644958
lscc,51,dummy,first,allDatasets,1.0025653839111328
lscc,51,dummy,first,justTargetDataset,1.0372949838638306
lscc,51,dummy,second,allDatasets,1.178478479385376
lscc,51,dummy,second,justTargetDataset,1.1549487113952637
luad,51,dummy,first,allDatasets,1.902380347251892
luad,51,dummy,first,justTargetDataset,1.9295735359191895
luad,51,dummy,second,allDatasets,1.0764679908752441
luad,51,dummy,second,justTargetDataset,1.118918776512146
ov,51,dummy,first,allDatasets,1.12128484249115
ov,51,dummy,first,justTargetDataset,1.1486691236495972
ov,51,dummy,second,allDatasets,1.2288492918014526
ov,51,dummy,second,justTargetDataset,1.2475457191467285
pdac,51,dummy,first,allDatasets,2.45296311378479
pdac,51,dummy,first,justTargetDataset,2.217566967010498
pdac,51,dummy,second,allDatasets,3.0437264442443848
pdac,51,dummy,second,justTargetDataset,2.753551959991455
all,51,dummy,first,allDatasets,1.981938362121582
all,51,dummy,first,justTargetDataset,1.981938362121582
all,51,dummy,second,allDatasets,1.326286792755127
all,51,dummy,second,justTargetDataset,1.326286792755127
brca,52,dummy,first,allDatasets,1.1101757287979126
brca,52,dummy,first,justTargetDataset,1.1235935688018799
brca,52,dummy,second,allDatasets,1.1301590204238892
brca,52,dummy,second,justTargetDataset,1.1243696212768555
ccrcc,52,dummy,first,allDatasets,1.0939687490463257
ccrcc,52,dummy,first,justTargetDataset,1.0920679569244385
ccrcc,52,dummy,second,allDatasets,1.1298753023147583
ccrcc,52,dummy,second,justTargetDataset,1.1286691427230835
coad,52,dummy,first,allDatasets,1.9098693132400513
coad,52,dummy,first,justTargetDataset,1.8849260807037354
coad,52,dummy,second,allDatasets,5.302967548370361
coad,52,dummy,second,justTargetDataset,4.913756370544434
gbm,52,dummy,first,allDatasets,1.1455739736557007
gbm,52,dummy,first,justTargetDataset,1.1539970636367798
gbm,52,dummy,second,allDatasets,1.065666913986206
gbm,52,dummy,second,justTargetDataset,1.0892680883407593
hnscc,52,dummy,first,allDatasets,1.0812278985977173
hnscc,52,dummy,first,justTargetDataset,1.0951857566833496
hnscc,52,dummy,second,allDatasets,1.1088534593582153
hnscc,52,dummy,second,justTargetDataset,1.0943524837493896
lscc,52,dummy,first,allDatasets,1.0054527521133423
lscc,52,dummy,first,justTargetDataset,1.0329797267913818
lscc,52,dummy,second,allDatasets,1.12015962600708
lscc,52,dummy,second,justTargetDataset,1.114753007888794
luad,52,dummy,first,allDatasets,1.4070490598678589
luad,52,dummy,first,justTargetDataset,1.6182183027267456
luad,52,dummy,second,allDatasets,1.1604232788085938
luad,52,dummy,second,justTargetDataset,1.163148283958435
ov,52,dummy,first,allDatasets,1.0770084857940674
ov,52,dummy,first,justTargetDataset,1.094521403312683
ov,52,dummy,second,allDatasets,1.2799148559570312
ov,52,dummy,second,justTargetDataset,1.2647757530212402
pdac,52,dummy,first,allDatasets,1.5396679639816284
pdac,52,dummy,first,justTargetDataset,1.4389777183532715
pdac,52,dummy,second,allDatasets,2.2574098110198975
pdac,52,dummy,second,justTargetDataset,2.0440762042999268
all,52,dummy,first,allDatasets,1.2389311790466309
all,52,dummy,first,justTargetDataset,1.2389311790466309
all,52,dummy,second,allDatasets,1.563810110092163
all,52,dummy,second,justTargetDataset,1.563810110092163
brca,53,dummy,first,allDatasets,1.369431495666504
brca,53,dummy,first,justTargetDataset,1.3280260562896729
brca,53,dummy,second,allDatasets,0.940611720085144
brca,53,dummy,second,justTargetDataset,1.0226656198501587
ccrcc,53,dummy,first,allDatasets,1.035321593284607
ccrcc,53,dummy,first,justTargetDataset,1.0433716773986816
ccrcc,53,dummy,second,allDatasets,1.125803828239441
ccrcc,53,dummy,second,justTargetDataset,1.1199314594268799
coad,53,dummy,first,allDatasets,5.222495079040527
coad,53,dummy,first,justTargetDataset,4.8963117599487305
coad,53,dummy,second,allDatasets,2.0776422023773193
coad,53,dummy,second,justTargetDataset,2.0207157135009766
gbm,53,dummy,first,allDatasets,5.091292858123779
gbm,53,dummy,first,justTargetDataset,5.628076076507568
gbm,53,dummy,second,allDatasets,1.0559316873550415
gbm,53,dummy,second,justTargetDataset,1.0822645425796509
hnscc,53,dummy,first,allDatasets,1.0376701354980469
hnscc,53,dummy,first,justTargetDataset,1.0663721561431885
hnscc,53,dummy,second,allDatasets,1.1901929378509521
hnscc,53,dummy,second,justTargetDataset,1.1708028316497803
lscc,53,dummy,first,allDatasets,1.3434690237045288
lscc,53,dummy,first,justTargetDataset,1.3434737920761108
lscc,53,dummy,second,allDatasets,1.0308345556259155
lscc,53,dummy,second,justTargetDataset,1.0620983839035034
luad,53,dummy,first,allDatasets,1.1062994003295898
luad,53,dummy,first,justTargetDataset,1.1099752187728882
luad,53,dummy,second,allDatasets,1.191590428352356
luad,53,dummy,second,justTargetDataset,1.1869406700134277
ov,53,dummy,first,allDatasets,1.8128130435943604
ov,53,dummy,first,justTargetDataset,1.9013831615447998
ov,53,dummy,second,allDatasets,1.2789562940597534
ov,53,dummy,second,justTargetDataset,1.2751142978668213
pdac,53,dummy,first,allDatasets,1.3190678358078003
pdac,53,dummy,first,justTargetDataset,1.2458614110946655
pdac,53,dummy,second,allDatasets,1.0057138204574585
pdac,53,dummy,second,justTargetDataset,1.0385968685150146
all,53,dummy,first,allDatasets,1.848601222038269
all,53,dummy,first,justTargetDataset,1.848601222038269
all,53,dummy,second,allDatasets,1.177312970161438
all,53,dummy,second,justTargetDataset,1.177312970161438
brca,54,dummy,first,allDatasets,0.9709542989730835
brca,54,dummy,first,justTargetDataset,1.0528517961502075
brca,54,dummy,second,allDatasets,1.29679536819458
brca,54,dummy,second,justTargetDataset,1.2488539218902588
ccrcc,54,dummy,first,allDatasets,1.1260918378829956
ccrcc,54,dummy,first,justTargetDataset,1.1404798030853271
ccrcc,54,dummy,second,allDatasets,1.0547276735305786
ccrcc,54,dummy,second,justTargetDataset,1.0657185316085815
coad,54,dummy,first,allDatasets,0.9975427389144897
coad,54,dummy,first,justTargetDataset,1.012738585472107
coad,54,dummy,second,allDatasets,1.7400082349777222
coad,54,dummy,second,justTargetDataset,1.7027114629745483
gbm,54,dummy,first,allDatasets,1.1390140056610107
gbm,54,dummy,first,justTargetDataset,1.1465340852737427
gbm,54,dummy,second,allDatasets,1.1196340322494507
gbm,54,dummy,second,justTargetDataset,1.1372438669204712
lscc,54,dummy,first,allDatasets,1.0764669179916382
lscc,54,dummy,first,justTargetDataset,1.0723830461502075
lscc,54,dummy,second,allDatasets,1.0394279956817627
lscc,54,dummy,second,justTargetDataset,1.0436532497406006
pdac,54,dummy,first,allDatasets,6.031307697296143
pdac,54,dummy,first,justTargetDataset,5.0054473876953125
pdac,54,dummy,second,allDatasets,4.081399917602539
pdac,54,dummy,second,justTargetDataset,3.6043314933776855
all,54,dummy,first,allDatasets,1.5818649530410767
all,54,dummy,first,justTargetDataset,1.5818649530410767
all,54,dummy,second,allDatasets,1.438637137413025
all,54,dummy,second,justTargetDataset,1.438637137413025
brca,55,dummy,first,allDatasets,1.1834611892700195
brca,55,dummy,first,justTargetDataset,1.1714690923690796
brca,55,dummy,second,allDatasets,1.0310132503509521
brca,55,dummy,second,justTargetDataset,1.0447742938995361
ccrcc,55,dummy,first,allDatasets,2.6393730640411377
ccrcc,55,dummy,first,justTargetDataset,2.369745969772339
ccrcc,55,dummy,second,allDatasets,1.1065661907196045
ccrcc,55,dummy,second,justTargetDataset,1.1372556686401367
coad,55,dummy,first,allDatasets,3.4783878326416016
coad,55,dummy,first,justTargetDataset,3.4993832111358643
coad,55,dummy,second,allDatasets,4.20341157913208
coad,55,dummy,second,justTargetDataset,4.023183345794678
gbm,55,dummy,first,allDatasets,4.01118278503418
gbm,55,dummy,first,justTargetDataset,5.025826930999756
gbm,55,dummy,second,allDatasets,1.2334294319152832
gbm,55,dummy,second,justTargetDataset,1.2585786581039429
hnscc,55,dummy,first,allDatasets,1.1517901420593262
hnscc,55,dummy,first,justTargetDataset,1.1380572319030762
hnscc,55,dummy,second,allDatasets,1.068358302116394
hnscc,55,dummy,second,justTargetDataset,1.0708444118499756
lscc,55,dummy,first,allDatasets,1.2424602508544922
lscc,55,dummy,first,justTargetDataset,1.1940826177597046
lscc,55,dummy,second,allDatasets,0.934738039970398
lscc,55,dummy,second,justTargetDataset,0.9831942915916443
luad,55,dummy,first,allDatasets,1.075904130935669
luad,55,dummy,first,justTargetDataset,1.1076984405517578
luad,55,dummy,second,allDatasets,1.1895663738250732
luad,55,dummy,second,justTargetDataset,1.156896948814392
ov,55,dummy,first,allDatasets,1.075398325920105
ov,55,dummy,first,justTargetDataset,1.076967716217041
ov,55,dummy,second,allDatasets,1.2328542470932007
ov,55,dummy,second,justTargetDataset,1.226564645767212
pdac,55,dummy,first,allDatasets,1.7558094263076782
pdac,55,dummy,first,justTargetDataset,1.7296522855758667
pdac,55,dummy,second,allDatasets,1.3606228828430176
pdac,55,dummy,second,justTargetDataset,1.3220566511154175
all,55,dummy,first,allDatasets,1.8224624395370483
all,55,dummy,first,justTargetDataset,1.8224624395370483
all,55,dummy,second,allDatasets,1.3606661558151245
all,55,dummy,second,justTargetDataset,1.3606661558151245
brca,56,dummy,first,allDatasets,1.1683651208877563
brca,56,dummy,first,justTargetDataset,1.1643600463867188
brca,56,dummy,second,allDatasets,1.0798386335372925
brca,56,dummy,second,justTargetDataset,1.0938763618469238
ccrcc,56,dummy,first,allDatasets,0.9623161554336548
ccrcc,56,dummy,first,justTargetDataset,0.9959582090377808
ccrcc,56,dummy,second,allDatasets,1.210560917854309
ccrcc,56,dummy,second,justTargetDataset,1.1919562816619873
coad,56,dummy,first,allDatasets,7.332935333251953
coad,56,dummy,first,justTargetDataset,6.8207106590271
coad,56,dummy,second,allDatasets,1.1016085147857666
coad,56,dummy,second,justTargetDataset,1.119787573814392
gbm,56,dummy,first,allDatasets,1.194403886795044
gbm,56,dummy,first,justTargetDataset,1.190754771232605
gbm,56,dummy,second,allDatasets,1.1191675662994385
gbm,56,dummy,second,justTargetDataset,1.12229323387146
hnscc,56,dummy,first,allDatasets,1.1043568849563599
hnscc,56,dummy,first,justTargetDataset,1.0941681861877441
hnscc,56,dummy,second,allDatasets,1.0330113172531128
hnscc,56,dummy,second,justTargetDataset,1.0356320142745972
lscc,56,dummy,first,allDatasets,0.9357652068138123
lscc,56,dummy,first,justTargetDataset,1.007393717765808
lscc,56,dummy,second,allDatasets,1.2611384391784668
lscc,56,dummy,second,justTargetDataset,1.2494956254959106
luad,56,dummy,first,allDatasets,1.9461629390716553
luad,56,dummy,first,justTargetDataset,2.016754150390625
luad,56,dummy,second,allDatasets,1.1058499813079834
luad,56,dummy,second,justTargetDataset,1.1258190870285034
ov,56,dummy,first,allDatasets,1.2191500663757324
ov,56,dummy,first,justTargetDataset,1.2216830253601074
ov,56,dummy,second,allDatasets,1.0925946235656738
ov,56,dummy,second,justTargetDataset,1.1035504341125488
pdac,56,dummy,first,allDatasets,1.2604132890701294
pdac,56,dummy,first,justTargetDataset,1.284258484840393
pdac,56,dummy,second,allDatasets,1.3318290710449219
pdac,56,dummy,second,justTargetDataset,1.2697445154190063
all,56,dummy,first,allDatasets,1.7056608200073242
all,56,dummy,first,justTargetDataset,1.7056608200073242
all,56,dummy,second,allDatasets,1.1554795503616333
all,56,dummy,second,justTargetDataset,1.1554795503616333
brca,57,dummy,first,allDatasets,1.2460415363311768
brca,57,dummy,first,justTargetDataset,1.2352237701416016
brca,57,dummy,second,allDatasets,1.0112214088439941
brca,57,dummy,second,justTargetDataset,1.0083110332489014
ccrcc,57,dummy,first,allDatasets,1.039008617401123
ccrcc,57,dummy,first,justTargetDataset,1.0413402318954468
ccrcc,57,dummy,second,allDatasets,1.1153972148895264
ccrcc,57,dummy,second,justTargetDataset,1.1277661323547363
coad,57,dummy,first,allDatasets,2.2203001976013184
coad,57,dummy,first,justTargetDataset,2.1695549488067627
coad,57,dummy,second,allDatasets,5.384792327880859
coad,57,dummy,second,justTargetDataset,5.255095958709717
gbm,57,dummy,first,allDatasets,1.2995504140853882
gbm,57,dummy,first,justTargetDataset,1.2401376962661743
gbm,57,dummy,second,allDatasets,0.9904770255088806
gbm,57,dummy,second,justTargetDataset,1.0318061113357544
hnscc,57,dummy,first,allDatasets,1.400408148765564
hnscc,57,dummy,first,justTargetDataset,1.415360450744629
hnscc,57,dummy,second,allDatasets,1.0634279251098633
hnscc,57,dummy,second,justTargetDataset,1.204492211341858
lscc,57,dummy,first,allDatasets,1.0492843389511108
lscc,57,dummy,first,justTargetDataset,1.0705469846725464
lscc,57,dummy,second,allDatasets,1.1154959201812744
lscc,57,dummy,second,justTargetDataset,1.1126905679702759
luad,57,dummy,first,allDatasets,1.0845818519592285
luad,57,dummy,first,justTargetDataset,1.1118708848953247
luad,57,dummy,second,allDatasets,1.2229925394058228
luad,57,dummy,second,justTargetDataset,1.224197506904602
ov,57,dummy,first,allDatasets,1.272363543510437
ov,57,dummy,first,justTargetDataset,1.264011025428772
ov,57,dummy,second,allDatasets,1.094278335571289
ov,57,dummy,second,justTargetDataset,1.1135597229003906
pdac,57,dummy,first,allDatasets,2.691405773162842
pdac,57,dummy,first,justTargetDataset,2.3083250522613525
pdac,57,dummy,second,allDatasets,1.431775450706482
pdac,57,dummy,second,justTargetDataset,1.5099809169769287
all,57,dummy,first,allDatasets,1.3959523439407349
all,57,dummy,first,justTargetDataset,1.3959523439407349
all,57,dummy,second,allDatasets,1.4633750915527344
all,57,dummy,second,justTargetDataset,1.4633750915527344
brca,58,dummy,first,allDatasets,1.1050533056259155
brca,58,dummy,first,justTargetDataset,1.1697570085525513
brca,58,dummy,second,allDatasets,1.114985704421997
brca,58,dummy,second,justTargetDataset,1.1112960577011108
ccrcc,58,dummy,first,allDatasets,1.0381933450698853
ccrcc,58,dummy,first,justTargetDataset,1.0400229692459106
ccrcc,58,dummy,second,allDatasets,1.1310033798217773
ccrcc,58,dummy,second,justTargetDataset,1.13788902759552
coad,58,dummy,first,allDatasets,1.8496558666229248
coad,58,dummy,first,justTargetDataset,1.8414279222488403
coad,58,dummy,second,allDatasets,3.92246675491333
coad,58,dummy,second,justTargetDataset,3.5985469818115234
gbm,58,dummy,first,allDatasets,1.230661392211914
gbm,58,dummy,first,justTargetDataset,1.2364767789840698
gbm,58,dummy,second,allDatasets,1.0989223718643188
gbm,58,dummy,second,justTargetDataset,1.122879147529602
hnscc,58,dummy,first,allDatasets,1.2219990491867065
hnscc,58,dummy,first,justTargetDataset,1.1908986568450928
hnscc,58,dummy,second,allDatasets,1.0204012393951416
hnscc,58,dummy,second,justTargetDataset,1.0362778902053833
lscc,58,dummy,first,allDatasets,1.1065571308135986
lscc,58,dummy,first,justTargetDataset,1.0936214923858643
lscc,58,dummy,second,allDatasets,1.0205646753311157
lscc,58,dummy,second,justTargetDataset,1.0249263048171997
luad,58,dummy,first,allDatasets,1.2781121730804443
luad,58,dummy,first,justTargetDataset,1.301520586013794
luad,58,dummy,second,allDatasets,1.4114809036254883
luad,58,dummy,second,justTargetDataset,1.6133110523223877
ov,58,dummy,first,allDatasets,1.1440740823745728
ov,58,dummy,first,justTargetDataset,1.155863881111145
ov,58,dummy,second,allDatasets,1.1963862180709839
ov,58,dummy,second,justTargetDataset,1.1986242532730103
pdac,58,dummy,first,allDatasets,1.0875355005264282
pdac,58,dummy,first,justTargetDataset,1.1414021253585815
pdac,58,dummy,second,allDatasets,1.5928510427474976
pdac,58,dummy,second,justTargetDataset,1.4701019525527954
all,58,dummy,first,allDatasets,1.2062687873840332
all,58,dummy,first,justTargetDataset,1.2062687873840332
all,58,dummy,second,allDatasets,1.40473473072052
all,58,dummy,second,justTargetDataset,1.40473473072052
brca,59,dummy,first,allDatasets,1.202025294303894
brca,59,dummy,first,justTargetDataset,1.193109154701233
brca,59,dummy,second,allDatasets,1.0334913730621338
brca,59,dummy,second,justTargetDataset,1.0572614669799805
ccrcc,59,dummy,first,allDatasets,1.1876063346862793
ccrcc,59,dummy,first,justTargetDataset,1.1691334247589111
ccrcc,59,dummy,second,allDatasets,0.9830418825149536
ccrcc,59,dummy,second,justTargetDataset,1.0143427848815918
coad,59,dummy,first,allDatasets,2.7539587020874023
coad,59,dummy,first,justTargetDataset,2.6138408184051514
coad,59,dummy,second,allDatasets,1.6407618522644043
coad,59,dummy,second,justTargetDataset,1.631328821182251
gbm,59,dummy,first,allDatasets,1.2214000225067139
gbm,59,dummy,first,justTargetDataset,1.2082599401474
gbm,59,dummy,second,allDatasets,1.071929931640625
gbm,59,dummy,second,justTargetDataset,1.074863076210022
hnscc,59,dummy,first,allDatasets,1.1008870601654053
hnscc,59,dummy,first,justTargetDataset,1.1018732786178589
hnscc,59,dummy,second,allDatasets,1.098268747329712
hnscc,59,dummy,second,justTargetDataset,1.095831274986267
lscc,59,dummy,first,allDatasets,0.9356744885444641
lscc,59,dummy,first,justTargetDataset,0.9738408923149109
lscc,59,dummy,second,allDatasets,1.258084774017334
lscc,59,dummy,second,justTargetDataset,1.2122796773910522
luad,59,dummy,first,allDatasets,1.1390920877456665
luad,59,dummy,first,justTargetDataset,1.1579636335372925
luad,59,dummy,second,allDatasets,1.1024816036224365
luad,59,dummy,second,justTargetDataset,1.0937892198562622
ov,59,dummy,first,allDatasets,1.0873266458511353
ov,59,dummy,first,justTargetDataset,1.1059544086456299
ov,59,dummy,second,allDatasets,2.5776784420013428
ov,59,dummy,second,justTargetDataset,2.7210323810577393
pdac,59,dummy,first,allDatasets,1.616165280342102
pdac,59,dummy,first,justTargetDataset,1.489587664604187
pdac,59,dummy,second,allDatasets,0.9981890916824341
pdac,59,dummy,second,justTargetDataset,1.022159457206726
all,59,dummy,first,allDatasets,1.2861250638961792
all,59,dummy,first,justTargetDataset,1.2861250638961792
all,59,dummy,second,allDatasets,1.2271676063537598
all,59,dummy,second,justTargetDataset,1.2271676063537598
brca,60,dummy,first,allDatasets,1.1086541414260864
brca,60,dummy,first,justTargetDataset,1.1038599014282227
brca,60,dummy,second,allDatasets,1.3797837495803833
brca,60,dummy,second,justTargetDataset,1.484574794769287
ccrcc,60,dummy,first,allDatasets,1.2340267896652222
ccrcc,60,dummy,first,justTargetDataset,1.1951286792755127
ccrcc,60,dummy,second,allDatasets,0.9609145522117615
ccrcc,60,dummy,second,justTargetDataset,0.9970798492431641
coad,60,dummy,first,allDatasets,1.5374842882156372
coad,60,dummy,first,justTargetDataset,1.5058541297912598
coad,60,dummy,second,allDatasets,3.1890547275543213
coad,60,dummy,second,justTargetDataset,3.177712917327881
gbm,60,dummy,first,allDatasets,1.2412946224212646
gbm,60,dummy,first,justTargetDataset,1.2471870183944702
gbm,60,dummy,second,allDatasets,1.0378319025039673
gbm,60,dummy,second,justTargetDataset,1.0622024536132812
hnscc,60,dummy,first,allDatasets,1.201979160308838
hnscc,60,dummy,first,justTargetDataset,1.1921987533569336
hnscc,60,dummy,second,allDatasets,1.0843946933746338
hnscc,60,dummy,second,justTargetDataset,1.1096121072769165
lscc,60,dummy,first,allDatasets,1.2761380672454834
lscc,60,dummy,first,justTargetDataset,1.22548246383667
lscc,60,dummy,second,allDatasets,0.9169460535049438
lscc,60,dummy,second,justTargetDataset,0.9620485305786133
luad,60,dummy,first,allDatasets,1.1433002948760986
luad,60,dummy,first,justTargetDataset,1.151330828666687
luad,60,dummy,second,allDatasets,1.115539312362671
luad,60,dummy,second,justTargetDataset,1.1230195760726929
ov,60,dummy,first,allDatasets,1.53196382522583
ov,60,dummy,first,justTargetDataset,1.537657618522644
ov,60,dummy,second,allDatasets,1.5698658227920532
ov,60,dummy,second,justTargetDataset,1.7721627950668335
pdac,60,dummy,first,allDatasets,0.9456968903541565
pdac,60,dummy,first,justTargetDataset,0.976748526096344
pdac,60,dummy,second,allDatasets,1.5054506063461304
pdac,60,dummy,second,justTargetDataset,1.4612876176834106
all,60,dummy,first,allDatasets,1.2256067991256714
all,60,dummy,first,justTargetDataset,1.2256067991256714
all,60,dummy,second,allDatasets,1.303309440612793
all,60,dummy,second,justTargetDataset,1.303309440612793
brca,61,dummy,first,allDatasets,1.332719087600708
brca,61,dummy,first,justTargetDataset,1.288069248199463
brca,61,dummy,second,allDatasets,0.932427704334259
brca,61,dummy,second,justTargetDataset,0.9631960988044739
ccrcc,61,dummy,first,allDatasets,1.037462592124939
ccrcc,61,dummy,first,justTargetDataset,1.0409640073776245
ccrcc,61,dummy,second,allDatasets,1.0930626392364502
ccrcc,61,dummy,second,justTargetDataset,1.0920557975769043
coad,61,dummy,first,allDatasets,1.1276655197143555
coad,61,dummy,first,justTargetDataset,1.137020468711853
coad,61,dummy,second,allDatasets,3.6621034145355225
coad,61,dummy,second,justTargetDataset,3.4315223693847656
gbm,61,dummy,first,allDatasets,1.0999058485031128
gbm,61,dummy,first,justTargetDataset,1.134480595588684
gbm,61,dummy,second,allDatasets,1.1915795803070068
gbm,61,dummy,second,justTargetDataset,1.1776243448257446
hnscc,61,dummy,first,allDatasets,1.0295943021774292
hnscc,61,dummy,first,justTargetDataset,1.04560124874115
hnscc,61,dummy,second,allDatasets,1.166982650756836
hnscc,61,dummy,second,justTargetDataset,1.1462087631225586
lscc,61,dummy,first,allDatasets,0.8626946210861206
lscc,61,dummy,first,justTargetDataset,0.9223870635032654
lscc,61,dummy,second,allDatasets,1.3258450031280518
lscc,61,dummy,second,justTargetDataset,1.292864441871643
luad,61,dummy,first,allDatasets,1.0665550231933594
luad,61,dummy,first,justTargetDataset,1.126354694366455
luad,61,dummy,second,allDatasets,1.2011748552322388
luad,61,dummy,second,justTargetDataset,1.1886104345321655
ov,61,dummy,first,allDatasets,1.110520839691162
ov,61,dummy,first,justTargetDataset,1.1253974437713623
ov,61,dummy,second,allDatasets,1.2842471599578857
ov,61,dummy,second,justTargetDataset,1.2976945638656616
pdac,61,dummy,first,allDatasets,1.5319442749023438
pdac,61,dummy,first,justTargetDataset,1.5529201030731201
pdac,61,dummy,second,allDatasets,3.895104169845581
pdac,61,dummy,second,justTargetDataset,3.3630664348602295
all,61,dummy,first,allDatasets,1.1052440404891968
all,61,dummy,first,justTargetDataset,1.1052440404891968
all,61,dummy,second,allDatasets,1.6285839080810547
all,61,dummy,second,justTargetDataset,1.6285839080810547
brca,62,dummy,first,allDatasets,0.9966660737991333
brca,62,dummy,first,justTargetDataset,1.0281015634536743
brca,62,dummy,second,allDatasets,1.2434380054473877
brca,62,dummy,second,justTargetDataset,1.2146414518356323
ccrcc,62,dummy,first,allDatasets,0.9855906367301941
ccrcc,62,dummy,first,justTargetDataset,1.0113829374313354
ccrcc,62,dummy,second,allDatasets,1.216090440750122
ccrcc,62,dummy,second,justTargetDataset,1.1726938486099243
coad,62,dummy,first,allDatasets,6.341089248657227
coad,62,dummy,first,justTargetDataset,5.793323040008545
coad,62,dummy,second,allDatasets,4.032563209533691
coad,62,dummy,second,justTargetDataset,3.9247987270355225
gbm,62,dummy,first,allDatasets,1.172320008277893
gbm,62,dummy,first,justTargetDataset,1.1718971729278564
gbm,62,dummy,second,allDatasets,2.0159242153167725
gbm,62,dummy,second,justTargetDataset,2.4610273838043213
hnscc,62,dummy,first,allDatasets,1.0011181831359863
hnscc,62,dummy,first,justTargetDataset,1.0097641944885254
hnscc,62,dummy,second,allDatasets,1.1866530179977417
hnscc,62,dummy,second,justTargetDataset,1.159510612487793
lscc,62,dummy,first,allDatasets,0.959132969379425
lscc,62,dummy,first,justTargetDataset,0.9971227645874023
lscc,62,dummy,second,allDatasets,1.192983865737915
lscc,62,dummy,second,justTargetDataset,1.1713963747024536
luad,62,dummy,first,allDatasets,1.3049968481063843
luad,62,dummy,first,justTargetDataset,1.2609920501708984
luad,62,dummy,second,allDatasets,0.9719313383102417
luad,62,dummy,second,justTargetDataset,1.0089069604873657
ov,62,dummy,first,allDatasets,1.0090620517730713
ov,62,dummy,first,justTargetDataset,1.0439101457595825
ov,62,dummy,second,allDatasets,1.3262090682983398
ov,62,dummy,second,justTargetDataset,1.287195086479187
pdac,62,dummy,first,allDatasets,1.4956687688827515
pdac,62,dummy,first,justTargetDataset,1.4364484548568726
pdac,62,dummy,second,allDatasets,1.5594751834869385
pdac,62,dummy,second,justTargetDataset,1.5113670825958252
all,62,dummy,first,allDatasets,1.5096056461334229
all,62,dummy,first,justTargetDataset,1.5096056461334229
all,62,dummy,second,allDatasets,1.4896506071090698
all,62,dummy,second,justTargetDataset,1.4896506071090698
brca,63,dummy,first,allDatasets,1.1347650289535522
brca,63,dummy,first,justTargetDataset,1.165518879890442
brca,63,dummy,second,allDatasets,1.1006094217300415
brca,63,dummy,second,justTargetDataset,1.097909927368164
ccrcc,63,dummy,first,allDatasets,1.0821641683578491
ccrcc,63,dummy,first,justTargetDataset,1.0783668756484985
ccrcc,63,dummy,second,allDatasets,1.0638302564620972
ccrcc,63,dummy,second,justTargetDataset,1.0649759769439697
coad,63,dummy,first,allDatasets,3.5214991569519043
coad,63,dummy,first,justTargetDataset,3.3040475845336914
coad,63,dummy,second,allDatasets,1.6889070272445679
coad,63,dummy,second,justTargetDataset,1.638523817062378
gbm,63,dummy,first,allDatasets,1.022447943687439
gbm,63,dummy,first,justTargetDataset,1.0700751543045044
gbm,63,dummy,second,allDatasets,1.279652714729309
gbm,63,dummy,second,justTargetDataset,1.2409071922302246
hnscc,63,dummy,first,allDatasets,2.6856842041015625
hnscc,63,dummy,first,justTargetDataset,2.4260506629943848
hnscc,63,dummy,second,allDatasets,1.6812329292297363
hnscc,63,dummy,second,justTargetDataset,1.6575851440429688
lscc,63,dummy,first,allDatasets,1.091270923614502
lscc,63,dummy,first,justTargetDataset,1.0986051559448242
lscc,63,dummy,second,allDatasets,1.0458283424377441
lscc,63,dummy,second,justTargetDataset,1.0663310289382935
luad,63,dummy,first,allDatasets,1.150964379310608
luad,63,dummy,first,justTargetDataset,1.149181842803955
luad,63,dummy,second,allDatasets,1.2564951181411743
luad,63,dummy,second,justTargetDataset,1.3024684190750122
ov,63,dummy,first,allDatasets,1.1811397075653076
ov,63,dummy,first,justTargetDataset,1.1894149780273438
ov,63,dummy,second,allDatasets,1.1279264688491821
ov,63,dummy,second,justTargetDataset,1.1266473531723022
pdac,63,dummy,first,allDatasets,1.2107937335968018
pdac,63,dummy,first,justTargetDataset,1.258481502532959
pdac,63,dummy,second,allDatasets,1.35248863697052
pdac,63,dummy,second,justTargetDataset,1.2846436500549316
all,63,dummy,first,allDatasets,1.4954787492752075
all,63,dummy,first,justTargetDataset,1.4954787492752075
all,63,dummy,second,allDatasets,1.2690958976745605
all,63,dummy,second,justTargetDataset,1.2690958976745605
brca,64,dummy,first,allDatasets,0.9401260614395142
brca,64,dummy,first,justTargetDataset,0.9793978929519653
brca,64,dummy,second,allDatasets,1.2817186117172241
brca,64,dummy,second,justTargetDataset,1.2341961860656738
ccrcc,64,dummy,first,allDatasets,1.4447085857391357
ccrcc,64,dummy,first,justTargetDataset,1.4411448240280151
ccrcc,64,dummy,second,allDatasets,1.807262659072876
ccrcc,64,dummy,second,justTargetDataset,1.7494592666625977
coad,64,dummy,first,allDatasets,2.3670966625213623
coad,64,dummy,first,justTargetDataset,2.224707841873169
coad,64,dummy,second,allDatasets,2.001739978790283
coad,64,dummy,second,justTargetDataset,2.0189409255981445
gbm,64,dummy,first,allDatasets,1.0572808980941772
gbm,64,dummy,first,justTargetDataset,1.0867795944213867
gbm,64,dummy,second,allDatasets,1.3191916942596436
gbm,64,dummy,second,justTargetDataset,1.2906322479248047
hnscc,64,dummy,first,allDatasets,1.2622748613357544
hnscc,64,dummy,first,justTargetDataset,1.2444993257522583
hnscc,64,dummy,second,allDatasets,1.031054139137268
hnscc,64,dummy,second,justTargetDataset,1.059280514717102
lscc,64,dummy,first,allDatasets,1.0357786417007446
lscc,64,dummy,first,justTargetDataset,1.0486805438995361
lscc,64,dummy,second,allDatasets,1.0777912139892578
lscc,64,dummy,second,justTargetDataset,1.092254400253296
luad,64,dummy,first,allDatasets,1.173641324043274
luad,64,dummy,first,justTargetDataset,1.2104004621505737
luad,64,dummy,second,allDatasets,1.1541959047317505
luad,64,dummy,second,justTargetDataset,1.176395058631897
ov,64,dummy,first,allDatasets,1.3136093616485596
ov,64,dummy,first,justTargetDataset,1.3334001302719116
ov,64,dummy,second,allDatasets,1.1633902788162231
ov,64,dummy,second,justTargetDataset,1.2052216529846191
pdac,64,dummy,first,allDatasets,2.9734466075897217
pdac,64,dummy,first,justTargetDataset,2.6227316856384277
pdac,64,dummy,second,allDatasets,2.8623592853546143
pdac,64,dummy,second,justTargetDataset,2.5862555503845215
all,64,dummy,first,allDatasets,1.4405887126922607
all,64,dummy,first,justTargetDataset,1.4405887126922607
all,64,dummy,second,allDatasets,1.4727846384048462
all,64,dummy,second,justTargetDataset,1.4727846384048462
brca,65,dummy,first,allDatasets,1.1144063472747803
brca,65,dummy,first,justTargetDataset,1.1118495464324951
brca,65,dummy,second,allDatasets,1.0963473320007324
brca,65,dummy,second,justTargetDataset,1.1053979396820068
ccrcc,65,dummy,first,allDatasets,1.0400826930999756
ccrcc,65,dummy,first,justTargetDataset,1.0435843467712402
ccrcc,65,dummy,second,allDatasets,1.1182235479354858
ccrcc,65,dummy,second,justTargetDataset,1.1153209209442139
coad,65,dummy,first,allDatasets,3.393411636352539
coad,65,dummy,first,justTargetDataset,3.226163864135742
coad,65,dummy,second,allDatasets,6.491483211517334
coad,65,dummy,second,justTargetDataset,6.020736217498779
gbm,65,dummy,first,allDatasets,1.2139686346054077
gbm,65,dummy,first,justTargetDataset,1.1985210180282593
gbm,65,dummy,second,allDatasets,1.0288517475128174
gbm,65,dummy,second,justTargetDataset,1.0529654026031494
hnscc,65,dummy,first,allDatasets,1.0887795686721802
hnscc,65,dummy,first,justTargetDataset,1.095086693763733
hnscc,65,dummy,second,allDatasets,1.0847517251968384
hnscc,65,dummy,second,justTargetDataset,1.0948621034622192
lscc,65,dummy,first,allDatasets,1.305010199546814
lscc,65,dummy,first,justTargetDataset,1.2263219356536865
lscc,65,dummy,second,allDatasets,0.8887060880661011
lscc,65,dummy,second,justTargetDataset,0.9400871992111206
luad,65,dummy,first,allDatasets,1.058915138244629
luad,65,dummy,first,justTargetDataset,1.0733776092529297
luad,65,dummy,second,allDatasets,1.206984519958496
luad,65,dummy,second,justTargetDataset,1.2119849920272827
ov,65,dummy,first,allDatasets,1.2615622282028198
ov,65,dummy,first,justTargetDataset,1.2334400415420532
ov,65,dummy,second,allDatasets,1.0967319011688232
ov,65,dummy,second,justTargetDataset,1.1310402154922485
pdac,65,dummy,first,allDatasets,1.1291731595993042
pdac,65,dummy,first,justTargetDataset,1.1300089359283447
pdac,65,dummy,second,allDatasets,1.8436081409454346
pdac,65,dummy,second,justTargetDataset,1.6778779029846191
all,65,dummy,first,allDatasets,1.3148739337921143
all,65,dummy,first,justTargetDataset,1.3148739337921143
all,65,dummy,second,allDatasets,1.5631828308105469
all,65,dummy,second,justTargetDataset,1.5631828308105469
brca,66,dummy,first,allDatasets,1.1226139068603516
brca,66,dummy,first,justTargetDataset,1.111141324043274
brca,66,dummy,second,allDatasets,1.1758073568344116
brca,66,dummy,second,justTargetDataset,1.2066036462783813
ccrcc,66,dummy,first,allDatasets,1.1276862621307373
ccrcc,66,dummy,first,justTargetDataset,1.1278271675109863
ccrcc,66,dummy,second,allDatasets,3.2487106323242188
ccrcc,66,dummy,second,justTargetDataset,2.8297550678253174
coad,66,dummy,first,allDatasets,1.769600749015808
coad,66,dummy,first,justTargetDataset,1.6794182062149048
coad,66,dummy,second,allDatasets,2.0995237827301025
coad,66,dummy,second,justTargetDataset,2.074702024459839
gbm,66,dummy,first,allDatasets,1.2070804834365845
gbm,66,dummy,first,justTargetDataset,1.1799224615097046
gbm,66,dummy,second,allDatasets,1.061849594116211
gbm,66,dummy,second,justTargetDataset,1.0894296169281006
hnscc,66,dummy,first,allDatasets,1.165906548500061
hnscc,66,dummy,first,justTargetDataset,1.153918981552124
hnscc,66,dummy,second,allDatasets,1.0105719566345215
hnscc,66,dummy,second,justTargetDataset,1.0362074375152588
lscc,66,dummy,first,allDatasets,1.2454595565795898
lscc,66,dummy,first,justTargetDataset,1.351921558380127
lscc,66,dummy,second,allDatasets,1.1398963928222656
lscc,66,dummy,second,justTargetDataset,1.1354447603225708
luad,66,dummy,first,allDatasets,1.3688730001449585
luad,66,dummy,first,justTargetDataset,1.3434028625488281
luad,66,dummy,second,allDatasets,0.9337083101272583
luad,66,dummy,second,justTargetDataset,0.9935888648033142
ov,66,dummy,first,allDatasets,1.1885876655578613
ov,66,dummy,first,justTargetDataset,1.182185173034668
ov,66,dummy,second,allDatasets,1.128669023513794
ov,66,dummy,second,justTargetDataset,1.1467303037643433
pdac,66,dummy,first,allDatasets,1.2786976099014282
pdac,66,dummy,first,justTargetDataset,1.2346962690353394
pdac,66,dummy,second,allDatasets,4.30656623840332
pdac,66,dummy,second,justTargetDataset,3.631647825241089
all,66,dummy,first,allDatasets,1.2641359567642212
all,66,dummy,first,justTargetDataset,1.2641359567642212
all,66,dummy,second,allDatasets,1.75799560546875
all,66,dummy,second,justTargetDataset,1.75799560546875
brca,67,dummy,first,allDatasets,1.1597089767456055
brca,67,dummy,first,justTargetDataset,1.1953827142715454
brca,67,dummy,second,allDatasets,1.11030912399292
brca,67,dummy,second,justTargetDataset,1.1180084943771362
ccrcc,67,dummy,first,allDatasets,1.1584275960922241
ccrcc,67,dummy,first,justTargetDataset,1.1513347625732422
ccrcc,67,dummy,second,allDatasets,1.041602611541748
ccrcc,67,dummy,second,justTargetDataset,1.0744918584823608
coad,67,dummy,first,allDatasets,1.7662795782089233
coad,67,dummy,first,justTargetDataset,1.6922234296798706
coad,67,dummy,second,allDatasets,4.750604152679443
coad,67,dummy,second,justTargetDataset,4.388171195983887
gbm,67,dummy,first,allDatasets,1.1503164768218994
gbm,67,dummy,first,justTargetDataset,1.1568629741668701
gbm,67,dummy,second,allDatasets,1.1823973655700684
gbm,67,dummy,second,justTargetDataset,1.1893950700759888
hnscc,67,dummy,first,allDatasets,1.0691962242126465
hnscc,67,dummy,first,justTargetDataset,1.066972255706787
hnscc,67,dummy,second,allDatasets,1.0652581453323364
hnscc,67,dummy,second,justTargetDataset,1.0629432201385498
lscc,67,dummy,first,allDatasets,1.0305153131484985
lscc,67,dummy,first,justTargetDataset,1.055708885192871
lscc,67,dummy,second,allDatasets,1.0826767683029175
lscc,67,dummy,second,justTargetDataset,1.092814564704895
luad,67,dummy,first,allDatasets,1.073172926902771
luad,67,dummy,first,justTargetDataset,1.0697815418243408
luad,67,dummy,second,allDatasets,1.5048718452453613
luad,67,dummy,second,justTargetDataset,1.5105856657028198
ov,67,dummy,first,allDatasets,3.5713980197906494
ov,67,dummy,first,justTargetDataset,3.3586814403533936
ov,67,dummy,second,allDatasets,1.187026858329773
ov,67,dummy,second,justTargetDataset,1.1954772472381592
pdac,67,dummy,first,allDatasets,1.2989989519119263
pdac,67,dummy,first,justTargetDataset,1.247761845588684
pdac,67,dummy,second,allDatasets,1.3600271940231323
pdac,67,dummy,second,justTargetDataset,1.331729769706726
all,67,dummy,first,allDatasets,1.3300858736038208
all,67,dummy,first,justTargetDataset,1.3300858736038208
all,67,dummy,second,allDatasets,1.4698295593261719
all,67,dummy,second,justTargetDataset,1.4698295593261719
brca,68,dummy,first,allDatasets,1.4410961866378784
brca,68,dummy,first,justTargetDataset,1.6793675422668457
brca,68,dummy,second,allDatasets,1.1634669303894043
brca,68,dummy,second,justTargetDataset,1.1714836359024048
ccrcc,68,dummy,first,allDatasets,1.8067280054092407
ccrcc,68,dummy,first,justTargetDataset,1.748535394668579
ccrcc,68,dummy,second,allDatasets,2.0280885696411133
ccrcc,68,dummy,second,justTargetDataset,2.0160319805145264
coad,68,dummy,first,allDatasets,3.5445942878723145
coad,68,dummy,first,justTargetDataset,3.5153727531433105
coad,68,dummy,second,allDatasets,2.0457468032836914
coad,68,dummy,second,justTargetDataset,1.9780102968215942
gbm,68,dummy,first,allDatasets,1.3386913537979126
gbm,68,dummy,first,justTargetDataset,1.3042418956756592
gbm,68,dummy,second,allDatasets,1.0233449935913086
gbm,68,dummy,second,justTargetDataset,1.0532578229904175
hnscc,68,dummy,first,allDatasets,1.177306890487671
hnscc,68,dummy,first,justTargetDataset,1.1904515027999878
hnscc,68,dummy,second,allDatasets,1.5613991022109985
hnscc,68,dummy,second,justTargetDataset,1.5810890197753906
lscc,68,dummy,first,allDatasets,1.144912838935852
lscc,68,dummy,first,justTargetDataset,1.1366053819656372
lscc,68,dummy,second,allDatasets,1.0051463842391968
lscc,68,dummy,second,justTargetDataset,1.0216144323349
luad,68,dummy,first,allDatasets,1.1903539896011353
luad,68,dummy,first,justTargetDataset,1.194898247718811
luad,68,dummy,second,allDatasets,1.1562745571136475
luad,68,dummy,second,justTargetDataset,1.1542631387710571
ov,68,dummy,first,allDatasets,1.328974723815918
ov,68,dummy,first,justTargetDataset,1.2838290929794312
ov,68,dummy,second,allDatasets,0.9673944711685181
ov,68,dummy,second,justTargetDataset,0.991520345211029
pdac,68,dummy,first,allDatasets,1.1889923810958862
pdac,68,dummy,first,justTargetDataset,1.1576775312423706
pdac,68,dummy,second,allDatasets,1.112825632095337
pdac,68,dummy,second,justTargetDataset,1.1266183853149414
all,68,dummy,first,allDatasets,1.4915242195129395
all,68,dummy,first,justTargetDataset,1.4915242195129395
all,68,dummy,second,allDatasets,1.3452129364013672
all,68,dummy,second,justTargetDataset,1.3452129364013672
brca,69,dummy,first,allDatasets,2.7132301330566406
brca,69,dummy,first,justTargetDataset,3.0549285411834717
brca,69,dummy,second,allDatasets,1.143051266670227
brca,69,dummy,second,justTargetDataset,1.2653849124908447
ccrcc,69,dummy,first,allDatasets,1.1386134624481201
ccrcc,69,dummy,first,justTargetDataset,1.153733491897583
ccrcc,69,dummy,second,allDatasets,1.6443212032318115
ccrcc,69,dummy,second,justTargetDataset,1.5212589502334595
coad,69,dummy,first,allDatasets,4.263651371002197
coad,69,dummy,first,justTargetDataset,3.9157190322875977
coad,69,dummy,second,allDatasets,1.5800747871398926
coad,69,dummy,second,justTargetDataset,1.5656176805496216
gbm,69,dummy,first,allDatasets,1.1889077425003052
gbm,69,dummy,first,justTargetDataset,1.1642062664031982
gbm,69,dummy,second,allDatasets,1.0945504903793335
gbm,69,dummy,second,justTargetDataset,1.1285356283187866
hnscc,69,dummy,first,allDatasets,1.0764808654785156
hnscc,69,dummy,first,justTargetDataset,1.0811322927474976
hnscc,69,dummy,second,allDatasets,1.0805805921554565
hnscc,69,dummy,second,justTargetDataset,1.0797724723815918
lscc,69,dummy,first,allDatasets,1.093124270439148
lscc,69,dummy,first,justTargetDataset,1.0977184772491455
lscc,69,dummy,second,allDatasets,1.0256352424621582
lscc,69,dummy,second,justTargetDataset,1.0405572652816772
luad,69,dummy,first,allDatasets,1.1490015983581543
luad,69,dummy,first,justTargetDataset,1.1674493551254272
luad,69,dummy,second,allDatasets,1.1674041748046875
luad,69,dummy,second,justTargetDataset,1.1746474504470825
ov,69,dummy,first,allDatasets,1.0877920389175415
ov,69,dummy,first,justTargetDataset,1.124624252319336
ov,69,dummy,second,allDatasets,1.2892842292785645
ov,69,dummy,second,justTargetDataset,1.2758320569992065
pdac,69,dummy,first,allDatasets,1.8964003324508667
pdac,69,dummy,first,justTargetDataset,1.7021591663360596
pdac,69,dummy,second,allDatasets,1.1098939180374146
pdac,69,dummy,second,justTargetDataset,1.1578757762908936
all,69,dummy,first,allDatasets,1.586841106414795
all,69,dummy,first,justTargetDataset,1.586841106414795
all,69,dummy,second,allDatasets,1.2261489629745483
all,69,dummy,second,justTargetDataset,1.2261489629745483
brca,70,dummy,first,allDatasets,1.3315906524658203
brca,70,dummy,first,justTargetDataset,1.3117462396621704
brca,70,dummy,second,allDatasets,0.9301186203956604
brca,70,dummy,second,justTargetDataset,0.977232813835144
ccrcc,70,dummy,first,allDatasets,1.0810956954956055
ccrcc,70,dummy,first,justTargetDataset,1.0915565490722656
ccrcc,70,dummy,second,allDatasets,1.079199194908142
ccrcc,70,dummy,second,justTargetDataset,1.0869137048721313
coad,70,dummy,first,allDatasets,8.441736221313477
coad,70,dummy,first,justTargetDataset,7.81233024597168
coad,70,dummy,second,allDatasets,1.989326000213623
coad,70,dummy,second,justTargetDataset,1.9326504468917847
gbm,70,dummy,first,allDatasets,1.2308285236358643
gbm,70,dummy,first,justTargetDataset,1.2315995693206787
gbm,70,dummy,second,allDatasets,1.0469715595245361
gbm,70,dummy,second,justTargetDataset,1.0762572288513184
hnscc,70,dummy,first,allDatasets,1.2217135429382324
hnscc,70,dummy,first,justTargetDataset,1.2033463716506958
hnscc,70,dummy,second,allDatasets,0.9965395331382751
hnscc,70,dummy,second,justTargetDataset,1.039825439453125
lscc,70,dummy,first,allDatasets,1.0285638570785522
lscc,70,dummy,first,justTargetDataset,1.055809736251831
lscc,70,dummy,second,allDatasets,1.4452598094940186
lscc,70,dummy,second,justTargetDataset,1.6407071352005005
luad,70,dummy,first,allDatasets,1.1547346115112305
luad,70,dummy,first,justTargetDataset,1.1678383350372314
luad,70,dummy,second,allDatasets,2.290311098098755
luad,70,dummy,second,justTargetDataset,2.5442514419555664
ov,70,dummy,first,allDatasets,1.2609541416168213
ov,70,dummy,first,justTargetDataset,1.2856351137161255
ov,70,dummy,second,allDatasets,1.1267905235290527
ov,70,dummy,second,justTargetDataset,1.1658926010131836
pdac,70,dummy,first,allDatasets,2.7686383724212646
pdac,70,dummy,first,justTargetDataset,2.433037281036377
pdac,70,dummy,second,allDatasets,1.4085099697113037
pdac,70,dummy,second,justTargetDataset,1.3543133735656738
all,70,dummy,first,allDatasets,1.87105131149292
all,70,dummy,first,justTargetDataset,1.87105131149292
all,70,dummy,second,allDatasets,1.4161661863327026
all,70,dummy,second,justTargetDataset,1.4161661863327026
brca,71,dummy,first,allDatasets,1.1793622970581055
brca,71,dummy,first,justTargetDataset,1.1668365001678467
brca,71,dummy,second,allDatasets,1.0656719207763672
brca,71,dummy,second,justTargetDataset,1.0668251514434814
ccrcc,71,dummy,first,allDatasets,1.1386781930923462
ccrcc,71,dummy,first,justTargetDataset,1.139135479927063
ccrcc,71,dummy,second,allDatasets,1.0461797714233398
ccrcc,71,dummy,second,justTargetDataset,1.052932620048523
coad,71,dummy,first,allDatasets,5.416220664978027
coad,71,dummy,first,justTargetDataset,5.1014790534973145
coad,71,dummy,second,allDatasets,1.0551819801330566
coad,71,dummy,second,justTargetDataset,1.062462568283081
gbm,71,dummy,first,allDatasets,1.3353419303894043
gbm,71,dummy,first,justTargetDataset,1.2995216846466064
gbm,71,dummy,second,allDatasets,1.0028831958770752
gbm,71,dummy,second,justTargetDataset,1.0693637132644653
hnscc,71,dummy,first,allDatasets,1.0916730165481567
hnscc,71,dummy,first,justTargetDataset,1.1051851511001587
hnscc,71,dummy,second,allDatasets,1.051326036453247
hnscc,71,dummy,second,justTargetDataset,1.0632975101470947
lscc,71,dummy,first,allDatasets,1.302862524986267
lscc,71,dummy,first,justTargetDataset,1.4091272354125977
lscc,71,dummy,second,allDatasets,1.0381207466125488
lscc,71,dummy,second,justTargetDataset,1.079533576965332
luad,71,dummy,first,allDatasets,1.310148000717163
luad,71,dummy,first,justTargetDataset,1.3013910055160522
luad,71,dummy,second,allDatasets,1.228963851928711
luad,71,dummy,second,justTargetDataset,1.2843691110610962
ov,71,dummy,first,allDatasets,1.2547520399093628
ov,71,dummy,first,justTargetDataset,1.30751633644104
ov,71,dummy,second,allDatasets,2.323068380355835
ov,71,dummy,second,justTargetDataset,2.3759913444519043
pdac,71,dummy,first,allDatasets,1.5195547342300415
pdac,71,dummy,first,justTargetDataset,1.5395535230636597
pdac,71,dummy,second,allDatasets,1.679085373878479
pdac,71,dummy,second,justTargetDataset,1.53256356716156
all,71,dummy,first,allDatasets,1.5767087936401367
all,71,dummy,first,justTargetDataset,1.5767087936401367
all,71,dummy,second,allDatasets,1.2178521156311035
all,71,dummy,second,justTargetDataset,1.2178521156311035
brca,72,dummy,first,allDatasets,1.0995489358901978
brca,72,dummy,first,justTargetDataset,1.2142550945281982
brca,72,dummy,second,allDatasets,1.4225099086761475
brca,72,dummy,second,justTargetDataset,1.6237895488739014
ccrcc,72,dummy,first,allDatasets,1.1770416498184204
ccrcc,72,dummy,first,justTargetDataset,1.1551859378814697
ccrcc,72,dummy,second,allDatasets,0.9942469000816345
ccrcc,72,dummy,second,justTargetDataset,1.0158541202545166
coad,72,dummy,first,allDatasets,3.6928725242614746
coad,72,dummy,first,justTargetDataset,3.56721568107605
coad,72,dummy,second,allDatasets,1.3476799726486206
coad,72,dummy,second,justTargetDataset,1.3509953022003174
gbm,72,dummy,first,allDatasets,1.3105367422103882
gbm,72,dummy,first,justTargetDataset,1.2654085159301758
gbm,72,dummy,second,allDatasets,0.9875692129135132
gbm,72,dummy,second,justTargetDataset,1.0113366842269897
hnscc,72,dummy,first,allDatasets,1.1601893901824951
hnscc,72,dummy,first,justTargetDataset,1.1332136392593384
hnscc,72,dummy,second,allDatasets,1.0290615558624268
hnscc,72,dummy,second,justTargetDataset,1.0332485437393188
lscc,72,dummy,first,allDatasets,1.1232481002807617
lscc,72,dummy,first,justTargetDataset,1.1053892374038696
lscc,72,dummy,second,allDatasets,0.9934213757514954
lscc,72,dummy,second,justTargetDataset,1.0246059894561768
luad,72,dummy,first,allDatasets,1.1888346672058105
luad,72,dummy,first,justTargetDataset,1.214827060699463
luad,72,dummy,second,allDatasets,1.5045756101608276
luad,72,dummy,second,justTargetDataset,1.5155055522918701
ov,72,dummy,first,allDatasets,1.055724024772644
ov,72,dummy,first,justTargetDataset,1.0799325704574585
ov,72,dummy,second,allDatasets,2.0439937114715576
ov,72,dummy,second,justTargetDataset,2.1401193141937256
pdac,72,dummy,first,allDatasets,1.1575534343719482
pdac,72,dummy,first,justTargetDataset,1.1431947946548462
pdac,72,dummy,second,allDatasets,1.5113439559936523
pdac,72,dummy,second,justTargetDataset,1.5493048429489136
all,72,dummy,first,allDatasets,1.3531495332717896
all,72,dummy,first,justTargetDataset,1.3531495332717896
all,72,dummy,second,allDatasets,1.2679235935211182
all,72,dummy,second,justTargetDataset,1.2679235935211182
brca,73,dummy,first,allDatasets,0.9494865536689758
brca,73,dummy,first,justTargetDataset,0.9823885560035706
brca,73,dummy,second,allDatasets,1.2819013595581055
brca,73,dummy,second,justTargetDataset,1.2510923147201538
ccrcc,73,dummy,first,allDatasets,1.7301547527313232
ccrcc,73,dummy,first,justTargetDataset,1.591194987297058
ccrcc,73,dummy,second,allDatasets,1.0512157678604126
ccrcc,73,dummy,second,justTargetDataset,1.079471230506897
coad,73,dummy,first,allDatasets,5.979345321655273
coad,73,dummy,first,justTargetDataset,5.688674449920654
coad,73,dummy,second,allDatasets,6.691562175750732
coad,73,dummy,second,justTargetDataset,6.475368976593018
gbm,73,dummy,first,allDatasets,3.882840871810913
gbm,73,dummy,first,justTargetDataset,4.951991081237793
gbm,73,dummy,second,allDatasets,4.1722869873046875
gbm,73,dummy,second,justTargetDataset,4.259437084197998
hnscc,73,dummy,first,allDatasets,1.1633044481277466
hnscc,73,dummy,first,justTargetDataset,1.1649682521820068
hnscc,73,dummy,second,allDatasets,1.056269884109497
hnscc,73,dummy,second,justTargetDataset,1.0685867071151733
lscc,73,dummy,first,allDatasets,1.0357117652893066
lscc,73,dummy,first,justTargetDataset,1.0666108131408691
lscc,73,dummy,second,allDatasets,1.0926023721694946
lscc,73,dummy,second,justTargetDataset,1.1106106042861938
luad,73,dummy,first,allDatasets,1.1693336963653564
luad,73,dummy,first,justTargetDataset,1.186887264251709
luad,73,dummy,second,allDatasets,1.2122833728790283
luad,73,dummy,second,justTargetDataset,1.2025079727172852
ov,73,dummy,first,allDatasets,1.090024709701538
ov,73,dummy,first,justTargetDataset,1.0826729536056519
ov,73,dummy,second,allDatasets,1.201747179031372
ov,73,dummy,second,justTargetDataset,1.1945430040359497
pdac,73,dummy,first,allDatasets,1.0814077854156494
pdac,73,dummy,first,justTargetDataset,1.1261711120605469
pdac,73,dummy,second,allDatasets,1.6012978553771973
pdac,73,dummy,second,justTargetDataset,1.5664398670196533
all,73,dummy,first,allDatasets,1.7730741500854492
all,73,dummy,first,justTargetDataset,1.7730741500854492
all,73,dummy,second,allDatasets,1.8471077680587769
all,73,dummy,second,justTargetDataset,1.8471077680587769
brca,74,dummy,first,allDatasets,1.0986390113830566
brca,74,dummy,first,justTargetDataset,1.0954612493515015
brca,74,dummy,second,allDatasets,1.1173293590545654
brca,74,dummy,second,justTargetDataset,1.1284085512161255
ccrcc,74,dummy,first,allDatasets,0.9975662231445312
ccrcc,74,dummy,first,justTargetDataset,1.0156220197677612
ccrcc,74,dummy,second,allDatasets,1.1629818677902222
ccrcc,74,dummy,second,justTargetDataset,1.1545459032058716
coad,74,dummy,first,allDatasets,2.660170316696167
coad,74,dummy,first,justTargetDataset,2.519826650619507
coad,74,dummy,second,allDatasets,4.885803699493408
coad,74,dummy,second,justTargetDataset,4.557288646697998
gbm,74,dummy,first,allDatasets,1.2735620737075806
gbm,74,dummy,first,justTargetDataset,1.257748007774353
gbm,74,dummy,second,allDatasets,1.042941927909851
gbm,74,dummy,second,justTargetDataset,1.051857829093933
hnscc,74,dummy,first,allDatasets,1.0606492757797241
hnscc,74,dummy,first,justTargetDataset,1.091369390487671
hnscc,74,dummy,second,allDatasets,1.2006292343139648
hnscc,74,dummy,second,justTargetDataset,1.2093758583068848
lscc,74,dummy,first,allDatasets,1.1758086681365967
lscc,74,dummy,first,justTargetDataset,1.1549266576766968
lscc,74,dummy,second,allDatasets,0.9982322454452515
lscc,74,dummy,second,justTargetDataset,1.0518467426300049
luad,74,dummy,first,allDatasets,0.975309431552887
luad,74,dummy,first,justTargetDataset,1.0334482192993164
luad,74,dummy,second,allDatasets,1.2962764501571655
luad,74,dummy,second,justTargetDataset,1.2977380752563477
ov,74,dummy,first,allDatasets,1.2117698192596436
ov,74,dummy,first,justTargetDataset,1.2085816860198975
ov,74,dummy,second,allDatasets,1.0995159149169922
ov,74,dummy,second,justTargetDataset,1.1011325120925903
pdac,74,dummy,first,allDatasets,2.6153719425201416
pdac,74,dummy,first,justTargetDataset,2.280059814453125
pdac,74,dummy,second,allDatasets,2.5200135707855225
pdac,74,dummy,second,justTargetDataset,2.2931132316589355
all,74,dummy,first,allDatasets,1.3571408987045288
all,74,dummy,first,justTargetDataset,1.3571408987045288
all,74,dummy,second,allDatasets,1.5613702535629272
all,74,dummy,second,justTargetDataset,1.5613702535629272
brca,75,dummy,first,allDatasets,1.0216797590255737
brca,75,dummy,first,justTargetDataset,1.0226324796676636
brca,75,dummy,second,allDatasets,1.1949398517608643
brca,75,dummy,second,justTargetDataset,1.1797128915786743
ccrcc,75,dummy,first,allDatasets,1.0090669393539429
ccrcc,75,dummy,first,justTargetDataset,1.0319428443908691
ccrcc,75,dummy,second,allDatasets,1.1456849575042725
ccrcc,75,dummy,second,justTargetDataset,1.1461336612701416
coad,75,dummy,first,allDatasets,5.095914363861084
coad,75,dummy,first,justTargetDataset,4.705489635467529
coad,75,dummy,second,allDatasets,2.5653843879699707
coad,75,dummy,second,justTargetDataset,2.488907814025879
gbm,75,dummy,first,allDatasets,1.3428237438201904
gbm,75,dummy,first,justTargetDataset,1.3151516914367676
gbm,75,dummy,second,allDatasets,0.9489596486091614
gbm,75,dummy,second,justTargetDataset,0.984264075756073
hnscc,75,dummy,first,allDatasets,1.1642115116119385
hnscc,75,dummy,first,justTargetDataset,1.1339036226272583
hnscc,75,dummy,second,allDatasets,1.004282832145691
hnscc,75,dummy,second,justTargetDataset,1.0328861474990845
lscc,75,dummy,first,allDatasets,1.0668771266937256
lscc,75,dummy,first,justTargetDataset,1.0921235084533691
lscc,75,dummy,second,allDatasets,1.0635384321212769
lscc,75,dummy,second,justTargetDataset,1.0646635293960571
luad,75,dummy,first,allDatasets,1.1941407918930054
luad,75,dummy,first,justTargetDataset,1.2092305421829224
luad,75,dummy,second,allDatasets,1.0429840087890625
luad,75,dummy,second,justTargetDataset,1.0853627920150757
ov,75,dummy,first,allDatasets,1.1214838027954102
ov,75,dummy,first,justTargetDataset,1.1676409244537354
ov,75,dummy,second,allDatasets,2.0616562366485596
ov,75,dummy,second,justTargetDataset,2.239912986755371
pdac,75,dummy,first,allDatasets,2.2903354167938232
pdac,75,dummy,first,justTargetDataset,2.045515537261963
pdac,75,dummy,second,allDatasets,1.0555803775787354
pdac,75,dummy,second,justTargetDataset,1.0716979503631592
all,75,dummy,first,allDatasets,1.53643000125885
all,75,dummy,first,justTargetDataset,1.53643000125885
all,75,dummy,second,allDatasets,1.2463252544403076
all,75,dummy,second,justTargetDataset,1.2463252544403076
brca,76,dummy,first,allDatasets,1.4901992082595825
brca,76,dummy,first,justTargetDataset,1.5503044128417969
brca,76,dummy,second,allDatasets,0.9205833077430725
brca,76,dummy,second,justTargetDataset,0.965212881565094
ccrcc,76,dummy,first,allDatasets,0.9730867147445679
ccrcc,76,dummy,first,justTargetDataset,1.0081580877304077
ccrcc,76,dummy,second,allDatasets,1.6620603799819946
ccrcc,76,dummy,second,justTargetDataset,1.6258552074432373
coad,76,dummy,first,allDatasets,8.161134719848633
coad,76,dummy,first,justTargetDataset,7.478257179260254
coad,76,dummy,second,allDatasets,3.9241085052490234
coad,76,dummy,second,justTargetDataset,3.7460975646972656
gbm,76,dummy,first,allDatasets,1.2320904731750488
gbm,76,dummy,first,justTargetDataset,1.2461128234863281
gbm,76,dummy,second,allDatasets,1.1043998003005981
gbm,76,dummy,second,justTargetDataset,1.1058048009872437
hnscc,76,dummy,first,allDatasets,1.0566744804382324
hnscc,76,dummy,first,justTargetDataset,1.0736180543899536
hnscc,76,dummy,second,allDatasets,1.1189343929290771
hnscc,76,dummy,second,justTargetDataset,1.105215072631836
lscc,76,dummy,first,allDatasets,0.8977648615837097
lscc,76,dummy,first,justTargetDataset,0.9576976299285889
lscc,76,dummy,second,allDatasets,1.3021636009216309
lscc,76,dummy,second,justTargetDataset,1.2371573448181152
luad,76,dummy,first,allDatasets,1.0512529611587524
luad,76,dummy,first,justTargetDataset,1.0769705772399902
luad,76,dummy,second,allDatasets,1.220619559288025
luad,76,dummy,second,justTargetDataset,1.194588303565979
ov,76,dummy,first,allDatasets,1.1497950553894043
ov,76,dummy,first,justTargetDataset,1.1690179109573364
ov,76,dummy,second,allDatasets,1.2169861793518066
ov,76,dummy,second,justTargetDataset,1.2229760885238647
pdac,76,dummy,first,allDatasets,2.3650450706481934
pdac,76,dummy,first,justTargetDataset,2.254862070083618
pdac,76,dummy,second,allDatasets,4.726943016052246
pdac,76,dummy,second,justTargetDataset,3.908048391342163
all,76,dummy,first,allDatasets,1.7457451820373535
all,76,dummy,first,justTargetDataset,1.7457451820373535
all,76,dummy,second,allDatasets,1.7890689373016357
all,76,dummy,second,justTargetDataset,1.7890689373016357
brca,77,dummy,first,allDatasets,1.4937641620635986
brca,77,dummy,first,justTargetDataset,1.5397617816925049
brca,77,dummy,second,allDatasets,0.9919015169143677
brca,77,dummy,second,justTargetDataset,1.0550742149353027
ccrcc,77,dummy,first,allDatasets,1.1343146562576294
ccrcc,77,dummy,first,justTargetDataset,1.1453611850738525
ccrcc,77,dummy,second,allDatasets,1.9896904230117798
ccrcc,77,dummy,second,justTargetDataset,1.7660045623779297
coad,77,dummy,first,allDatasets,2.0061538219451904
coad,77,dummy,first,justTargetDataset,1.9331799745559692
coad,77,dummy,second,allDatasets,2.623649835586548
coad,77,dummy,second,justTargetDataset,2.554002285003662
gbm,77,dummy,first,allDatasets,1.3613406419754028
gbm,77,dummy,first,justTargetDataset,1.3577529191970825
gbm,77,dummy,second,allDatasets,0.9772117137908936
gbm,77,dummy,second,justTargetDataset,1.003309965133667
hnscc,77,dummy,first,allDatasets,1.0596050024032593
hnscc,77,dummy,first,justTargetDataset,1.0690433979034424
hnscc,77,dummy,second,allDatasets,2.610827684402466
hnscc,77,dummy,second,justTargetDataset,2.316372871398926
lscc,77,dummy,first,allDatasets,0.9714845418930054
lscc,77,dummy,first,justTargetDataset,1.002199411392212
lscc,77,dummy,second,allDatasets,1.2229785919189453
lscc,77,dummy,second,justTargetDataset,1.1940784454345703
luad,77,dummy,first,allDatasets,1.2369723320007324
luad,77,dummy,first,justTargetDataset,1.2087275981903076
luad,77,dummy,second,allDatasets,1.0740331411361694
luad,77,dummy,second,justTargetDataset,1.0975114107131958
ov,77,dummy,first,allDatasets,3.8441884517669678
ov,77,dummy,first,justTargetDataset,3.6644413471221924
ov,77,dummy,second,allDatasets,1.265924096107483
ov,77,dummy,second,justTargetDataset,1.3372042179107666
pdac,77,dummy,first,allDatasets,1.5038982629776
pdac,77,dummy,first,justTargetDataset,1.5805246829986572
pdac,77,dummy,second,allDatasets,1.377751350402832
pdac,77,dummy,second,justTargetDataset,1.3292814493179321
all,77,dummy,first,allDatasets,1.4474350214004517
all,77,dummy,first,justTargetDataset,1.4474350214004517
all,77,dummy,second,allDatasets,1.5590819120407104
all,77,dummy,second,justTargetDataset,1.5590819120407104
brca,78,dummy,first,allDatasets,0.9280723929405212
brca,78,dummy,first,justTargetDataset,0.97020423412323
brca,78,dummy,second,allDatasets,1.325768232345581
brca,78,dummy,second,justTargetDataset,1.284766674041748
ccrcc,78,dummy,first,allDatasets,1.045883059501648
ccrcc,78,dummy,first,justTargetDataset,1.0637197494506836
ccrcc,78,dummy,second,allDatasets,1.227978229522705
ccrcc,78,dummy,second,justTargetDataset,1.1895716190338135
coad,78,dummy,first,allDatasets,2.351609945297241
coad,78,dummy,first,justTargetDataset,2.357788562774658
coad,78,dummy,second,allDatasets,2.2686588764190674
coad,78,dummy,second,justTargetDataset,2.210355043411255
gbm,78,dummy,first,allDatasets,1.1054407358169556
gbm,78,dummy,first,justTargetDataset,1.1105674505233765
gbm,78,dummy,second,allDatasets,1.1136564016342163
gbm,78,dummy,second,justTargetDataset,1.1256333589553833
hnscc,78,dummy,first,allDatasets,1.237090826034546
hnscc,78,dummy,first,justTargetDataset,1.3216731548309326
hnscc,78,dummy,second,allDatasets,1.0766546726226807
hnscc,78,dummy,second,justTargetDataset,1.0909311771392822
lscc,78,dummy,first,allDatasets,1.1103706359863281
lscc,78,dummy,first,justTargetDataset,1.1193352937698364
lscc,78,dummy,second,allDatasets,1.0369760990142822
lscc,78,dummy,second,justTargetDataset,1.047730803489685
luad,78,dummy,first,allDatasets,1.1752474308013916
luad,78,dummy,first,justTargetDataset,1.1731147766113281
luad,78,dummy,second,allDatasets,1.1035821437835693
luad,78,dummy,second,justTargetDataset,1.1163601875305176
ov,78,dummy,first,allDatasets,1.1387462615966797
ov,78,dummy,first,justTargetDataset,1.1414865255355835
ov,78,dummy,second,allDatasets,1.1520156860351562
ov,78,dummy,second,justTargetDataset,1.132287621498108
pdac,78,dummy,first,allDatasets,1.8499664068222046
pdac,78,dummy,first,justTargetDataset,1.662320613861084
pdac,78,dummy,second,allDatasets,1.453826665878296
pdac,78,dummy,second,justTargetDataset,1.4577916860580444
all,78,dummy,first,allDatasets,1.2767034769058228
all,78,dummy,first,justTargetDataset,1.2767034769058228
all,78,dummy,second,allDatasets,1.2551807165145874
all,78,dummy,second,justTargetDataset,1.2551807165145874
brca,79,dummy,first,allDatasets,1.0893653631210327
brca,79,dummy,first,justTargetDataset,1.0981348752975464
brca,79,dummy,second,allDatasets,1.1442114114761353
brca,79,dummy,second,justTargetDataset,1.1558046340942383
ccrcc,79,dummy,first,allDatasets,1.1195440292358398
ccrcc,79,dummy,first,justTargetDataset,1.1156649589538574
ccrcc,79,dummy,second,allDatasets,1.037742018699646
ccrcc,79,dummy,second,justTargetDataset,1.0489530563354492
coad,79,dummy,first,allDatasets,5.459452152252197
coad,79,dummy,first,justTargetDataset,5.1081156730651855
coad,79,dummy,second,allDatasets,1.6528639793395996
coad,79,dummy,second,justTargetDataset,1.6317204236984253
gbm,79,dummy,first,allDatasets,1.2541799545288086
gbm,79,dummy,first,justTargetDataset,1.255810260772705
gbm,79,dummy,second,allDatasets,1.0687689781188965
gbm,79,dummy,second,justTargetDataset,1.0730525255203247
hnscc,79,dummy,first,allDatasets,1.160715103149414
hnscc,79,dummy,first,justTargetDataset,1.156036376953125
hnscc,79,dummy,second,allDatasets,1.0395749807357788
hnscc,79,dummy,second,justTargetDataset,1.0580857992172241
lscc,79,dummy,first,allDatasets,0.9116221070289612
lscc,79,dummy,first,justTargetDataset,0.9574492573738098
lscc,79,dummy,second,allDatasets,1.2551764249801636
lscc,79,dummy,second,justTargetDataset,1.2136934995651245
luad,79,dummy,first,allDatasets,1.1574127674102783
luad,79,dummy,first,justTargetDataset,1.155825138092041
luad,79,dummy,second,allDatasets,1.0812209844589233
luad,79,dummy,second,justTargetDataset,1.1291077136993408
ov,79,dummy,first,allDatasets,1.0573737621307373
ov,79,dummy,first,justTargetDataset,1.0728793144226074
ov,79,dummy,second,allDatasets,1.301367163658142
ov,79,dummy,second,justTargetDataset,1.2901588678359985
pdac,79,dummy,first,allDatasets,1.5498913526535034
pdac,79,dummy,first,justTargetDataset,1.4297102689743042
pdac,79,dummy,second,allDatasets,1.0920454263687134
pdac,79,dummy,second,justTargetDataset,1.2005590200424194
all,79,dummy,first,allDatasets,1.4725089073181152
all,79,dummy,first,justTargetDataset,1.4725089073181152
all,79,dummy,second,allDatasets,1.162032127380371
all,79,dummy,second,justTargetDataset,1.162032127380371
brca,80,dummy,first,allDatasets,1.2690602540969849
brca,80,dummy,first,justTargetDataset,1.2422492504119873
brca,80,dummy,second,allDatasets,0.9906875491142273
brca,80,dummy,second,justTargetDataset,1.0483973026275635
ccrcc,80,dummy,first,allDatasets,1.1346380710601807
ccrcc,80,dummy,first,justTargetDataset,1.1198288202285767
ccrcc,80,dummy,second,allDatasets,1.0237088203430176
ccrcc,80,dummy,second,justTargetDataset,1.0286331176757812
coad,80,dummy,first,allDatasets,1.034094214439392
coad,80,dummy,first,justTargetDataset,1.0386170148849487
coad,80,dummy,second,allDatasets,4.369547367095947
coad,80,dummy,second,justTargetDataset,4.038624286651611
gbm,80,dummy,first,allDatasets,1.1683001518249512
gbm,80,dummy,first,justTargetDataset,1.2211250066757202
gbm,80,dummy,second,allDatasets,1.1322758197784424
gbm,80,dummy,second,justTargetDataset,1.167298436164856
hnscc,80,dummy,first,allDatasets,1.0085240602493286
hnscc,80,dummy,first,justTargetDataset,1.0384365320205688
hnscc,80,dummy,second,allDatasets,1.1789324283599854
hnscc,80,dummy,second,justTargetDataset,1.1560455560684204
lscc,80,dummy,first,allDatasets,1.0660529136657715
lscc,80,dummy,first,justTargetDataset,1.0702921152114868
lscc,80,dummy,second,allDatasets,1.0894966125488281
lscc,80,dummy,second,justTargetDataset,1.0983277559280396
luad,80,dummy,first,allDatasets,1.2285231351852417
luad,80,dummy,first,justTargetDataset,1.2030258178710938
luad,80,dummy,second,allDatasets,1.0444329977035522
luad,80,dummy,second,justTargetDataset,1.07472825050354
ov,80,dummy,first,allDatasets,1.0631543397903442
ov,80,dummy,first,justTargetDataset,1.135562539100647
ov,80,dummy,second,allDatasets,1.3372312784194946
ov,80,dummy,second,justTargetDataset,1.2957367897033691
pdac,80,dummy,first,allDatasets,1.5167359113693237
pdac,80,dummy,first,justTargetDataset,1.5127888917922974
pdac,80,dummy,second,allDatasets,2.383415699005127
pdac,80,dummy,second,justTargetDataset,2.165076732635498
all,80,dummy,first,allDatasets,1.1633580923080444
all,80,dummy,first,justTargetDataset,1.1633580923080444
all,80,dummy,second,allDatasets,1.4695812463760376
all,80,dummy,second,justTargetDataset,1.4695812463760376
brca,81,dummy,first,allDatasets,1.2753117084503174
brca,81,dummy,first,justTargetDataset,1.2581617832183838
brca,81,dummy,second,allDatasets,1.2660622596740723
brca,81,dummy,second,justTargetDataset,1.414856195449829
ccrcc,81,dummy,first,allDatasets,1.0014092922210693
ccrcc,81,dummy,first,justTargetDataset,1.0232839584350586
ccrcc,81,dummy,second,allDatasets,1.1406809091567993
ccrcc,81,dummy,second,justTargetDataset,1.127786636352539
coad,81,dummy,first,allDatasets,3.2921836376190186
coad,81,dummy,first,justTargetDataset,3.088052749633789
coad,81,dummy,second,allDatasets,1.5508599281311035
coad,81,dummy,second,justTargetDataset,1.4988815784454346
gbm,81,dummy,first,allDatasets,1.2393250465393066
gbm,81,dummy,first,justTargetDataset,1.2171458005905151
gbm,81,dummy,second,allDatasets,1.0911099910736084
gbm,81,dummy,second,justTargetDataset,1.1349163055419922
hnscc,81,dummy,first,allDatasets,1.0718390941619873
hnscc,81,dummy,first,justTargetDataset,1.0719447135925293
hnscc,81,dummy,second,allDatasets,1.1203880310058594
hnscc,81,dummy,second,justTargetDataset,1.1387853622436523
lscc,81,dummy,first,allDatasets,1.1574060916900635
lscc,81,dummy,first,justTargetDataset,1.1578291654586792
lscc,81,dummy,second,allDatasets,0.9979413747787476
lscc,81,dummy,second,justTargetDataset,1.0659111738204956
luad,81,dummy,first,allDatasets,1.452309250831604
luad,81,dummy,first,justTargetDataset,1.5470904111862183
luad,81,dummy,second,allDatasets,1.3335012197494507
luad,81,dummy,second,justTargetDataset,1.4409995079040527
ov,81,dummy,first,allDatasets,1.3196982145309448
ov,81,dummy,first,justTargetDataset,1.3342078924179077
ov,81,dummy,second,allDatasets,1.0787807703018188
ov,81,dummy,second,justTargetDataset,1.1198652982711792
pdac,81,dummy,first,allDatasets,2.3067026138305664
pdac,81,dummy,first,justTargetDataset,2.0883655548095703
pdac,81,dummy,second,allDatasets,1.8046029806137085
pdac,81,dummy,second,justTargetDataset,1.635509967803955
all,81,dummy,first,allDatasets,1.4744213819503784
all,81,dummy,first,justTargetDataset,1.4744213819503784
all,81,dummy,second,allDatasets,1.2468057870864868
all,81,dummy,second,justTargetDataset,1.2468057870864868
brca,82,dummy,first,allDatasets,1.022702693939209
brca,82,dummy,first,justTargetDataset,1.1269646883010864
brca,82,dummy,second,allDatasets,1.2642828226089478
brca,82,dummy,second,justTargetDataset,1.2494949102401733
ccrcc,82,dummy,first,allDatasets,1.0189671516418457
ccrcc,82,dummy,first,justTargetDataset,1.0463670492172241
ccrcc,82,dummy,second,allDatasets,1.126361608505249
ccrcc,82,dummy,second,justTargetDataset,1.1333731412887573
coad,82,dummy,first,allDatasets,4.59103536605835
coad,82,dummy,first,justTargetDataset,4.403192043304443
coad,82,dummy,second,allDatasets,2.7446470260620117
coad,82,dummy,second,justTargetDataset,2.7057077884674072
gbm,82,dummy,first,allDatasets,1.170798659324646
gbm,82,dummy,first,justTargetDataset,1.180606722831726
gbm,82,dummy,second,allDatasets,1.1178869009017944
gbm,82,dummy,second,justTargetDataset,1.1264843940734863
hnscc,82,dummy,first,allDatasets,1.120550513267517
hnscc,82,dummy,first,justTargetDataset,1.146304726600647
hnscc,82,dummy,second,allDatasets,1.1162821054458618
hnscc,82,dummy,second,justTargetDataset,1.1145554780960083
lscc,82,dummy,first,allDatasets,1.097589373588562
lscc,82,dummy,first,justTargetDataset,1.0980422496795654
lscc,82,dummy,second,allDatasets,1.0307807922363281
lscc,82,dummy,second,justTargetDataset,1.046615481376648
luad,82,dummy,first,allDatasets,1.2708684206008911
luad,82,dummy,first,justTargetDataset,1.2682336568832397
luad,82,dummy,second,allDatasets,0.9885218739509583
luad,82,dummy,second,justTargetDataset,1.0503387451171875
ov,82,dummy,first,allDatasets,1.026049017906189
ov,82,dummy,first,justTargetDataset,1.046643614768982
ov,82,dummy,second,allDatasets,1.3271942138671875
ov,82,dummy,second,justTargetDataset,1.2972371578216553
pdac,82,dummy,first,allDatasets,2.795215606689453
pdac,82,dummy,first,justTargetDataset,2.412491798400879
pdac,82,dummy,second,allDatasets,1.2379169464111328
pdac,82,dummy,second,justTargetDataset,1.2466917037963867
all,82,dummy,first,allDatasets,1.5400347709655762
all,82,dummy,first,justTargetDataset,1.5400347709655762
all,82,dummy,second,allDatasets,1.2472139596939087
all,82,dummy,second,justTargetDataset,1.2472139596939087
brca,83,dummy,first,allDatasets,1.1581259965896606
brca,83,dummy,first,justTargetDataset,1.1580636501312256
brca,83,dummy,second,allDatasets,1.0435867309570312
brca,83,dummy,second,justTargetDataset,1.057607650756836
ccrcc,83,dummy,first,allDatasets,1.1929776668548584
ccrcc,83,dummy,first,justTargetDataset,1.161159634590149
ccrcc,83,dummy,second,allDatasets,1.0498857498168945
ccrcc,83,dummy,second,justTargetDataset,1.080186128616333
coad,83,dummy,first,allDatasets,2.3571221828460693
coad,83,dummy,first,justTargetDataset,2.288905382156372
coad,83,dummy,second,allDatasets,3.120009422302246
coad,83,dummy,second,justTargetDataset,3.132564067840576
gbm,83,dummy,first,allDatasets,1.1273528337478638
gbm,83,dummy,first,justTargetDataset,1.1857725381851196
gbm,83,dummy,second,allDatasets,1.2759028673171997
gbm,83,dummy,second,justTargetDataset,1.2887401580810547
hnscc,83,dummy,first,allDatasets,1.0827938318252563
hnscc,83,dummy,first,justTargetDataset,1.0904757976531982
hnscc,83,dummy,second,allDatasets,1.065944790840149
hnscc,83,dummy,second,justTargetDataset,1.0725562572479248
lscc,83,dummy,first,allDatasets,0.8942561745643616
lscc,83,dummy,first,justTargetDataset,0.9476757645606995
lscc,83,dummy,second,allDatasets,1.2935802936553955
lscc,83,dummy,second,justTargetDataset,1.2427468299865723
luad,83,dummy,first,allDatasets,1.1375387907028198
luad,83,dummy,first,justTargetDataset,1.1282566785812378
luad,83,dummy,second,allDatasets,1.2047075033187866
luad,83,dummy,second,justTargetDataset,1.230302333831787
ov,83,dummy,first,allDatasets,1.1088767051696777
ov,83,dummy,first,justTargetDataset,1.1164127588272095
ov,83,dummy,second,allDatasets,2.9863665103912354
ov,83,dummy,second,justTargetDataset,3.1812427043914795
pdac,83,dummy,first,allDatasets,1.8295975923538208
pdac,83,dummy,first,justTargetDataset,1.6377155780792236
pdac,83,dummy,second,allDatasets,1.7607324123382568
pdac,83,dummy,second,justTargetDataset,1.7877012491226196
all,83,dummy,first,allDatasets,1.257662057876587
all,83,dummy,first,justTargetDataset,1.257662057876587
all,83,dummy,second,allDatasets,1.4851049184799194
all,83,dummy,second,justTargetDataset,1.4851049184799194
brca,84,dummy,first,allDatasets,1.1195369958877563
brca,84,dummy,first,justTargetDataset,1.1261472702026367
brca,84,dummy,second,allDatasets,1.1362690925598145
brca,84,dummy,second,justTargetDataset,1.1693828105926514
ccrcc,84,dummy,first,allDatasets,1.1332781314849854
ccrcc,84,dummy,first,justTargetDataset,1.125991702079773
ccrcc,84,dummy,second,allDatasets,2.0411746501922607
ccrcc,84,dummy,second,justTargetDataset,2.188660144805908
coad,84,dummy,first,allDatasets,5.661273956298828
coad,84,dummy,first,justTargetDataset,5.379152297973633
coad,84,dummy,second,allDatasets,1.0733646154403687
coad,84,dummy,second,justTargetDataset,1.076279878616333
gbm,84,dummy,first,allDatasets,1.1160542964935303
gbm,84,dummy,first,justTargetDataset,1.1686925888061523
gbm,84,dummy,second,allDatasets,1.134995460510254
gbm,84,dummy,second,justTargetDataset,1.1309338808059692
hnscc,84,dummy,first,allDatasets,1.0265424251556396
hnscc,84,dummy,first,justTargetDataset,1.052139163017273
hnscc,84,dummy,second,allDatasets,2.7786338329315186
hnscc,84,dummy,second,justTargetDataset,2.5677578449249268
lscc,84,dummy,first,allDatasets,1.0482325553894043
lscc,84,dummy,first,justTargetDataset,1.065242052078247
lscc,84,dummy,second,allDatasets,1.1135977506637573
lscc,84,dummy,second,justTargetDataset,1.0993348360061646
luad,84,dummy,first,allDatasets,1.2034071683883667
luad,84,dummy,first,justTargetDataset,1.2256097793579102
luad,84,dummy,second,allDatasets,1.104400396347046
luad,84,dummy,second,justTargetDataset,1.172236442565918
ov,84,dummy,first,allDatasets,1.1493264436721802
ov,84,dummy,first,justTargetDataset,1.137668251991272
ov,84,dummy,second,allDatasets,1.1341347694396973
ov,84,dummy,second,justTargetDataset,1.1252180337905884
pdac,84,dummy,first,allDatasets,5.259782791137695
pdac,84,dummy,first,justTargetDataset,4.343374729156494
pdac,84,dummy,second,allDatasets,2.407888889312744
pdac,84,dummy,second,justTargetDataset,2.361844778060913
all,84,dummy,first,allDatasets,1.8554548025131226
all,84,dummy,first,justTargetDataset,1.8554548025131226
all,84,dummy,second,allDatasets,1.5725102424621582
all,84,dummy,second,justTargetDataset,1.5725102424621582
brca,85,dummy,first,allDatasets,1.1904808282852173
brca,85,dummy,first,justTargetDataset,1.1724344491958618
brca,85,dummy,second,allDatasets,1.0225956439971924
brca,85,dummy,second,justTargetDataset,1.045045018196106
ccrcc,85,dummy,first,allDatasets,1.1490312814712524
ccrcc,85,dummy,first,justTargetDataset,1.13886559009552
ccrcc,85,dummy,second,allDatasets,1.7547422647476196
ccrcc,85,dummy,second,justTargetDataset,1.7253795862197876
coad,85,dummy,first,allDatasets,1.8359699249267578
coad,85,dummy,first,justTargetDataset,1.8196141719818115
coad,85,dummy,second,allDatasets,1.0635607242584229
coad,85,dummy,second,justTargetDataset,1.0672276020050049
gbm,85,dummy,first,allDatasets,1.1356329917907715
gbm,85,dummy,first,justTargetDataset,1.1744434833526611
gbm,85,dummy,second,allDatasets,1.169081449508667
gbm,85,dummy,second,justTargetDataset,1.1625217199325562
hnscc,85,dummy,first,allDatasets,2.550938129425049
hnscc,85,dummy,first,justTargetDataset,2.431870222091675
hnscc,85,dummy,second,allDatasets,1.2409762144088745
hnscc,85,dummy,second,justTargetDataset,1.2916288375854492
lscc,85,dummy,first,allDatasets,1.0968202352523804
lscc,85,dummy,first,justTargetDataset,1.0885896682739258
lscc,85,dummy,second,allDatasets,1.0444875955581665
lscc,85,dummy,second,justTargetDataset,1.0626723766326904
luad,85,dummy,first,allDatasets,1.0225532054901123
luad,85,dummy,first,justTargetDataset,1.0500531196594238
luad,85,dummy,second,allDatasets,1.2531495094299316
luad,85,dummy,second,justTargetDataset,1.2263803482055664
ov,85,dummy,first,allDatasets,1.079021692276001
ov,85,dummy,first,justTargetDataset,1.107711672782898
ov,85,dummy,second,allDatasets,1.3500638008117676
ov,85,dummy,second,justTargetDataset,1.321031093597412
pdac,85,dummy,first,allDatasets,1.347948670387268
pdac,85,dummy,first,justTargetDataset,1.3790302276611328
pdac,85,dummy,second,allDatasets,1.6323364973068237
pdac,85,dummy,second,justTargetDataset,1.545068383216858
all,85,dummy,first,allDatasets,1.3606114387512207
all,85,dummy,first,justTargetDataset,1.3606114387512207
all,85,dummy,second,allDatasets,1.2873178720474243
all,85,dummy,second,justTargetDataset,1.2873178720474243
brca,86,dummy,first,allDatasets,1.1339033842086792
brca,86,dummy,first,justTargetDataset,1.1253944635391235
brca,86,dummy,second,allDatasets,1.0776160955429077
brca,86,dummy,second,justTargetDataset,1.0778640508651733
ccrcc,86,dummy,first,allDatasets,1.1946971416473389
ccrcc,86,dummy,first,justTargetDataset,1.1790271997451782
ccrcc,86,dummy,second,allDatasets,0.9958826899528503
ccrcc,86,dummy,second,justTargetDataset,1.029363989830017
coad,86,dummy,first,allDatasets,2.9540722370147705
coad,86,dummy,first,justTargetDataset,3.0028698444366455
coad,86,dummy,second,allDatasets,4.188794136047363
coad,86,dummy,second,justTargetDataset,3.8348286151885986
gbm,86,dummy,first,allDatasets,0.9227706789970398
gbm,86,dummy,first,justTargetDataset,0.9699304103851318
gbm,86,dummy,second,allDatasets,1.3961055278778076
gbm,86,dummy,second,justTargetDataset,1.3283873796463013
hnscc,86,dummy,first,allDatasets,1.1093734502792358
hnscc,86,dummy,first,justTargetDataset,1.0998938083648682
hnscc,86,dummy,second,allDatasets,1.0529323816299438
hnscc,86,dummy,second,justTargetDataset,1.052377700805664
lscc,86,dummy,first,allDatasets,0.9190479516983032
lscc,86,dummy,first,justTargetDataset,0.9782177805900574
lscc,86,dummy,second,allDatasets,1.2154227495193481
lscc,86,dummy,second,justTargetDataset,1.18333101272583
luad,86,dummy,first,allDatasets,1.1779553890228271
luad,86,dummy,first,justTargetDataset,1.2134214639663696
luad,86,dummy,second,allDatasets,1.2500417232513428
luad,86,dummy,second,justTargetDataset,1.2969496250152588
ov,86,dummy,first,allDatasets,1.1183795928955078
ov,86,dummy,first,justTargetDataset,1.1362773180007935
ov,86,dummy,second,allDatasets,1.2063499689102173
ov,86,dummy,second,justTargetDataset,1.1974810361862183
pdac,86,dummy,first,allDatasets,1.5695624351501465
pdac,86,dummy,first,justTargetDataset,1.5355933904647827
pdac,86,dummy,second,allDatasets,2.099172353744507
pdac,86,dummy,second,justTargetDataset,1.8977241516113281
all,86,dummy,first,allDatasets,1.2743858098983765
all,86,dummy,first,justTargetDataset,1.2743858098983765
all,86,dummy,second,allDatasets,1.4839483499526978
all,86,dummy,second,justTargetDataset,1.4839483499526978
brca,87,dummy,first,allDatasets,1.0196382999420166
brca,87,dummy,first,justTargetDataset,1.0264259576797485
brca,87,dummy,second,allDatasets,1.2266223430633545
brca,87,dummy,second,justTargetDataset,1.2026095390319824
ccrcc,87,dummy,first,allDatasets,1.8645298480987549
ccrcc,87,dummy,first,justTargetDataset,1.802656650543213
ccrcc,87,dummy,second,allDatasets,1.2307325601577759
ccrcc,87,dummy,second,justTargetDataset,1.2333494424819946
coad,87,dummy,first,allDatasets,1.8653701543807983
coad,87,dummy,first,justTargetDataset,1.8550623655319214
coad,87,dummy,second,allDatasets,1.196932077407837
coad,87,dummy,second,justTargetDataset,1.2034868001937866
gbm,87,dummy,first,allDatasets,1.1830235719680786
gbm,87,dummy,first,justTargetDataset,1.1889046430587769
gbm,87,dummy,second,allDatasets,1.1550146341323853
gbm,87,dummy,second,justTargetDataset,1.1688443422317505
hnscc,87,dummy,first,allDatasets,1.2141765356063843
hnscc,87,dummy,first,justTargetDataset,1.186397910118103
hnscc,87,dummy,second,allDatasets,0.9693125486373901
hnscc,87,dummy,second,justTargetDataset,0.9954697489738464
lscc,87,dummy,first,allDatasets,1.010191559791565
lscc,87,dummy,first,justTargetDataset,1.031134843826294
lscc,87,dummy,second,allDatasets,1.1160361766815186
lscc,87,dummy,second,justTargetDataset,1.1212222576141357
luad,87,dummy,first,allDatasets,1.0306044816970825
luad,87,dummy,first,justTargetDataset,1.0491948127746582
luad,87,dummy,second,allDatasets,1.5394577980041504
luad,87,dummy,second,justTargetDataset,1.489210844039917
ov,87,dummy,first,allDatasets,1.1272424459457397
ov,87,dummy,first,justTargetDataset,1.1468826532363892
ov,87,dummy,second,allDatasets,1.2213022708892822
ov,87,dummy,second,justTargetDataset,1.2516729831695557
pdac,87,dummy,first,allDatasets,1.3619446754455566
pdac,87,dummy,first,justTargetDataset,1.371002435684204
pdac,87,dummy,second,allDatasets,1.5907948017120361
pdac,87,dummy,second,justTargetDataset,1.4578112363815308
all,87,dummy,first,allDatasets,1.2789560556411743
all,87,dummy,first,justTargetDataset,1.2789560556411743
all,87,dummy,second,allDatasets,1.2564858198165894
all,87,dummy,second,justTargetDataset,1.2564858198165894
brca,88,dummy,first,allDatasets,0.9994513392448425
brca,88,dummy,first,justTargetDataset,1.0173344612121582
brca,88,dummy,second,allDatasets,1.2590383291244507
brca,88,dummy,second,justTargetDataset,1.2525213956832886
ccrcc,88,dummy,first,allDatasets,1.063936471939087
ccrcc,88,dummy,first,justTargetDataset,1.0668443441390991
ccrcc,88,dummy,second,allDatasets,1.0684702396392822
ccrcc,88,dummy,second,justTargetDataset,1.068833827972412
coad,88,dummy,first,allDatasets,2.9862782955169678
coad,88,dummy,first,justTargetDataset,3.0092520713806152
coad,88,dummy,second,allDatasets,1.164471983909607
coad,88,dummy,second,justTargetDataset,1.1684495210647583
gbm,88,dummy,first,allDatasets,1.1228575706481934
gbm,88,dummy,first,justTargetDataset,1.1478725671768188
gbm,88,dummy,second,allDatasets,1.1066925525665283
gbm,88,dummy,second,justTargetDataset,1.1082568168640137
hnscc,88,dummy,first,allDatasets,1.0292288064956665
hnscc,88,dummy,first,justTargetDataset,1.0492444038391113
hnscc,88,dummy,second,allDatasets,1.1767480373382568
hnscc,88,dummy,second,justTargetDataset,1.1700093746185303
lscc,88,dummy,first,allDatasets,1.1054773330688477
lscc,88,dummy,first,justTargetDataset,1.1188762187957764
lscc,88,dummy,second,allDatasets,1.0108014345169067
lscc,88,dummy,second,justTargetDataset,1.0435293912887573
luad,88,dummy,first,allDatasets,1.3600348234176636
luad,88,dummy,first,justTargetDataset,1.561522126197815
luad,88,dummy,second,allDatasets,1.6666862964630127
luad,88,dummy,second,justTargetDataset,1.6129100322723389
ov,88,dummy,first,allDatasets,1.7915085554122925
ov,88,dummy,first,justTargetDataset,2.0297024250030518
ov,88,dummy,second,allDatasets,1.3405810594558716
ov,88,dummy,second,justTargetDataset,1.336926817893982
pdac,88,dummy,first,allDatasets,1.3461453914642334
pdac,88,dummy,first,justTargetDataset,1.3329617977142334
pdac,88,dummy,second,allDatasets,1.2970867156982422
pdac,88,dummy,second,justTargetDataset,1.2731047868728638
all,88,dummy,first,allDatasets,1.334577202796936
all,88,dummy,first,justTargetDataset,1.334577202796936
all,88,dummy,second,allDatasets,1.239872932434082
all,88,dummy,second,justTargetDataset,1.239872932434082
brca,89,dummy,first,allDatasets,1.1003403663635254
brca,89,dummy,first,justTargetDataset,1.0934797525405884
brca,89,dummy,second,allDatasets,1.1319057941436768
brca,89,dummy,second,justTargetDataset,1.1487360000610352
ccrcc,89,dummy,first,allDatasets,1.0582523345947266
ccrcc,89,dummy,first,justTargetDataset,1.1085997819900513
ccrcc,89,dummy,second,allDatasets,1.1301264762878418
ccrcc,89,dummy,second,justTargetDataset,1.1184563636779785
coad,89,dummy,first,allDatasets,3.179314374923706
coad,89,dummy,first,justTargetDataset,2.974515438079834
coad,89,dummy,second,allDatasets,4.041428089141846
coad,89,dummy,second,justTargetDataset,3.8403635025024414
gbm,89,dummy,first,allDatasets,1.015825629234314
gbm,89,dummy,first,justTargetDataset,1.074153184890747
gbm,89,dummy,second,allDatasets,1.2971019744873047
gbm,89,dummy,second,justTargetDataset,1.2837083339691162
hnscc,89,dummy,first,allDatasets,1.6188805103302002
hnscc,89,dummy,first,justTargetDataset,1.595194935798645
hnscc,89,dummy,second,allDatasets,1.1080002784729004
hnscc,89,dummy,second,justTargetDataset,1.1337299346923828
lscc,89,dummy,first,allDatasets,1.1546474695205688
lscc,89,dummy,first,justTargetDataset,1.1304433345794678
lscc,89,dummy,second,allDatasets,0.9980447292327881
lscc,89,dummy,second,justTargetDataset,1.0226976871490479
luad,89,dummy,first,allDatasets,1.004503607749939
luad,89,dummy,first,justTargetDataset,1.0246806144714355
luad,89,dummy,second,allDatasets,1.2711567878723145
luad,89,dummy,second,justTargetDataset,1.2662277221679688
ov,89,dummy,first,allDatasets,1.3279904127120972
ov,89,dummy,first,justTargetDataset,1.3328863382339478
ov,89,dummy,second,allDatasets,1.868678092956543
ov,89,dummy,second,justTargetDataset,1.9551875591278076
pdac,89,dummy,first,allDatasets,1.9665515422821045
pdac,89,dummy,first,justTargetDataset,1.733927845954895
pdac,89,dummy,second,allDatasets,1.0924479961395264
pdac,89,dummy,second,justTargetDataset,1.1694071292877197
all,89,dummy,first,allDatasets,1.3999414443969727
all,89,dummy,first,justTargetDataset,1.3999414443969727
all,89,dummy,second,allDatasets,1.4097769260406494
all,89,dummy,second,justTargetDataset,1.4097769260406494
brca,90,dummy,first,allDatasets,1.001825213432312
brca,90,dummy,first,justTargetDataset,1.0259156227111816
brca,90,dummy,second,allDatasets,1.215379238128662
brca,90,dummy,second,justTargetDataset,1.1807477474212646
ccrcc,90,dummy,first,allDatasets,0.9988322854042053
ccrcc,90,dummy,first,justTargetDataset,1.0132973194122314
ccrcc,90,dummy,second,allDatasets,1.178968071937561
ccrcc,90,dummy,second,justTargetDataset,1.1680737733840942
coad,90,dummy,first,allDatasets,7.309009552001953
coad,90,dummy,first,justTargetDataset,6.765242099761963
coad,90,dummy,second,allDatasets,3.3379600048065186
coad,90,dummy,second,justTargetDataset,3.2140350341796875
gbm,90,dummy,first,allDatasets,1.0952949523925781
gbm,90,dummy,first,justTargetDataset,1.1106013059616089
gbm,90,dummy,second,allDatasets,1.2008070945739746
gbm,90,dummy,second,justTargetDataset,1.2058029174804688
hnscc,90,dummy,first,allDatasets,1.2261852025985718
hnscc,90,dummy,first,justTargetDataset,1.2016702890396118
hnscc,90,dummy,second,allDatasets,1.0292214155197144
hnscc,90,dummy,second,justTargetDataset,1.0493695735931396
lscc,90,dummy,first,allDatasets,1.0367724895477295
lscc,90,dummy,first,justTargetDataset,1.131536841392517
lscc,90,dummy,second,allDatasets,1.1842164993286133
lscc,90,dummy,second,justTargetDataset,1.1565614938735962
luad,90,dummy,first,allDatasets,1.0672781467437744
luad,90,dummy,first,justTargetDataset,1.0959317684173584
luad,90,dummy,second,allDatasets,1.4169367551803589
luad,90,dummy,second,justTargetDataset,1.5249654054641724
ov,90,dummy,first,allDatasets,1.9474563598632812
ov,90,dummy,first,justTargetDataset,2.1306352615356445
ov,90,dummy,second,allDatasets,3.7136776447296143
ov,90,dummy,second,justTargetDataset,3.500624179840088
pdac,90,dummy,first,allDatasets,1.2491374015808105
pdac,90,dummy,first,justTargetDataset,1.228238582611084
pdac,90,dummy,second,allDatasets,1.8962668180465698
pdac,90,dummy,second,justTargetDataset,1.7376573085784912
all,90,dummy,first,allDatasets,1.618232250213623
all,90,dummy,first,justTargetDataset,1.618232250213623
all,90,dummy,second,allDatasets,1.6032432317733765
all,90,dummy,second,justTargetDataset,1.6032432317733765
brca,91,dummy,first,allDatasets,1.2053948640823364
brca,91,dummy,first,justTargetDataset,1.1877217292785645
brca,91,dummy,second,allDatasets,1.0544495582580566
brca,91,dummy,second,justTargetDataset,1.0800448656082153
ccrcc,91,dummy,first,allDatasets,1.0452483892440796
ccrcc,91,dummy,first,justTargetDataset,1.0806440114974976
ccrcc,91,dummy,second,allDatasets,1.1277426481246948
ccrcc,91,dummy,second,justTargetDataset,1.1084182262420654
coad,91,dummy,first,allDatasets,2.727431058883667
coad,91,dummy,first,justTargetDataset,2.613572597503662
coad,91,dummy,second,allDatasets,5.3043599128723145
coad,91,dummy,second,justTargetDataset,4.992427349090576
gbm,91,dummy,first,allDatasets,1.067724347114563
gbm,91,dummy,first,justTargetDataset,1.1158230304718018
gbm,91,dummy,second,allDatasets,1.328824758529663
gbm,91,dummy,second,justTargetDataset,1.3166340589523315
hnscc,91,dummy,first,allDatasets,1.3454718589782715
hnscc,91,dummy,first,justTargetDataset,1.3596798181533813
hnscc,91,dummy,second,allDatasets,1.120452642440796
hnscc,91,dummy,second,justTargetDataset,1.119062900543213
lscc,91,dummy,first,allDatasets,1.0580588579177856
lscc,91,dummy,first,justTargetDataset,1.0471155643463135
lscc,91,dummy,second,allDatasets,1.057769536972046
lscc,91,dummy,second,justTargetDataset,1.0652920007705688
luad,91,dummy,first,allDatasets,1.2926381826400757
luad,91,dummy,first,justTargetDataset,1.3802536725997925
luad,91,dummy,second,allDatasets,1.2560721635818481
luad,91,dummy,second,justTargetDataset,1.2551689147949219
ov,91,dummy,first,allDatasets,3.2415056228637695
ov,91,dummy,first,justTargetDataset,3.559910774230957
ov,91,dummy,second,allDatasets,1.2014116048812866
ov,91,dummy,second,justTargetDataset,1.2188628911972046
pdac,91,dummy,first,allDatasets,4.165301322937012
pdac,91,dummy,first,justTargetDataset,3.7332353591918945
pdac,91,dummy,second,allDatasets,2.866720199584961
pdac,91,dummy,second,justTargetDataset,2.476655960083008
all,91,dummy,first,allDatasets,1.7118428945541382
all,91,dummy,first,justTargetDataset,1.7118428945541382
all,91,dummy,second,allDatasets,1.6378588676452637
all,91,dummy,second,justTargetDataset,1.6378588676452637
brca,92,dummy,first,allDatasets,0.9646041393280029
brca,92,dummy,first,justTargetDataset,1.0003257989883423
brca,92,dummy,second,allDatasets,1.2877393960952759
brca,92,dummy,second,justTargetDataset,1.2810912132263184
ccrcc,92,dummy,first,allDatasets,1.0820149183273315
ccrcc,92,dummy,first,justTargetDataset,1.0786160230636597
ccrcc,92,dummy,second,allDatasets,1.06730318069458
ccrcc,92,dummy,second,justTargetDataset,1.0763999223709106
coad,92,dummy,first,allDatasets,5.021154403686523
coad,92,dummy,first,justTargetDataset,4.596868991851807
coad,92,dummy,second,allDatasets,2.849257469177246
coad,92,dummy,second,justTargetDataset,2.8384647369384766
gbm,92,dummy,first,allDatasets,1.1866443157196045
gbm,92,dummy,first,justTargetDataset,1.1728042364120483
gbm,92,dummy,second,allDatasets,1.1165919303894043
gbm,92,dummy,second,justTargetDataset,1.122103214263916
hnscc,92,dummy,first,allDatasets,1.0185933113098145
hnscc,92,dummy,first,justTargetDataset,1.0369312763214111
hnscc,92,dummy,second,allDatasets,1.166378378868103
hnscc,92,dummy,second,justTargetDataset,1.1557644605636597
lscc,92,dummy,first,allDatasets,1.238759160041809
lscc,92,dummy,first,justTargetDataset,1.3299611806869507
lscc,92,dummy,second,allDatasets,1.2189189195632935
lscc,92,dummy,second,justTargetDataset,1.1959372758865356
luad,92,dummy,first,allDatasets,1.0435898303985596
luad,92,dummy,first,justTargetDataset,1.0804005861282349
luad,92,dummy,second,allDatasets,1.1974364519119263
luad,92,dummy,second,justTargetDataset,1.1656746864318848
ov,92,dummy,first,allDatasets,4.306131839752197
ov,92,dummy,first,justTargetDataset,4.037332057952881
ov,92,dummy,second,allDatasets,1.0860613584518433
ov,92,dummy,second,justTargetDataset,1.1224697828292847
pdac,92,dummy,first,allDatasets,1.5919806957244873
pdac,92,dummy,first,justTargetDataset,1.5572102069854736
pdac,92,dummy,second,allDatasets,1.1981773376464844
pdac,92,dummy,second,justTargetDataset,1.1744341850280762
all,92,dummy,first,allDatasets,1.649971842765808
all,92,dummy,first,justTargetDataset,1.649971842765808
all,92,dummy,second,allDatasets,1.3008553981781006
all,92,dummy,second,justTargetDataset,1.3008553981781006
brca,93,dummy,first,allDatasets,1.1683629751205444
brca,93,dummy,first,justTargetDataset,1.2683738470077515
brca,93,dummy,second,allDatasets,1.2775567770004272
brca,93,dummy,second,justTargetDataset,1.252769112586975
ccrcc,93,dummy,first,allDatasets,1.0278822183609009
ccrcc,93,dummy,first,justTargetDataset,1.052438735961914
ccrcc,93,dummy,second,allDatasets,1.110152006149292
ccrcc,93,dummy,second,justTargetDataset,1.0935724973678589
coad,93,dummy,first,allDatasets,2.5335047245025635
coad,93,dummy,first,justTargetDataset,2.5313332080841064
coad,93,dummy,second,allDatasets,4.153482437133789
coad,93,dummy,second,justTargetDataset,3.886094331741333
gbm,93,dummy,first,allDatasets,0.9605912566184998
gbm,93,dummy,first,justTargetDataset,1.0083422660827637
gbm,93,dummy,second,allDatasets,1.3624740839004517
gbm,93,dummy,second,justTargetDataset,1.3297933340072632
hnscc,93,dummy,first,allDatasets,1.0122286081314087
hnscc,93,dummy,first,justTargetDataset,1.023082971572876
hnscc,93,dummy,second,allDatasets,1.1663763523101807
hnscc,93,dummy,second,justTargetDataset,1.1504324674606323
lscc,93,dummy,first,allDatasets,0.9985789656639099
lscc,93,dummy,first,justTargetDataset,1.026796817779541
lscc,93,dummy,second,allDatasets,1.1217726469039917
lscc,93,dummy,second,justTargetDataset,1.1167031526565552
luad,93,dummy,first,allDatasets,1.792162299156189
luad,93,dummy,first,justTargetDataset,2.065157890319824
luad,93,dummy,second,allDatasets,1.1595839262008667
luad,93,dummy,second,justTargetDataset,1.1756900548934937
ov,93,dummy,first,allDatasets,1.1694339513778687
ov,93,dummy,first,justTargetDataset,1.2110203504562378
ov,93,dummy,second,allDatasets,2.7901740074157715
ov,93,dummy,second,justTargetDataset,2.5736405849456787
pdac,93,dummy,first,allDatasets,1.6422752141952515
pdac,93,dummy,first,justTargetDataset,1.4988491535186768
pdac,93,dummy,second,allDatasets,1.8155254125595093
pdac,93,dummy,second,justTargetDataset,1.744215488433838
all,93,dummy,first,allDatasets,1.3376976251602173
all,93,dummy,first,justTargetDataset,1.3376976251602173
all,93,dummy,second,allDatasets,1.5720034837722778
all,93,dummy,second,justTargetDataset,1.5720034837722778
brca,94,dummy,first,allDatasets,1.0339072942733765
brca,94,dummy,first,justTargetDataset,1.0901371240615845
brca,94,dummy,second,allDatasets,1.203983187675476
brca,94,dummy,second,justTargetDataset,1.2068949937820435
ccrcc,94,dummy,first,allDatasets,1.297848105430603
ccrcc,94,dummy,first,justTargetDataset,1.247531771659851
ccrcc,94,dummy,second,allDatasets,0.9488144516944885
ccrcc,94,dummy,second,justTargetDataset,0.9799157381057739
coad,94,dummy,first,allDatasets,1.5442060232162476
coad,94,dummy,first,justTargetDataset,1.6420148611068726
coad,94,dummy,second,allDatasets,2.2852442264556885
coad,94,dummy,second,justTargetDataset,2.2084085941314697
gbm,94,dummy,first,allDatasets,1.256215214729309
gbm,94,dummy,first,justTargetDataset,1.261236310005188
gbm,94,dummy,second,allDatasets,1.0680594444274902
gbm,94,dummy,second,justTargetDataset,1.0951586961746216
hnscc,94,dummy,first,allDatasets,1.053955316543579
hnscc,94,dummy,first,justTargetDataset,1.0822159051895142
hnscc,94,dummy,second,allDatasets,1.193524718284607
hnscc,94,dummy,second,justTargetDataset,1.1674078702926636
lscc,94,dummy,first,allDatasets,1.021927833557129
lscc,94,dummy,first,justTargetDataset,1.0342563390731812
lscc,94,dummy,second,allDatasets,1.100756049156189
lscc,94,dummy,second,justTargetDataset,1.1059455871582031
luad,94,dummy,first,allDatasets,1.065599799156189
luad,94,dummy,first,justTargetDataset,1.0774593353271484
luad,94,dummy,second,allDatasets,1.2045804262161255
luad,94,dummy,second,justTargetDataset,1.1999791860580444
ov,94,dummy,first,allDatasets,1.2164584398269653
ov,94,dummy,first,justTargetDataset,1.2173112630844116
ov,94,dummy,second,allDatasets,1.1234958171844482
ov,94,dummy,second,justTargetDataset,1.1351113319396973
pdac,94,dummy,first,allDatasets,1.0635721683502197
pdac,94,dummy,first,justTargetDataset,1.0741941928863525
pdac,94,dummy,second,allDatasets,1.6008937358856201
pdac,94,dummy,second,justTargetDataset,1.5039458274841309
all,94,dummy,first,allDatasets,1.1478806734085083
all,94,dummy,first,justTargetDataset,1.1478806734085083
all,94,dummy,second,allDatasets,1.2560144662857056
all,94,dummy,second,justTargetDataset,1.2560144662857056
brca,95,dummy,first,allDatasets,1.1406530141830444
brca,95,dummy,first,justTargetDataset,1.1377617120742798
brca,95,dummy,second,allDatasets,1.0832717418670654
brca,95,dummy,second,justTargetDataset,1.1042144298553467
ccrcc,95,dummy,first,allDatasets,1.0752472877502441
ccrcc,95,dummy,first,justTargetDataset,1.09171462059021
ccrcc,95,dummy,second,allDatasets,1.5845959186553955
ccrcc,95,dummy,second,justTargetDataset,1.4570571184158325
coad,95,dummy,first,allDatasets,2.139753580093384
coad,95,dummy,first,justTargetDataset,2.1090047359466553
coad,95,dummy,second,allDatasets,5.414088249206543
coad,95,dummy,second,justTargetDataset,4.881002902984619
gbm,95,dummy,first,allDatasets,0.9530189633369446
gbm,95,dummy,first,justTargetDataset,1.0159177780151367
gbm,95,dummy,second,allDatasets,1.3939404487609863
gbm,95,dummy,second,justTargetDataset,1.372339129447937
hnscc,95,dummy,first,allDatasets,1.0194501876831055
hnscc,95,dummy,first,justTargetDataset,1.0714776515960693
hnscc,95,dummy,second,allDatasets,1.1917004585266113
hnscc,95,dummy,second,justTargetDataset,1.1761332750320435
lscc,95,dummy,first,allDatasets,1.2358759641647339
lscc,95,dummy,first,justTargetDataset,1.2020162343978882
lscc,95,dummy,second,allDatasets,0.9337491989135742
lscc,95,dummy,second,justTargetDataset,0.9743611812591553
luad,95,dummy,first,allDatasets,1.2330752611160278
luad,95,dummy,first,justTargetDataset,1.2320137023925781
luad,95,dummy,second,allDatasets,1.2690430879592896
luad,95,dummy,second,justTargetDataset,1.306278109550476
ov,95,dummy,first,allDatasets,1.1268360614776611
ov,95,dummy,first,justTargetDataset,1.1164665222167969
ov,95,dummy,second,allDatasets,1.1427499055862427
ov,95,dummy,second,justTargetDataset,1.1275324821472168
pdac,95,dummy,first,allDatasets,1.6245933771133423
pdac,95,dummy,first,justTargetDataset,1.550079345703125
pdac,95,dummy,second,allDatasets,1.9241225719451904
pdac,95,dummy,second,justTargetDataset,1.7573091983795166
all,95,dummy,first,allDatasets,1.2536970376968384
all,95,dummy,first,justTargetDataset,1.2536970376968384
all,95,dummy,second,allDatasets,1.6141918897628784
all,95,dummy,second,justTargetDataset,1.6141918897628784
brca,96,dummy,first,allDatasets,1.0823743343353271
brca,96,dummy,first,justTargetDataset,1.0981303453445435
brca,96,dummy,second,allDatasets,1.1519930362701416
brca,96,dummy,second,justTargetDataset,1.1430500745773315
ccrcc,96,dummy,first,allDatasets,1.029283046722412
ccrcc,96,dummy,first,justTargetDataset,1.0317964553833008
ccrcc,96,dummy,second,allDatasets,1.396924614906311
ccrcc,96,dummy,second,justTargetDataset,1.368817687034607
coad,96,dummy,first,allDatasets,3.707549571990967
coad,96,dummy,first,justTargetDataset,3.4981963634490967
coad,96,dummy,second,allDatasets,1.5534719228744507
coad,96,dummy,second,justTargetDataset,1.5138872861862183
gbm,96,dummy,first,allDatasets,1.261433482170105
gbm,96,dummy,first,justTargetDataset,1.258935570716858
gbm,96,dummy,second,allDatasets,1.045095443725586
gbm,96,dummy,second,justTargetDataset,1.0478013753890991
hnscc,96,dummy,first,allDatasets,1.1365190744400024
hnscc,96,dummy,first,justTargetDataset,1.1232240200042725
hnscc,96,dummy,second,allDatasets,1.016484260559082
hnscc,96,dummy,second,justTargetDataset,1.0389889478683472
lscc,96,dummy,first,allDatasets,0.9954776167869568
lscc,96,dummy,first,justTargetDataset,1.0450384616851807
lscc,96,dummy,second,allDatasets,1.171621561050415
lscc,96,dummy,second,justTargetDataset,1.1528769731521606
luad,96,dummy,first,allDatasets,1.3759230375289917
luad,96,dummy,first,justTargetDataset,1.4747105836868286
luad,96,dummy,second,allDatasets,1.2386525869369507
luad,96,dummy,second,justTargetDataset,1.453134298324585
ov,96,dummy,first,allDatasets,1.218091368675232
ov,96,dummy,first,justTargetDataset,1.290584921836853
ov,96,dummy,second,allDatasets,7.940643310546875
ov,96,dummy,second,justTargetDataset,7.1594414710998535
pdac,96,dummy,first,allDatasets,1.5689566135406494
pdac,96,dummy,first,justTargetDataset,1.473620057106018
pdac,96,dummy,second,allDatasets,2.6066408157348633
pdac,96,dummy,second,justTargetDataset,2.2714407444000244
all,96,dummy,first,allDatasets,1.385332465171814
all,96,dummy,first,justTargetDataset,1.385332465171814
all,96,dummy,second,allDatasets,1.7849395275115967
all,96,dummy,second,justTargetDataset,1.7849395275115967
brca,97,dummy,first,allDatasets,1.2761094570159912
brca,97,dummy,first,justTargetDataset,1.3244370222091675
brca,97,dummy,second,allDatasets,1.0539312362670898
brca,97,dummy,second,justTargetDataset,1.1651325225830078
ccrcc,97,dummy,first,allDatasets,1.965576410293579
ccrcc,97,dummy,first,justTargetDataset,1.789792776107788
ccrcc,97,dummy,second,allDatasets,0.9931773543357849
ccrcc,97,dummy,second,justTargetDataset,1.026850938796997
coad,97,dummy,first,allDatasets,2.078620195388794
coad,97,dummy,first,justTargetDataset,2.002875566482544
coad,97,dummy,second,allDatasets,8.142158508300781
coad,97,dummy,second,justTargetDataset,7.616846084594727
gbm,97,dummy,first,allDatasets,1.292844533920288
gbm,97,dummy,first,justTargetDataset,1.299516201019287
gbm,97,dummy,second,allDatasets,1.069107174873352
gbm,97,dummy,second,justTargetDataset,1.108104944229126
hnscc,97,dummy,first,allDatasets,1.1153045892715454
hnscc,97,dummy,first,justTargetDataset,1.1058013439178467
hnscc,97,dummy,second,allDatasets,1.1049031019210815
hnscc,97,dummy,second,justTargetDataset,1.0991820096969604
lscc,97,dummy,first,allDatasets,1.0734325647354126
lscc,97,dummy,first,justTargetDataset,1.07737398147583
lscc,97,dummy,second,allDatasets,1.1195794343948364
lscc,97,dummy,second,justTargetDataset,1.156646728515625
luad,97,dummy,first,allDatasets,1.0494383573532104
luad,97,dummy,first,justTargetDataset,1.0824253559112549
luad,97,dummy,second,allDatasets,1.2002946138381958
luad,97,dummy,second,justTargetDataset,1.1926207542419434
ov,97,dummy,first,allDatasets,1.1589926481246948
ov,97,dummy,first,justTargetDataset,1.1432713270187378
ov,97,dummy,second,allDatasets,1.130974292755127
ov,97,dummy,second,justTargetDataset,1.137725830078125
pdac,97,dummy,first,allDatasets,1.22646164894104
pdac,97,dummy,first,justTargetDataset,1.1862629652023315
pdac,97,dummy,second,allDatasets,1.0976616144180298
pdac,97,dummy,second,justTargetDataset,1.144317865371704
all,97,dummy,first,allDatasets,1.3329148292541504
all,97,dummy,first,justTargetDataset,1.3329148292541504
all,97,dummy,second,allDatasets,1.6401965618133545
all,97,dummy,second,justTargetDataset,1.6401965618133545
brca,98,dummy,first,allDatasets,1.0408656597137451
brca,98,dummy,first,justTargetDataset,1.0502350330352783
brca,98,dummy,second,allDatasets,1.173813819885254
brca,98,dummy,second,justTargetDataset,1.1870872974395752
ccrcc,98,dummy,first,allDatasets,1.0351756811141968
ccrcc,98,dummy,first,justTargetDataset,1.0522443056106567
ccrcc,98,dummy,second,allDatasets,2.42820405960083
ccrcc,98,dummy,second,justTargetDataset,2.2430922985076904
coad,98,dummy,first,allDatasets,1.9016703367233276
coad,98,dummy,first,justTargetDataset,1.8569130897521973
coad,98,dummy,second,allDatasets,4.29210090637207
coad,98,dummy,second,justTargetDataset,4.144542217254639
gbm,98,dummy,first,allDatasets,1.0407971143722534
gbm,98,dummy,first,justTargetDataset,1.0633363723754883
gbm,98,dummy,second,allDatasets,1.2971118688583374
gbm,98,dummy,second,justTargetDataset,1.2628669738769531
hnscc,98,dummy,first,allDatasets,0.9961926341056824
hnscc,98,dummy,first,justTargetDataset,1.0719680786132812
hnscc,98,dummy,second,allDatasets,1.2415130138397217
hnscc,98,dummy,second,justTargetDataset,1.2114111185073853
lscc,98,dummy,first,allDatasets,0.9514504671096802
lscc,98,dummy,first,justTargetDataset,1.0018361806869507
lscc,98,dummy,second,allDatasets,1.1975609064102173
lscc,98,dummy,second,justTargetDataset,1.1735798120498657
luad,98,dummy,first,allDatasets,1.1418964862823486
luad,98,dummy,first,justTargetDataset,1.1455501317977905
luad,98,dummy,second,allDatasets,1.0764764547348022
luad,98,dummy,second,justTargetDataset,1.114492654800415
ov,98,dummy,first,allDatasets,1.339218258857727
ov,98,dummy,first,justTargetDataset,1.3121148347854614
ov,98,dummy,second,allDatasets,1.0257686376571655
ov,98,dummy,second,justTargetDataset,1.042198896408081
pdac,98,dummy,first,allDatasets,1.5830515623092651
pdac,98,dummy,first,justTargetDataset,1.5950103998184204
pdac,98,dummy,second,allDatasets,4.46901273727417
pdac,98,dummy,second,justTargetDataset,3.71484637260437
all,98,dummy,first,allDatasets,1.1737076044082642
all,98,dummy,first,justTargetDataset,1.1737076044082642
all,98,dummy,second,allDatasets,1.9005893468856812
all,98,dummy,second,justTargetDataset,1.9005893468856812
brca,99,dummy,first,allDatasets,1.1432914733886719
brca,99,dummy,first,justTargetDataset,1.1737818717956543
brca,99,dummy,second,allDatasets,1.0849486589431763
brca,99,dummy,second,justTargetDataset,1.090615153312683
ccrcc,99,dummy,first,allDatasets,1.041864275932312
ccrcc,99,dummy,first,justTargetDataset,1.0594007968902588
ccrcc,99,dummy,second,allDatasets,1.1250503063201904
ccrcc,99,dummy,second,justTargetDataset,1.1015574932098389
coad,99,dummy,first,allDatasets,2.8452866077423096
coad,99,dummy,first,justTargetDataset,2.7165517807006836
coad,99,dummy,second,allDatasets,1.7711035013198853
coad,99,dummy,second,justTargetDataset,1.7197816371917725
gbm,99,dummy,first,allDatasets,1.0324044227600098
gbm,99,dummy,first,justTargetDataset,1.0582691431045532
gbm,99,dummy,second,allDatasets,1.2382646799087524
gbm,99,dummy,second,justTargetDataset,1.22359299659729
hnscc,99,dummy,first,allDatasets,1.2022501230239868
hnscc,99,dummy,first,justTargetDataset,1.1980215311050415
hnscc,99,dummy,second,allDatasets,0.9868825078010559
hnscc,99,dummy,second,justTargetDataset,1.0164154767990112
lscc,99,dummy,first,allDatasets,1.0547877550125122
lscc,99,dummy,first,justTargetDataset,1.0577733516693115
lscc,99,dummy,second,allDatasets,1.0554020404815674
lscc,99,dummy,second,justTargetDataset,1.0667877197265625
luad,99,dummy,first,allDatasets,1.1296510696411133
luad,99,dummy,first,justTargetDataset,1.1460471153259277
luad,99,dummy,second,allDatasets,1.1714266538619995
luad,99,dummy,second,justTargetDataset,1.178651213645935
ov,99,dummy,first,allDatasets,4.46382999420166
ov,99,dummy,first,justTargetDataset,5.0992817878723145
ov,99,dummy,second,allDatasets,1.1592031717300415
ov,99,dummy,second,justTargetDataset,1.176783561706543
pdac,99,dummy,first,allDatasets,2.5561325550079346
pdac,99,dummy,first,justTargetDataset,2.2364742755889893
pdac,99,dummy,second,allDatasets,2.085035562515259
pdac,99,dummy,second,justTargetDataset,2.0310230255126953
all,99,forest,first,allDatasets,1.4170998665192776
all,99,forest,first,justTargetDataset,1.4159697352385658
all,99,forest,second,allDatasets,1.082285745222854
all,99,forest,second,justTargetDataset,1.078293049524851
brca,0,forest,first,allDatasets,1.0573133261971082
brca,0,forest,first,justTargetDataset,1.060601349904
brca,0,forest,second,allDatasets,1.0428582349988709
brca,0,forest,second,justTargetDataset,1.0617444986029856
ccrcc,0,forest,first,allDatasets,0.776743100017973
ccrcc,0,forest,first,justTargetDataset,0.8224400242609287
ccrcc,0,forest,second,allDatasets,0.8975264053476066
ccrcc,0,forest,second,justTargetDataset,0.9077420562612089
coad,0,forest,first,allDatasets,1.2085318862409804
coad,0,forest,first,justTargetDataset,1.2083969974238844
coad,0,forest,second,allDatasets,2.8508030709786736
coad,0,forest,second,justTargetDataset,2.707117254038126
gbm,0,forest,first,allDatasets,1.2314983888480668
gbm,0,forest,first,justTargetDataset,1.219533364361171
gbm,0,forest,second,allDatasets,0.9489875051217743
gbm,0,forest,second,justTargetDataset,0.9851577757012365
hnscc,0,forest,first,allDatasets,0.9218982309496339
hnscc,0,forest,first,justTargetDataset,0.9443415835304402
hnscc,0,forest,second,allDatasets,0.9118185016155462
hnscc,0,forest,second,justTargetDataset,0.9537964691268564
lscc,0,forest,first,allDatasets,0.7115007109711895
lscc,0,forest,first,justTargetDataset,0.810833815432919
lscc,0,forest,second,allDatasets,0.7337543064104141
lscc,0,forest,second,justTargetDataset,0.8316206693084923
luad,0,forest,first,allDatasets,0.7791415632562932
luad,0,forest,first,justTargetDataset,0.8689065588981288
luad,0,forest,second,allDatasets,0.9964383188346442
luad,0,forest,second,justTargetDataset,1.05243844085258
ov,0,forest,first,allDatasets,1.248251220034993
ov,0,forest,first,justTargetDataset,1.2920308598627177
ov,0,forest,second,allDatasets,1.1180436346579445
ov,0,forest,second,justTargetDataset,1.2024229007281828
pdac,0,forest,first,allDatasets,1.816322957738641
pdac,0,forest,first,justTargetDataset,1.6636457611752264
pdac,0,forest,second,allDatasets,1.5776981862374977
pdac,0,forest,second,justTargetDataset,1.5089074354741558
all,0,forest,first,allDatasets,1.0084302103097058
all,0,forest,first,justTargetDataset,1.0102454694336953
all,0,forest,second,allDatasets,1.1354409013101605
all,0,forest,second,justTargetDataset,1.1351726163256952
brca,1,forest,first,allDatasets,1.0729333827287066
brca,1,forest,first,justTargetDataset,1.080523997307121
brca,1,forest,second,allDatasets,1.0063416892869912
brca,1,forest,second,justTargetDataset,1.057409189004645
ccrcc,1,forest,first,allDatasets,0.7572558150702856
ccrcc,1,forest,first,justTargetDataset,0.8067816090029268
ccrcc,1,forest,second,allDatasets,1.8182215186831157
ccrcc,1,forest,second,justTargetDataset,1.6399419190620115
coad,1,forest,first,allDatasets,4.029095722679021
coad,1,forest,first,justTargetDataset,3.8553064863709605
coad,1,forest,second,allDatasets,1.636815921601339
coad,1,forest,second,justTargetDataset,1.685868630007116
gbm,1,forest,first,allDatasets,1.1697526653050447
gbm,1,forest,first,justTargetDataset,1.14195027213395
gbm,1,forest,second,allDatasets,0.9680657447119898
gbm,1,forest,second,justTargetDataset,0.9805253231852495
hnscc,1,forest,first,allDatasets,0.9157889490637048
hnscc,1,forest,first,justTargetDataset,0.9646926096831673
hnscc,1,forest,second,allDatasets,0.9452663019470375
hnscc,1,forest,second,justTargetDataset,0.9696495086465831
lscc,1,forest,first,allDatasets,0.8315953628483049
lscc,1,forest,first,justTargetDataset,0.9206816037883943
lscc,1,forest,second,allDatasets,0.6606933412187399
lscc,1,forest,second,justTargetDataset,0.7778967570771428
luad,1,forest,first,allDatasets,0.8438362747130644
luad,1,forest,first,justTargetDataset,0.9385407317122325
luad,1,forest,second,allDatasets,0.842940426550192
luad,1,forest,second,justTargetDataset,0.9337819916943665
ov,1,forest,first,allDatasets,1.2591262517023414
ov,1,forest,first,justTargetDataset,1.3025868394122244
ov,1,forest,second,allDatasets,2.962476660474043
ov,1,forest,second,justTargetDataset,2.815348033321298
pdac,1,forest,first,allDatasets,1.3625206664486715
pdac,1,forest,first,justTargetDataset,1.3303475636750912
pdac,1,forest,second,allDatasets,1.5812272684377269
pdac,1,forest,second,justTargetDataset,1.5444702623681603
all,1,forest,first,allDatasets,1.2043879222283804
all,1,forest,first,justTargetDataset,1.2045056150113438
all,1,forest,second,allDatasets,1.2533582499955362
all,1,forest,second,justTargetDataset,1.2505392836326232
brca,2,forest,first,allDatasets,1.1952205694702904
brca,2,forest,first,justTargetDataset,1.2041168978789223
brca,2,forest,second,allDatasets,0.9278478820492962
brca,2,forest,second,justTargetDataset,0.9821914906132421
ccrcc,2,forest,first,allDatasets,0.7555643598152622
ccrcc,2,forest,first,justTargetDataset,0.81589507047997
ccrcc,2,forest,second,allDatasets,1.349864492720709
ccrcc,2,forest,second,justTargetDataset,1.2908522192651877
coad,2,forest,first,allDatasets,2.9025545289848185
coad,2,forest,first,justTargetDataset,2.8989414466925907
coad,2,forest,second,allDatasets,4.699178051498693
coad,2,forest,second,justTargetDataset,4.462630070273992
gbm,2,forest,first,allDatasets,1.1188401688634313
gbm,2,forest,first,justTargetDataset,1.1028191931606692
gbm,2,forest,second,allDatasets,0.9826039507014647
gbm,2,forest,second,justTargetDataset,0.9903586454714887
hnscc,2,forest,first,allDatasets,0.8433868025394168
hnscc,2,forest,first,justTargetDataset,0.8892390519626617
hnscc,2,forest,second,allDatasets,0.9776399936064218
hnscc,2,forest,second,justTargetDataset,0.9842280200690583
lscc,2,forest,first,allDatasets,0.9250446829080865
lscc,2,forest,first,justTargetDataset,0.9980641413433904
lscc,2,forest,second,allDatasets,0.6488757759291287
lscc,2,forest,second,justTargetDataset,0.7925293688587131
luad,2,forest,first,allDatasets,0.8061897733277233
luad,2,forest,first,justTargetDataset,0.90752658524205
luad,2,forest,second,allDatasets,0.9230935198810861
luad,2,forest,second,justTargetDataset,0.9998960735057839
ov,2,forest,first,allDatasets,1.1850528215775669
ov,2,forest,first,justTargetDataset,1.18689081295945
ov,2,forest,second,allDatasets,1.0563883650030275
ov,2,forest,second,justTargetDataset,1.0742932593943382
pdac,2,forest,first,allDatasets,1.8051106835708217
pdac,2,forest,first,justTargetDataset,1.8135767230519217
pdac,2,forest,second,allDatasets,2.0468468268363096
pdac,2,forest,second,justTargetDataset,1.9099890245373603
all,2,forest,first,allDatasets,1.162206215230507
all,2,forest,first,justTargetDataset,1.1620031687480998
all,2,forest,second,allDatasets,1.355370773149586
all,2,forest,second,justTargetDataset,1.355229617123269
brca,3,forest,first,allDatasets,1.1526742157650278
brca,3,forest,first,justTargetDataset,1.1572600547231249
brca,3,forest,second,allDatasets,0.9803493521723473
brca,3,forest,second,justTargetDataset,1.0083460932240775
ccrcc,3,forest,first,allDatasets,0.880094372962344
ccrcc,3,forest,first,justTargetDataset,0.9024584348600658
ccrcc,3,forest,second,allDatasets,0.7861950493805064
ccrcc,3,forest,second,justTargetDataset,0.8250634219340822
coad,3,forest,first,allDatasets,5.541709993083864
coad,3,forest,first,justTargetDataset,5.238552072062743
coad,3,forest,second,allDatasets,3.414223831910573
coad,3,forest,second,justTargetDataset,3.4094622550955953
gbm,3,forest,first,allDatasets,1.1116561122041833
gbm,3,forest,first,justTargetDataset,1.109274444988857
gbm,3,forest,second,allDatasets,1.0240513946453533
gbm,3,forest,second,justTargetDataset,1.020979572334564
hnscc,3,forest,first,allDatasets,0.9698798646401745
hnscc,3,forest,first,justTargetDataset,1.0149525198271157
hnscc,3,forest,second,allDatasets,0.8971552188300317
hnscc,3,forest,second,justTargetDataset,0.9516034340864752
lscc,3,forest,first,allDatasets,0.753007532181649
lscc,3,forest,first,justTargetDataset,0.8393621773265127
lscc,3,forest,second,allDatasets,0.7068693219532789
lscc,3,forest,second,justTargetDataset,0.8125124870276655
luad,3,forest,first,allDatasets,1.377469816045161
luad,3,forest,first,justTargetDataset,1.4145612317964202
luad,3,forest,second,allDatasets,1.0519299222517646
luad,3,forest,second,justTargetDataset,1.258014691250453
ov,3,forest,first,allDatasets,1.1667916871922035
ov,3,forest,first,justTargetDataset,1.18238474786881
ov,3,forest,second,allDatasets,1.1473571782826428
ov,3,forest,second,justTargetDataset,1.1969633066465561
pdac,3,forest,first,allDatasets,1.8259953628305061
pdac,3,forest,first,justTargetDataset,1.7379210860683234
pdac,3,forest,second,allDatasets,1.2959386952262313
pdac,3,forest,second,justTargetDataset,1.2878766714057779
all,3,forest,first,allDatasets,1.4591995038176677
all,3,forest,first,justTargetDataset,1.4575028814986273
all,3,forest,second,allDatasets,1.1407152486159464
all,3,forest,second,justTargetDataset,1.139384234239354
brca,4,forest,first,allDatasets,1.04952063134635
brca,4,forest,first,justTargetDataset,1.1305945369202117
brca,4,forest,second,allDatasets,1.0787639658357897
brca,4,forest,second,justTargetDataset,1.1040670353764102
ccrcc,4,forest,first,allDatasets,0.9132230029149706
ccrcc,4,forest,first,justTargetDataset,0.9521478968315568
ccrcc,4,forest,second,allDatasets,1.0554765720371313
ccrcc,4,forest,second,justTargetDataset,1.0839505226166612
coad,4,forest,first,allDatasets,4.032086233164665
coad,4,forest,first,justTargetDataset,3.938171703236119
coad,4,forest,second,allDatasets,3.4587989624922386
coad,4,forest,second,justTargetDataset,3.32042145974796
gbm,4,forest,first,allDatasets,1.2713315060568686
gbm,4,forest,first,justTargetDataset,1.2563292100466534
gbm,4,forest,second,allDatasets,0.970983200768726
gbm,4,forest,second,justTargetDataset,1.0222001788079833
hnscc,4,forest,first,allDatasets,0.9064873895996041
hnscc,4,forest,first,justTargetDataset,0.9359378730303198
hnscc,4,forest,second,allDatasets,0.9150430861503644
hnscc,4,forest,second,justTargetDataset,0.9391431344360182
lscc,4,forest,first,allDatasets,0.7855526107540978
lscc,4,forest,first,justTargetDataset,0.8901606822728152
lscc,4,forest,second,allDatasets,0.7075561058899973
lscc,4,forest,second,justTargetDataset,0.8115895397765536
luad,4,forest,first,allDatasets,0.8908730547642789
luad,4,forest,first,justTargetDataset,0.987298606551792
luad,4,forest,second,allDatasets,1.27861279109775
luad,4,forest,second,justTargetDataset,1.4545995408545278
ov,4,forest,first,allDatasets,1.2436557700938151
ov,4,forest,first,justTargetDataset,1.2432243317005935
ov,4,forest,second,allDatasets,1.0655723730386761
ov,4,forest,second,justTargetDataset,1.1076126918655549
pdac,4,forest,first,allDatasets,1.3767316917877774
pdac,4,forest,first,justTargetDataset,1.3037350431597186
pdac,4,forest,second,allDatasets,2.0201185527939765
pdac,4,forest,second,justTargetDataset,1.8788180146349587
all,4,forest,first,allDatasets,1.2327651039822132
all,4,forest,first,justTargetDataset,1.232276148398025
all,4,forest,second,allDatasets,1.2916151708127135
all,4,forest,second,justTargetDataset,1.289510436367055
brca,5,forest,first,allDatasets,1.746338910299567
brca,5,forest,first,justTargetDataset,1.9344258385150062
brca,5,forest,second,allDatasets,1.2579295290679076
brca,5,forest,second,justTargetDataset,1.4180144244933321
ccrcc,5,forest,first,allDatasets,1.5577487762418667
ccrcc,5,forest,first,justTargetDataset,1.462455791055944
ccrcc,5,forest,second,allDatasets,0.7919215209130213
ccrcc,5,forest,second,justTargetDataset,0.8500672871594814
coad,5,forest,first,allDatasets,1.826108215701514
coad,5,forest,first,justTargetDataset,1.8586524320639648
coad,5,forest,second,allDatasets,7.657073075180009
coad,5,forest,second,justTargetDataset,7.100328206124432
gbm,5,forest,first,allDatasets,1.0283428310536007
gbm,5,forest,first,justTargetDataset,1.0481910511211656
gbm,5,forest,second,allDatasets,1.1443375766699315
gbm,5,forest,second,justTargetDataset,1.1278853474409314
hnscc,5,forest,first,allDatasets,0.9075170278866981
hnscc,5,forest,first,justTargetDataset,0.9417513635382965
hnscc,5,forest,second,allDatasets,0.9356092756972094
hnscc,5,forest,second,justTargetDataset,0.9953839379427659
lscc,5,forest,first,allDatasets,0.7559500660859286
lscc,5,forest,first,justTargetDataset,0.8815984035139272
lscc,5,forest,second,allDatasets,0.712591632893005
lscc,5,forest,second,justTargetDataset,0.8265391849654968
luad,5,forest,first,allDatasets,1.0770158286831863
luad,5,forest,first,justTargetDataset,1.1726405920748462
luad,5,forest,second,allDatasets,0.9387407768483588
luad,5,forest,second,justTargetDataset,1.062227758453109
ov,5,forest,first,allDatasets,1.1378577297052024
ov,5,forest,first,justTargetDataset,1.180866289798893
ov,5,forest,second,allDatasets,1.1492607521895275
ov,5,forest,second,justTargetDataset,1.160058016347685
pdac,5,forest,first,allDatasets,1.7091502130214142
pdac,5,forest,first,justTargetDataset,1.65199824395648
pdac,5,forest,second,allDatasets,1.194624196048235
pdac,5,forest,second,justTargetDataset,1.341836056069799
all,5,forest,first,allDatasets,1.252118168685921
all,5,forest,first,justTargetDataset,1.2529990573116137
all,5,forest,second,allDatasets,1.482413715880191
all,5,forest,second,justTargetDataset,1.480743234602965
brca,6,forest,first,allDatasets,1.183007882992095
brca,6,forest,first,justTargetDataset,1.193843387364717
brca,6,forest,second,allDatasets,2.2604058585041873
brca,6,forest,second,justTargetDataset,2.749645259723955
ccrcc,6,forest,first,allDatasets,0.8396126242478326
ccrcc,6,forest,first,justTargetDataset,0.8503398192250634
ccrcc,6,forest,second,allDatasets,0.7934893784783734
ccrcc,6,forest,second,justTargetDataset,0.8230771176329179
coad,6,forest,first,allDatasets,5.053471945633272
coad,6,forest,first,justTargetDataset,4.788412618780924
coad,6,forest,second,allDatasets,0.9718448700307405
coad,6,forest,second,justTargetDataset,0.9779202278785503
gbm,6,forest,first,allDatasets,1.010964745849035
gbm,6,forest,first,justTargetDataset,1.0306235883355626
gbm,6,forest,second,allDatasets,1.1838408301520447
gbm,6,forest,second,justTargetDataset,1.1523051189449378
hnscc,6,forest,first,allDatasets,0.8420000748293116
hnscc,6,forest,first,justTargetDataset,0.8962885548209071
hnscc,6,forest,second,allDatasets,2.2321769459897607
hnscc,6,forest,second,justTargetDataset,1.968711597461258
lscc,6,forest,first,allDatasets,0.7851381708571153
lscc,6,forest,first,justTargetDataset,0.9053308604689854
lscc,6,forest,second,allDatasets,0.7218689117547356
lscc,6,forest,second,justTargetDataset,0.846509204827437
luad,6,forest,first,allDatasets,0.9446068490074069
luad,6,forest,first,justTargetDataset,1.0212997732800133
luad,6,forest,second,allDatasets,0.8168322423389079
luad,6,forest,second,justTargetDataset,0.9322660202413245
ov,6,forest,first,allDatasets,1.1775601943764256
ov,6,forest,first,justTargetDataset,1.1962942813394624
ov,6,forest,second,allDatasets,1.0611108197738621
ov,6,forest,second,justTargetDataset,1.1014809511625825
pdac,6,forest,first,allDatasets,2.4763487478362207
pdac,6,forest,first,justTargetDataset,2.1051658755723524
pdac,6,forest,second,allDatasets,1.5759379179919988
pdac,6,forest,second,justTargetDataset,1.5456700691704937
all,6,forest,first,allDatasets,1.3890710493734837
all,6,forest,first,justTargetDataset,1.3871515441469207
all,6,forest,second,allDatasets,1.2409469172487997
all,6,forest,second,justTargetDataset,1.2396537322804757
brca,7,forest,first,allDatasets,0.9797207001522047
brca,7,forest,first,justTargetDataset,1.0261764420825217
brca,7,forest,second,allDatasets,1.1259518880188755
brca,7,forest,second,justTargetDataset,1.1140279529505799
ccrcc,7,forest,first,allDatasets,0.820428523588454
ccrcc,7,forest,first,justTargetDataset,0.8621531806437994
ccrcc,7,forest,second,allDatasets,0.8702704887928396
ccrcc,7,forest,second,justTargetDataset,0.9123756562585952
coad,7,forest,first,allDatasets,2.0174692619085106
coad,7,forest,first,justTargetDataset,2.1174561985868148
coad,7,forest,second,allDatasets,4.9647839414712855
coad,7,forest,second,justTargetDataset,4.678645711036207
gbm,7,forest,first,allDatasets,1.0324866060753026
gbm,7,forest,first,justTargetDataset,1.0437433150292879
gbm,7,forest,second,allDatasets,1.1429787242462137
gbm,7,forest,second,justTargetDataset,1.1465487477339502
hnscc,7,forest,first,allDatasets,0.8870762651816609
hnscc,7,forest,first,justTargetDataset,0.914597123590711
hnscc,7,forest,second,allDatasets,0.9472097875515003
hnscc,7,forest,second,justTargetDataset,0.9670293825529355
lscc,7,forest,first,allDatasets,0.7093431441417385
lscc,7,forest,first,justTargetDataset,0.8303830410817288
lscc,7,forest,second,allDatasets,0.7625118154081314
lscc,7,forest,second,justTargetDataset,0.8649770709880611
luad,7,forest,first,allDatasets,0.8359545323490664
luad,7,forest,first,justTargetDataset,0.9547788756262356
luad,7,forest,second,allDatasets,0.9712391727373416
luad,7,forest,second,justTargetDataset,1.0056287332414071
ov,7,forest,first,allDatasets,1.114461283994647
ov,7,forest,first,justTargetDataset,1.1396170155492371
ov,7,forest,second,allDatasets,1.1614218758445254
ov,7,forest,second,justTargetDataset,1.177889991298264
pdac,7,forest,first,allDatasets,2.3548885055902433
pdac,7,forest,first,justTargetDataset,2.088291220212467
pdac,7,forest,second,allDatasets,1.0898785397488089
pdac,7,forest,second,justTargetDataset,1.0994740649684227
all,7,forest,first,allDatasets,1.0990949413046114
all,7,forest,first,justTargetDataset,1.1002432577790384
all,7,forest,second,allDatasets,1.2769561452634102
all,7,forest,second,justTargetDataset,1.2768223772854426
brca,8,forest,first,allDatasets,0.8862290613060215
brca,8,forest,first,justTargetDataset,0.9523842660067128
brca,8,forest,second,allDatasets,1.5167217886292375
brca,8,forest,second,justTargetDataset,1.6620588154890945
ccrcc,8,forest,first,allDatasets,0.9681035327763423
ccrcc,8,forest,first,justTargetDataset,0.9659367397631239
ccrcc,8,forest,second,allDatasets,0.7393268083437116
ccrcc,8,forest,second,justTargetDataset,0.8046350614223868
coad,8,forest,first,allDatasets,4.673371264116974
coad,8,forest,first,justTargetDataset,4.308747379221451
coad,8,forest,second,allDatasets,4.006560572490317
coad,8,forest,second,justTargetDataset,3.922155598763668
gbm,8,forest,first,allDatasets,1.1575929531940172
gbm,8,forest,first,justTargetDataset,1.1572789286400895
gbm,8,forest,second,allDatasets,1.0270878446337934
gbm,8,forest,second,justTargetDataset,1.0563571918757313
hnscc,8,forest,first,allDatasets,0.9427858980909972
hnscc,8,forest,first,justTargetDataset,0.963021057577263
hnscc,8,forest,second,allDatasets,0.9595078699372667
hnscc,8,forest,second,justTargetDataset,1.009413790998847
lscc,8,forest,first,allDatasets,0.6555968802710986
lscc,8,forest,first,justTargetDataset,0.7713750575690315
lscc,8,forest,second,allDatasets,0.7834076068968235
lscc,8,forest,second,justTargetDataset,0.8595376351166946
luad,8,forest,first,allDatasets,1.0659761822891627
luad,8,forest,first,justTargetDataset,1.129141387813928
luad,8,forest,second,allDatasets,0.8875107957300622
luad,8,forest,second,justTargetDataset,1.0731599987968654
ov,8,forest,first,allDatasets,1.1314340004175787
ov,8,forest,first,justTargetDataset,1.1652461882461078
ov,8,forest,second,allDatasets,2.073763427140458
ov,8,forest,second,justTargetDataset,2.282227725644562
pdac,8,forest,first,allDatasets,1.4944702851413898
pdac,8,forest,first,justTargetDataset,1.4682421205016236
pdac,8,forest,second,allDatasets,1.2959806404235104
pdac,8,forest,second,justTargetDataset,1.3060452557306448
all,8,forest,first,allDatasets,1.2778202636754437
all,8,forest,first,justTargetDataset,1.2764173094438842
all,8,forest,second,allDatasets,1.2843302853181138
all,8,forest,second,justTargetDataset,1.2845047801918816
brca,9,forest,first,allDatasets,1.0144008934886535
brca,9,forest,first,justTargetDataset,1.0492029585793787
brca,9,forest,second,allDatasets,1.0767401247446704
brca,9,forest,second,justTargetDataset,1.1033811379371614
ccrcc,9,forest,first,allDatasets,0.846006272955225
ccrcc,9,forest,first,justTargetDataset,0.8855312071426432
ccrcc,9,forest,second,allDatasets,0.8508728959636258
ccrcc,9,forest,second,justTargetDataset,0.8867038907636831
coad,9,forest,first,allDatasets,1.5064933299694838
coad,9,forest,first,justTargetDataset,1.49323376389749
coad,9,forest,second,allDatasets,2.398769266185251
coad,9,forest,second,justTargetDataset,2.2484467097020246
gbm,9,forest,first,allDatasets,1.1304562900933732
gbm,9,forest,first,justTargetDataset,1.1873803501288172
gbm,9,forest,second,allDatasets,1.1160925566025732
gbm,9,forest,second,justTargetDataset,1.129517669568782
hnscc,9,forest,first,allDatasets,0.9719849994027879
hnscc,9,forest,first,justTargetDataset,0.9830688756442167
hnscc,9,forest,second,allDatasets,0.8495995360022539
hnscc,9,forest,second,justTargetDataset,0.8849642656539022
lscc,9,forest,first,allDatasets,0.6452082635246036
lscc,9,forest,first,justTargetDataset,0.7579864504754622
lscc,9,forest,second,allDatasets,0.7849689007259587
lscc,9,forest,second,justTargetDataset,0.8629823997942688
luad,9,forest,first,allDatasets,1.029579686563777
luad,9,forest,first,justTargetDataset,1.2225609387966312
luad,9,forest,second,allDatasets,1.0734311181774832
luad,9,forest,second,justTargetDataset,1.1654170302325615
ov,9,forest,first,allDatasets,1.1336683233154006
ov,9,forest,first,justTargetDataset,1.1834218037180468
ov,9,forest,second,allDatasets,1.1710438540520403
ov,9,forest,second,justTargetDataset,1.1848625857856212
pdac,9,forest,first,allDatasets,1.4081774569652739
pdac,9,forest,first,justTargetDataset,1.3887066091249547
pdac,9,forest,second,allDatasets,2.4080045143710693
pdac,9,forest,second,justTargetDataset,2.1015480229684
all,9,forest,first,allDatasets,1.0185632666851319
all,9,forest,first,justTargetDataset,1.0178017167270343
all,9,forest,second,allDatasets,1.2073996401898182
all,9,forest,second,justTargetDataset,1.2094731878032177
brca,10,forest,first,allDatasets,1.0637134560712838
brca,10,forest,first,justTargetDataset,1.0783677530384588
brca,10,forest,second,allDatasets,1.058963444407641
brca,10,forest,second,justTargetDataset,1.0540539496122092
ccrcc,10,forest,first,allDatasets,1.1086566835523117
ccrcc,10,forest,first,justTargetDataset,1.1462135485511045
ccrcc,10,forest,second,allDatasets,0.8238071877212914
ccrcc,10,forest,second,justTargetDataset,0.8548008725847321
coad,10,forest,first,allDatasets,1.5655228992905914
coad,10,forest,first,justTargetDataset,1.5365020686856432
coad,10,forest,second,allDatasets,4.49614922978023
coad,10,forest,second,justTargetDataset,4.178706267701403
gbm,10,forest,first,allDatasets,1.1280518102760486
gbm,10,forest,first,justTargetDataset,1.1052498184778912
gbm,10,forest,second,allDatasets,1.0636659828734272
gbm,10,forest,second,justTargetDataset,1.0770867951277383
hnscc,10,forest,first,allDatasets,1.161696155894709
hnscc,10,forest,first,justTargetDataset,1.1823811940305893
hnscc,10,forest,second,allDatasets,0.841912443704694
hnscc,10,forest,second,justTargetDataset,0.8959592750098206
lscc,10,forest,first,allDatasets,0.6496415388366834
lscc,10,forest,first,justTargetDataset,0.7762177513035103
lscc,10,forest,second,allDatasets,0.7993259909728622
lscc,10,forest,second,justTargetDataset,0.8785451078317071
luad,10,forest,first,allDatasets,0.9779743740259518
luad,10,forest,first,justTargetDataset,1.044501906717226
luad,10,forest,second,allDatasets,0.8634993810827847
luad,10,forest,second,justTargetDataset,0.9366814690114187
ov,10,forest,first,allDatasets,1.2278948286853224
ov,10,forest,first,justTargetDataset,1.231141339773146
ov,10,forest,second,allDatasets,1.10677301245062
ov,10,forest,second,justTargetDataset,1.143934485128955
pdac,10,forest,first,allDatasets,5.0605164072276745
pdac,10,forest,first,justTargetDataset,4.210086543991586
pdac,10,forest,second,allDatasets,1.4176311628922476
pdac,10,forest,second,justTargetDataset,1.4095778929405458
all,10,forest,first,allDatasets,1.4348597238124603
all,10,forest,first,justTargetDataset,1.4364585185217322
all,10,forest,second,allDatasets,1.2232194580090439
all,10,forest,second,justTargetDataset,1.221835940273089
brca,11,forest,first,allDatasets,1.0365341437986895
brca,11,forest,first,justTargetDataset,1.0345954906029067
brca,11,forest,second,allDatasets,0.9821356372484108
brca,11,forest,second,justTargetDataset,0.9998980924015776
ccrcc,11,forest,first,allDatasets,0.80780067263138
ccrcc,11,forest,first,justTargetDataset,0.8429450726634569
ccrcc,11,forest,second,allDatasets,0.9116738771561401
ccrcc,11,forest,second,justTargetDataset,0.9337878956314654
coad,11,forest,first,allDatasets,2.0826184166127715
coad,11,forest,first,justTargetDataset,1.9911808367723407
coad,11,forest,second,allDatasets,1.6195675711657826
coad,11,forest,second,justTargetDataset,1.5996120526642554
gbm,11,forest,first,allDatasets,1.0405234533351495
gbm,11,forest,first,justTargetDataset,1.0418405211715476
gbm,11,forest,second,allDatasets,1.066134527281722
gbm,11,forest,second,justTargetDataset,1.0577049005677457
hnscc,11,forest,first,allDatasets,1.0095734396881757
hnscc,11,forest,first,justTargetDataset,1.0270659140000127
hnscc,11,forest,second,allDatasets,1.0361845307038817
hnscc,11,forest,second,justTargetDataset,1.170237802188355
lscc,11,forest,first,allDatasets,0.7956739087725222
lscc,11,forest,first,justTargetDataset,0.9020195682450848
lscc,11,forest,second,allDatasets,1.0494841908340062
lscc,11,forest,second,justTargetDataset,1.5266694016644504
luad,11,forest,first,allDatasets,1.1222878167896329
luad,11,forest,first,justTargetDataset,1.1455426648658682
luad,11,forest,second,allDatasets,0.6929117446412814
luad,11,forest,second,justTargetDataset,0.836470497655847
ov,11,forest,first,allDatasets,1.1999668081187385
ov,11,forest,first,justTargetDataset,1.241554818322331
ov,11,forest,second,allDatasets,2.842070805600895
ov,11,forest,second,justTargetDataset,2.839998230455366
pdac,11,forest,first,allDatasets,1.5091770777523545
pdac,11,forest,first,justTargetDataset,1.394963303260216
pdac,11,forest,second,allDatasets,1.6919755204226103
pdac,11,forest,second,justTargetDataset,1.5745973024638147
all,11,forest,first,allDatasets,1.1095577633847225
all,11,forest,first,justTargetDataset,1.1104030154085518
all,11,forest,second,allDatasets,1.1815776006436014
all,11,forest,second,justTargetDataset,1.1820006240192533
brca,12,forest,first,allDatasets,1.0246334622777251
brca,12,forest,first,justTargetDataset,1.0523417608889425
brca,12,forest,second,allDatasets,1.0741995672838716
brca,12,forest,second,justTargetDataset,1.0780533761943263
ccrcc,12,forest,first,allDatasets,0.8580337574352231
ccrcc,12,forest,first,justTargetDataset,0.888342604257953
ccrcc,12,forest,second,allDatasets,0.8160709637799644
ccrcc,12,forest,second,justTargetDataset,0.8447926240348863
coad,12,forest,first,allDatasets,8.77390453728058
coad,12,forest,first,justTargetDataset,8.209277672909474
coad,12,forest,second,allDatasets,1.7236781282201836
coad,12,forest,second,justTargetDataset,1.6593302449832075
gbm,12,forest,first,allDatasets,0.9639514472596312
gbm,12,forest,first,justTargetDataset,0.997364889285805
gbm,12,forest,second,allDatasets,1.1705132192714274
gbm,12,forest,second,justTargetDataset,1.132000722313472
hnscc,12,forest,first,allDatasets,0.8580644095733211
hnscc,12,forest,first,justTargetDataset,0.9093539271363212
hnscc,12,forest,second,allDatasets,0.9485320126527615
hnscc,12,forest,second,justTargetDataset,0.9542402512144473
lscc,12,forest,first,allDatasets,0.6969828298452926
lscc,12,forest,first,justTargetDataset,0.8085626527768227
lscc,12,forest,second,allDatasets,0.7825772424259859
lscc,12,forest,second,justTargetDataset,0.8665665504760944
luad,12,forest,first,allDatasets,0.8707926139045826
luad,12,forest,first,justTargetDataset,0.9908409873493847
luad,12,forest,second,allDatasets,0.9041186887999463
luad,12,forest,second,justTargetDataset,0.98152925656494
ov,12,forest,first,allDatasets,1.0522680606273105
ov,12,forest,first,justTargetDataset,1.0860742026545527
ov,12,forest,second,allDatasets,1.2216200300500084
ov,12,forest,second,justTargetDataset,1.2329003255983313
pdac,12,forest,first,allDatasets,3.55379264689894
pdac,12,forest,first,justTargetDataset,3.0449045401962196
pdac,12,forest,second,allDatasets,1.1435345204153886
pdac,12,forest,second,justTargetDataset,1.1211576442672981
all,12,forest,first,allDatasets,1.7279291447757745
all,12,forest,first,justTargetDataset,1.7287068441338342
all,12,forest,second,allDatasets,1.0183495959358528
all,12,forest,second,justTargetDataset,1.017679853783813
brca,13,forest,first,allDatasets,1.172399810885589
brca,13,forest,first,justTargetDataset,1.4114110586098774
brca,13,forest,second,allDatasets,1.1330197607805288
brca,13,forest,second,justTargetDataset,1.1126668358530885
ccrcc,13,forest,first,allDatasets,1.8227049420621522
ccrcc,13,forest,first,justTargetDataset,1.7757441008915975
ccrcc,13,forest,second,allDatasets,1.1658462797185085
ccrcc,13,forest,second,justTargetDataset,1.1601027958139
coad,13,forest,first,allDatasets,3.697406123182606
coad,13,forest,first,justTargetDataset,3.5691496981621014
coad,13,forest,second,allDatasets,6.368265033985746
coad,13,forest,second,justTargetDataset,5.799016308645125
gbm,13,forest,first,allDatasets,1.1672938437265554
gbm,13,forest,first,justTargetDataset,1.1889609716428413
gbm,13,forest,second,allDatasets,1.083721453029049
gbm,13,forest,second,justTargetDataset,1.1019376803952672
hnscc,13,forest,first,allDatasets,0.9229617541859895
hnscc,13,forest,first,justTargetDataset,0.9524957830965712
hnscc,13,forest,second,allDatasets,0.9211227487008895
hnscc,13,forest,second,justTargetDataset,0.9538389782157758
lscc,13,forest,first,allDatasets,0.6803538330304378
lscc,13,forest,first,justTargetDataset,0.8227440332549615
lscc,13,forest,second,allDatasets,0.8364689558974444
lscc,13,forest,second,justTargetDataset,0.9256466090711932
luad,13,forest,first,allDatasets,0.8870742236774755
luad,13,forest,first,justTargetDataset,0.9657079827619984
luad,13,forest,second,allDatasets,0.8978512055437289
luad,13,forest,second,justTargetDataset,0.9637737763035192
ov,13,forest,first,allDatasets,1.7621627090576575
ov,13,forest,first,justTargetDataset,1.8631459611411774
ov,13,forest,second,allDatasets,1.246181784242567
ov,13,forest,second,justTargetDataset,1.2674799071925775
pdac,13,forest,first,allDatasets,1.2291935844963293
pdac,13,forest,first,justTargetDataset,1.3354789277836283
pdac,13,forest,second,allDatasets,7.2970915856111045
pdac,13,forest,second,justTargetDataset,5.936088509091849
all,13,forest,first,allDatasets,1.3430231108320305
all,13,forest,first,justTargetDataset,1.3410119095746433
all,13,forest,second,allDatasets,2.0187212086111437
all,13,forest,second,justTargetDataset,2.0204417778324673
brca,14,forest,first,allDatasets,1.6604471586768108
brca,14,forest,first,justTargetDataset,1.779624480711887
brca,14,forest,second,allDatasets,0.9301728100783412
brca,14,forest,second,justTargetDataset,0.9822233630867216
ccrcc,14,forest,first,allDatasets,0.902742444007823
ccrcc,14,forest,first,justTargetDataset,0.9204495964852961
ccrcc,14,forest,second,allDatasets,0.800555963431062
ccrcc,14,forest,second,justTargetDataset,0.8476987730560449
coad,14,forest,first,allDatasets,1.1558758835316574
coad,14,forest,first,justTargetDataset,1.1756680454252961
coad,14,forest,second,allDatasets,10.289512266783307
coad,14,forest,second,justTargetDataset,9.562695901139271
gbm,14,forest,first,allDatasets,1.1737755115449182
gbm,14,forest,first,justTargetDataset,1.2452443621229476
gbm,14,forest,second,allDatasets,1.1458262756097397
gbm,14,forest,second,justTargetDataset,1.2297361780799025
hnscc,14,forest,first,allDatasets,0.9817101042661658
hnscc,14,forest,first,justTargetDataset,1.0218995565730054
hnscc,14,forest,second,allDatasets,0.8963548649222223
hnscc,14,forest,second,justTargetDataset,0.9347271657123862
lscc,14,forest,first,allDatasets,0.8358405503378392
lscc,14,forest,first,justTargetDataset,0.9163965849287756
lscc,14,forest,second,allDatasets,0.6344262881453042
lscc,14,forest,second,justTargetDataset,0.7620938377126651
luad,14,forest,first,allDatasets,0.9859349753385175
luad,14,forest,first,justTargetDataset,1.0956483220137005
luad,14,forest,second,allDatasets,0.9302530519391915
luad,14,forest,second,justTargetDataset,0.983805297270914
ov,14,forest,first,allDatasets,4.124580709021061
ov,14,forest,first,justTargetDataset,3.8766318444402756
ov,14,forest,second,allDatasets,1.0022560551495299
ov,14,forest,second,justTargetDataset,1.0618812518341079
pdac,14,forest,first,allDatasets,1.2465684013316847
pdac,14,forest,first,justTargetDataset,1.2192613916812245
pdac,14,forest,second,allDatasets,1.3886741592834086
pdac,14,forest,second,justTargetDataset,1.3376647445644652
all,14,forest,first,allDatasets,1.2683952745988192
all,14,forest,first,justTargetDataset,1.2716186962092184
all,14,forest,second,allDatasets,1.644452810324009
all,14,forest,second,justTargetDataset,1.6391959560182519
brca,15,forest,first,allDatasets,0.91505931769844
brca,15,forest,first,justTargetDataset,0.9692638603015532
brca,15,forest,second,allDatasets,1.2522903501298779
brca,15,forest,second,justTargetDataset,1.2429936491068987
ccrcc,15,forest,first,allDatasets,0.7751909887919345
ccrcc,15,forest,first,justTargetDataset,0.8378024502286255
ccrcc,15,forest,second,allDatasets,0.9396512085385779
ccrcc,15,forest,second,justTargetDataset,0.9494564345015328
coad,15,forest,first,allDatasets,5.989801412747921
coad,15,forest,first,justTargetDataset,5.714800895428168
coad,15,forest,second,allDatasets,2.9567363014012455
coad,15,forest,second,justTargetDataset,2.769705681224546
gbm,15,forest,first,allDatasets,1.074892906138954
gbm,15,forest,first,justTargetDataset,1.0625248920264034
gbm,15,forest,second,allDatasets,1.0950454248073398
gbm,15,forest,second,justTargetDataset,1.111288540852213
hnscc,15,forest,first,allDatasets,0.9602299696326103
hnscc,15,forest,first,justTargetDataset,0.9793433117964191
hnscc,15,forest,second,allDatasets,2.935698064400933
hnscc,15,forest,second,justTargetDataset,2.7107473499014176
lscc,15,forest,first,allDatasets,0.6856596275931722
lscc,15,forest,first,justTargetDataset,0.8209276275714015
lscc,15,forest,second,allDatasets,0.809905034571824
lscc,15,forest,second,justTargetDataset,0.9205879916818389
luad,15,forest,first,allDatasets,0.8702372987040146
luad,15,forest,first,justTargetDataset,0.9495956315848886
luad,15,forest,second,allDatasets,0.8793561128873632
luad,15,forest,second,justTargetDataset,0.9405926761725062
ov,15,forest,first,allDatasets,0.9969273368700915
ov,15,forest,first,justTargetDataset,1.0549974696798492
ov,15,forest,second,allDatasets,1.34366970130417
ov,15,forest,second,justTargetDataset,1.3387155505847463
pdac,15,forest,first,allDatasets,2.4077654893976534
pdac,15,forest,first,justTargetDataset,2.1525014861321785
pdac,15,forest,second,allDatasets,2.6360702626533214
pdac,15,forest,second,justTargetDataset,2.290850141983025
all,15,forest,first,allDatasets,1.3994188253645716
all,15,forest,first,justTargetDataset,1.398245815667882
all,15,forest,second,allDatasets,1.5378841860744497
all,15,forest,second,justTargetDataset,1.5368853215468956
brca,16,forest,first,allDatasets,1.350084525350716
brca,16,forest,first,justTargetDataset,1.5217699915616458
brca,16,forest,second,allDatasets,1.0608672967817534
brca,16,forest,second,justTargetDataset,1.075476988262512
ccrcc,16,forest,first,allDatasets,0.8428437385584088
ccrcc,16,forest,first,justTargetDataset,0.8628467621170458
ccrcc,16,forest,second,allDatasets,1.4904429809724529
ccrcc,16,forest,second,justTargetDataset,1.413635523851732
coad,16,forest,first,allDatasets,2.523646704712241
coad,16,forest,first,justTargetDataset,2.4221907502493485
coad,16,forest,second,allDatasets,0.9976018571615851
coad,16,forest,second,justTargetDataset,1.008970182695926
gbm,16,forest,first,allDatasets,1.11102445204446
gbm,16,forest,first,justTargetDataset,1.1005270865418904
gbm,16,forest,second,allDatasets,1.003097597425778
gbm,16,forest,second,justTargetDataset,0.998281250788047
hnscc,16,forest,first,allDatasets,0.9670953911470882
hnscc,16,forest,first,justTargetDataset,0.9802698873123673
hnscc,16,forest,second,allDatasets,0.9196243584523132
hnscc,16,forest,second,justTargetDataset,1.0960868179930778
lscc,16,forest,first,allDatasets,0.6910935212177004
lscc,16,forest,first,justTargetDataset,0.8017923445234163
lscc,16,forest,second,allDatasets,0.7839053666745353
lscc,16,forest,second,justTargetDataset,0.8614056343922675
luad,16,forest,first,allDatasets,0.8639865832938362
luad,16,forest,first,justTargetDataset,0.9706370746097932
luad,16,forest,second,allDatasets,1.239343260142332
luad,16,forest,second,justTargetDataset,1.4694894905258447
ov,16,forest,first,allDatasets,1.8748851105964466
ov,16,forest,first,justTargetDataset,2.0598292448163265
ov,16,forest,second,allDatasets,2.791781073169913
ov,16,forest,second,justTargetDataset,3.1848321750749946
pdac,16,forest,first,allDatasets,1.051780175189095
pdac,16,forest,first,justTargetDataset,1.0620920902321815
pdac,16,forest,second,allDatasets,1.6873502031672614
pdac,16,forest,second,justTargetDataset,1.6206934227425738
all,16,forest,first,allDatasets,1.1200603101792366
all,16,forest,first,justTargetDataset,1.1205186053045204
all,16,forest,second,allDatasets,1.2481806268372744
all,16,forest,second,justTargetDataset,1.2469319132239811
brca,17,forest,first,allDatasets,1.1713493230280758
brca,17,forest,first,justTargetDataset,1.1919355518791204
brca,17,forest,second,allDatasets,0.9582499024204151
brca,17,forest,second,justTargetDataset,1.0443686117788273
ccrcc,17,forest,first,allDatasets,2.8198694803920468
ccrcc,17,forest,first,justTargetDataset,2.45712284737001
ccrcc,17,forest,second,allDatasets,0.934722039092496
ccrcc,17,forest,second,justTargetDataset,0.9562437182564139
coad,17,forest,first,allDatasets,3.486010822034362
coad,17,forest,first,justTargetDataset,3.5530148169301974
coad,17,forest,second,allDatasets,2.129522760370421
coad,17,forest,second,justTargetDataset,2.0612448072678378
gbm,17,forest,first,allDatasets,1.2113006439764786
gbm,17,forest,first,justTargetDataset,1.1719652905265026
gbm,17,forest,second,allDatasets,0.9819263879177124
gbm,17,forest,second,justTargetDataset,1.039401022651438
hnscc,17,forest,first,allDatasets,0.8950949043914979
hnscc,17,forest,first,justTargetDataset,0.9285593800940933
hnscc,17,forest,second,allDatasets,0.9403788501921251
hnscc,17,forest,second,justTargetDataset,0.9739416898234567
lscc,17,forest,first,allDatasets,0.710806599284882
lscc,17,forest,first,justTargetDataset,0.8125015027180102
lscc,17,forest,second,allDatasets,0.7797198091671541
lscc,17,forest,second,justTargetDataset,0.853890125148383
luad,17,forest,first,allDatasets,0.9037983324574501
luad,17,forest,first,justTargetDataset,0.9959375584814808
luad,17,forest,second,allDatasets,0.9998887995006318
luad,17,forest,second,justTargetDataset,1.1743019665921295
ov,17,forest,first,allDatasets,1.3099983229512808
ov,17,forest,first,justTargetDataset,1.304179531826409
ov,17,forest,second,allDatasets,0.9480744695520283
ov,17,forest,second,justTargetDataset,0.9723232950096166
pdac,17,forest,first,allDatasets,3.762913133271005
pdac,17,forest,first,justTargetDataset,3.446697574370582
pdac,17,forest,second,allDatasets,3.9852985619102874
pdac,17,forest,second,justTargetDataset,3.4414678665191154
all,17,forest,first,allDatasets,1.6831664775832584
all,17,forest,first,justTargetDataset,1.6833593566802605
all,17,forest,second,allDatasets,1.3076459610962996
all,17,forest,second,justTargetDataset,1.3104743921569513
brca,18,forest,first,allDatasets,0.9846324831049991
brca,18,forest,first,justTargetDataset,1.0223270040040293
brca,18,forest,second,allDatasets,1.1022491746332896
brca,18,forest,second,justTargetDataset,1.1092580025610628
ccrcc,18,forest,first,allDatasets,0.8674842859144443
ccrcc,18,forest,first,justTargetDataset,0.8788395307102566
ccrcc,18,forest,second,allDatasets,0.826521084402435
ccrcc,18,forest,second,justTargetDataset,0.8553597321374046
coad,18,forest,first,allDatasets,4.020228488126349
coad,18,forest,first,justTargetDataset,3.9129757414328394
coad,18,forest,second,allDatasets,3.5390010006061114
coad,18,forest,second,justTargetDataset,3.5808655013145025
gbm,18,forest,first,allDatasets,0.9938360114407758
gbm,18,forest,first,justTargetDataset,1.0679655620415802
gbm,18,forest,second,allDatasets,1.1306094944610476
gbm,18,forest,second,justTargetDataset,1.1111614905795424
hnscc,18,forest,first,allDatasets,0.8825460034710351
hnscc,18,forest,first,justTargetDataset,0.9439246037486463
hnscc,18,forest,second,allDatasets,0.9715822119436976
hnscc,18,forest,second,justTargetDataset,0.9898034623085393
lscc,18,forest,first,allDatasets,0.5781762672474694
lscc,18,forest,first,justTargetDataset,0.7339539350138103
lscc,18,forest,second,allDatasets,0.93454583793406
lscc,18,forest,second,justTargetDataset,0.9902336291286276
luad,18,forest,first,allDatasets,1.1486801259387056
luad,18,forest,first,justTargetDataset,1.1839299078725758
luad,18,forest,second,allDatasets,0.7022047908755997
luad,18,forest,second,justTargetDataset,0.8733099359961353
ov,18,forest,first,allDatasets,1.0717042954590337
ov,18,forest,first,justTargetDataset,1.1086805776837265
ov,18,forest,second,allDatasets,3.642493646765975
ov,18,forest,second,justTargetDataset,3.4511264699345094
pdac,18,forest,first,allDatasets,1.2719112519441085
pdac,18,forest,first,justTargetDataset,1.2423591440758532
pdac,18,forest,second,allDatasets,2.3378432431869225
pdac,18,forest,second,justTargetDataset,2.0929246203878913
all,18,forest,first,allDatasets,1.180202744230425
all,18,forest,first,justTargetDataset,1.1794091892768095
all,18,forest,second,allDatasets,1.4258689566501965
all,18,forest,second,justTargetDataset,1.4265590124642298
brca,19,forest,first,allDatasets,1.3923853701360347
brca,19,forest,first,justTargetDataset,1.6367994650676894
brca,19,forest,second,allDatasets,1.010830675335711
brca,19,forest,second,justTargetDataset,1.0396453196224476
ccrcc,19,forest,first,allDatasets,1.6876349147626604
ccrcc,19,forest,first,justTargetDataset,1.5368605584657093
ccrcc,19,forest,second,allDatasets,0.7879848863260683
ccrcc,19,forest,second,justTargetDataset,0.8349935689034408
coad,19,forest,first,allDatasets,5.4869430329695845
coad,19,forest,first,justTargetDataset,5.050705558514358
coad,19,forest,second,allDatasets,0.9501083779884902
coad,19,forest,second,justTargetDataset,0.9711171550141406
gbm,19,forest,first,allDatasets,1.1808657862218839
gbm,19,forest,first,justTargetDataset,1.1765226887977882
gbm,19,forest,second,allDatasets,0.9724214720753234
gbm,19,forest,second,justTargetDataset,0.9899584857184555
hnscc,19,forest,first,allDatasets,3.61699704704665
hnscc,19,forest,first,justTargetDataset,3.2436156210284555
hnscc,19,forest,second,allDatasets,0.9430211643416376
hnscc,19,forest,second,justTargetDataset,1.0172415107859984
lscc,19,forest,first,allDatasets,0.7662282557156721
lscc,19,forest,first,justTargetDataset,0.8443583002221038
lscc,19,forest,second,allDatasets,0.67171058533031
lscc,19,forest,second,justTargetDataset,0.7935796826155382
luad,19,forest,first,allDatasets,0.8287263909602403
luad,19,forest,first,justTargetDataset,0.9416634100897601
luad,19,forest,second,allDatasets,0.9368106273417388
luad,19,forest,second,justTargetDataset,1.0020952923871778
ov,19,forest,first,allDatasets,1.161274912491815
ov,19,forest,first,justTargetDataset,1.2119088933010667
ov,19,forest,second,allDatasets,1.0961931172798267
ov,19,forest,second,justTargetDataset,1.1324613890022432
pdac,19,forest,first,allDatasets,1.5584631625978018
pdac,19,forest,first,justTargetDataset,1.4682675813655968
pdac,19,forest,second,allDatasets,2.292605486344425
pdac,19,forest,second,justTargetDataset,2.024238391031024
all,19,forest,first,allDatasets,1.8065817134912558
all,19,forest,first,justTargetDataset,1.809649665238332
all,19,forest,second,allDatasets,1.0251003713408813
all,19,forest,second,justTargetDataset,1.0265410026093635
brca,20,forest,first,allDatasets,1.1644990542992548
brca,20,forest,first,justTargetDataset,1.1418599497095523
brca,20,forest,second,allDatasets,0.9721824106515797
brca,20,forest,second,justTargetDataset,1.0066991399205185
ccrcc,20,forest,first,allDatasets,0.9548963985150485
ccrcc,20,forest,first,justTargetDataset,0.9556085718592154
ccrcc,20,forest,second,allDatasets,0.73598029646231
ccrcc,20,forest,second,justTargetDataset,0.7920988229209792
coad,20,forest,first,allDatasets,2.6972441173737693
coad,20,forest,first,justTargetDataset,2.6969971526849226
coad,20,forest,second,allDatasets,2.562337778453076
coad,20,forest,second,justTargetDataset,2.389785488691673
gbm,20,forest,first,allDatasets,1.1370849771475735
gbm,20,forest,first,justTargetDataset,1.138749722706706
gbm,20,forest,second,allDatasets,1.0067075979530227
gbm,20,forest,second,justTargetDataset,1.0302978041185376
hnscc,20,forest,first,allDatasets,0.9499594557906479
hnscc,20,forest,first,justTargetDataset,0.9890219015541807
hnscc,20,forest,second,allDatasets,0.8817413119222839
hnscc,20,forest,second,justTargetDataset,0.9188721242620064
lscc,20,forest,first,allDatasets,0.799120674827898
lscc,20,forest,first,justTargetDataset,0.8835091561802475
lscc,20,forest,second,allDatasets,0.6537975480854722
lscc,20,forest,second,justTargetDataset,0.7756787089111562
luad,20,forest,first,allDatasets,1.9048463962372884
luad,20,forest,first,justTargetDataset,2.024037485634809
luad,20,forest,second,allDatasets,0.7511200380099484
luad,20,forest,second,justTargetDataset,0.882794352136908
ov,20,forest,first,allDatasets,1.1345579277959257
ov,20,forest,first,justTargetDataset,1.175483878020826
ov,20,forest,second,allDatasets,1.1063365876980775
ov,20,forest,second,justTargetDataset,1.1414548674286986
pdac,20,forest,first,allDatasets,3.616485886619013
pdac,20,forest,first,justTargetDataset,3.5035903540462154
pdac,20,forest,second,allDatasets,1.0066761674888567
pdac,20,forest,second,justTargetDataset,1.0099424945560898
all,20,forest,first,allDatasets,1.5162144548900873
all,20,forest,first,justTargetDataset,1.517365134227356
all,20,forest,second,allDatasets,0.9756606134184612
all,20,forest,second,justTargetDataset,0.9764391063588951
brca,21,forest,first,allDatasets,1.049232890003433
brca,21,forest,first,justTargetDataset,1.1518003675949773
brca,21,forest,second,allDatasets,1.637748657230309
brca,21,forest,second,justTargetDataset,1.7458344159465045
ccrcc,21,forest,first,allDatasets,1.3585018131879993
ccrcc,21,forest,first,justTargetDataset,1.2923005271015993
ccrcc,21,forest,second,allDatasets,0.9166824359930712
ccrcc,21,forest,second,justTargetDataset,0.9218479208309232
coad,21,forest,first,allDatasets,5.736865153883833
coad,21,forest,first,justTargetDataset,5.283002252195493
coad,21,forest,second,allDatasets,2.0276779310344186
coad,21,forest,second,justTargetDataset,2.020759763916851
gbm,21,forest,first,allDatasets,1.1189541977114232
gbm,21,forest,first,justTargetDataset,1.1296265970999864
gbm,21,forest,second,allDatasets,1.015973430178074
gbm,21,forest,second,justTargetDataset,1.0373748928838007
hnscc,21,forest,first,allDatasets,0.9688238214443297
hnscc,21,forest,first,justTargetDataset,0.9992121608827893
hnscc,21,forest,second,allDatasets,0.8732901923568102
hnscc,21,forest,second,justTargetDataset,0.9137577107973978
lscc,21,forest,first,allDatasets,1.0208429375654204
lscc,21,forest,first,justTargetDataset,1.2469188818340449
lscc,21,forest,second,allDatasets,0.7112960308821935
lscc,21,forest,second,justTargetDataset,0.8243848341765929
luad,21,forest,first,allDatasets,1.0297293856698782
luad,21,forest,first,justTargetDataset,1.1664919754002678
luad,21,forest,second,allDatasets,0.9376405335567851
luad,21,forest,second,justTargetDataset,1.009263452375546
ov,21,forest,first,allDatasets,1.0411494357363493
ov,21,forest,first,justTargetDataset,1.1079611323536294
ov,21,forest,second,allDatasets,2.590039335402466
ov,21,forest,second,justTargetDataset,2.8765909710485453
pdac,21,forest,first,allDatasets,1.5657334652229538
pdac,21,forest,first,justTargetDataset,1.5767981685181516
pdac,21,forest,second,allDatasets,3.6587213019279563
pdac,21,forest,second,justTargetDataset,2.9611525622649837
all,21,forest,first,allDatasets,1.4858099012368835
all,21,forest,first,justTargetDataset,1.485003499187141
all,21,forest,second,allDatasets,1.415050386762796
all,21,forest,second,justTargetDataset,1.4127189766633392
brca,22,forest,first,allDatasets,0.9900819827046619
brca,22,forest,first,justTargetDataset,1.0452914020899298
brca,22,forest,second,allDatasets,1.1523530557512993
brca,22,forest,second,justTargetDataset,1.1943419797049057
ccrcc,22,forest,first,allDatasets,2.1493688733055163
ccrcc,22,forest,first,justTargetDataset,1.9894693352345874
ccrcc,22,forest,second,allDatasets,0.8682535726283709
ccrcc,22,forest,second,justTargetDataset,0.9125892039662742
coad,22,forest,first,allDatasets,5.0713788286011505
coad,22,forest,first,justTargetDataset,4.675565292094523
coad,22,forest,second,allDatasets,1.3465735770778637
coad,22,forest,second,justTargetDataset,1.3299871733542423
gbm,22,forest,first,allDatasets,1.147607434835781
gbm,22,forest,first,justTargetDataset,1.1323847400484488
gbm,22,forest,second,allDatasets,1.0336346406859322
gbm,22,forest,second,justTargetDataset,1.0318500669823238
hnscc,22,forest,first,allDatasets,0.9112109536902848
hnscc,22,forest,first,justTargetDataset,0.9456071418907557
hnscc,22,forest,second,allDatasets,0.925150550647191
hnscc,22,forest,second,justTargetDataset,0.9505024117098423
lscc,22,forest,first,allDatasets,0.6836880232012849
lscc,22,forest,first,justTargetDataset,0.845831988673685
lscc,22,forest,second,allDatasets,1.3089993743605253
lscc,22,forest,second,justTargetDataset,1.653124135691167
luad,22,forest,first,allDatasets,0.7867311363336303
luad,22,forest,first,justTargetDataset,0.8913987992634209
luad,22,forest,second,allDatasets,1.0324383162749629
luad,22,forest,second,justTargetDataset,1.09458445818158
ov,22,forest,first,allDatasets,1.3185915635093963
ov,22,forest,first,justTargetDataset,1.3290629800804472
ov,22,forest,second,allDatasets,1.0165972701106052
ov,22,forest,second,justTargetDataset,1.080788727619511
pdac,22,forest,first,allDatasets,2.3135063209131954
pdac,22,forest,first,justTargetDataset,2.0107583304330032
pdac,22,forest,second,allDatasets,1.2073946093662349
pdac,22,forest,second,justTargetDataset,1.1664659311439944
all,22,forest,first,allDatasets,1.529165620502365
all,22,forest,first,justTargetDataset,1.5306579228998412
all,22,forest,second,allDatasets,1.0904699276818146
all,22,forest,second,justTargetDataset,1.0891159703584625
brca,23,forest,first,allDatasets,0.929888113469449
brca,23,forest,first,justTargetDataset,0.9721586978308306
brca,23,forest,second,allDatasets,1.167798556779145
brca,23,forest,second,justTargetDataset,1.127673635943798
ccrcc,23,forest,first,allDatasets,0.8976216774662272
ccrcc,23,forest,first,justTargetDataset,0.9116849009854429
ccrcc,23,forest,second,allDatasets,0.7739594473072873
ccrcc,23,forest,second,justTargetDataset,0.8300189733374707
coad,23,forest,first,allDatasets,2.323195349749783
coad,23,forest,first,justTargetDataset,2.2644785318179363
coad,23,forest,second,allDatasets,2.4810467539517496
coad,23,forest,second,justTargetDataset,2.3173107246991567
gbm,23,forest,first,allDatasets,1.1711662624985641
gbm,23,forest,first,justTargetDataset,1.1728833919556296
gbm,23,forest,second,allDatasets,0.9601730051929815
gbm,23,forest,second,justTargetDataset,0.9714788798207258
hnscc,23,forest,first,allDatasets,2.4471147971543776
hnscc,23,forest,first,justTargetDataset,2.2162383625395385
hnscc,23,forest,second,allDatasets,1.1073277125984442
hnscc,23,forest,second,justTargetDataset,1.1618484523643409
lscc,23,forest,first,allDatasets,0.8183793972912129
lscc,23,forest,first,justTargetDataset,0.8845617650859111
lscc,23,forest,second,allDatasets,0.6441423170532066
lscc,23,forest,second,justTargetDataset,0.7720978151204855
luad,23,forest,first,allDatasets,0.8901184924690322
luad,23,forest,first,justTargetDataset,0.9697758759952739
luad,23,forest,second,allDatasets,0.8751007110058827
luad,23,forest,second,justTargetDataset,0.9561806525824678
ov,23,forest,first,allDatasets,0.9981973477187626
ov,23,forest,first,justTargetDataset,1.0376003007462464
ov,23,forest,second,allDatasets,1.2682168538497958
ov,23,forest,second,justTargetDataset,1.2600311124177623
pdac,23,forest,first,allDatasets,1.3016988970574441
pdac,23,forest,first,justTargetDataset,1.3381063644624245
pdac,23,forest,second,allDatasets,1.0269409571357409
pdac,23,forest,second,justTargetDataset,1.030200304346205
all,23,forest,first,allDatasets,1.2459058879246547
all,23,forest,first,justTargetDataset,1.24669510102097
all,23,forest,second,allDatasets,1.0504888385171678
all,23,forest,second,justTargetDataset,1.049367946085209
brca,24,forest,first,allDatasets,0.9895767890295784
brca,24,forest,first,justTargetDataset,1.0402927817172039
brca,24,forest,second,allDatasets,1.0987180493670772
brca,24,forest,second,justTargetDataset,1.1144187678087651
ccrcc,24,forest,first,allDatasets,0.9557871978044242
ccrcc,24,forest,first,justTargetDataset,0.9404964488807518
ccrcc,24,forest,second,allDatasets,1.272148953493076
ccrcc,24,forest,second,justTargetDataset,1.1967257606906492
coad,24,forest,first,allDatasets,2.6733438802350538
coad,24,forest,first,justTargetDataset,2.6172327103447444
coad,24,forest,second,allDatasets,4.922914052763647
coad,24,forest,second,justTargetDataset,4.682551862167797
gbm,24,forest,first,allDatasets,0.9847733859476986
gbm,24,forest,first,justTargetDataset,0.9995539182165653
gbm,24,forest,second,allDatasets,1.1930884740847547
gbm,24,forest,second,justTargetDataset,1.1684795134829977
hnscc,24,forest,first,allDatasets,0.8284377397504898
hnscc,24,forest,first,justTargetDataset,0.9127984746702735
hnscc,24,forest,second,allDatasets,1.0448963943547573
hnscc,24,forest,second,justTargetDataset,1.0400101986555528
lscc,24,forest,first,allDatasets,0.7733716825090646
lscc,24,forest,first,justTargetDataset,0.8531228252553432
lscc,24,forest,second,allDatasets,0.668297256327966
lscc,24,forest,second,justTargetDataset,0.7851547710278577
luad,24,forest,first,allDatasets,0.7950736618025582
luad,24,forest,first,justTargetDataset,0.8870079983527671
luad,24,forest,second,allDatasets,0.9830543671975994
luad,24,forest,second,justTargetDataset,1.0248164794355066
ov,24,forest,first,allDatasets,1.0666661997699254
ov,24,forest,first,justTargetDataset,1.1104058443853733
ov,24,forest,second,allDatasets,1.1813553915699475
ov,24,forest,second,justTargetDataset,1.1763912417252396
pdac,24,forest,first,allDatasets,2.411588569572546
pdac,24,forest,first,justTargetDataset,2.0715528227914493
pdac,24,forest,second,allDatasets,1.2750935171861553
pdac,24,forest,second,justTargetDataset,1.239691992408408
all,24,forest,first,allDatasets,1.165414234821543
all,24,forest,first,justTargetDataset,1.1653718607794632
all,24,forest,second,allDatasets,1.3498452406667
all,24,forest,second,justTargetDataset,1.346165248595863
brca,25,forest,first,allDatasets,1.179058933812285
brca,25,forest,first,justTargetDataset,1.1963774835335312
brca,25,forest,second,allDatasets,0.9557611795392943
brca,25,forest,second,justTargetDataset,1.0326897007417073
ccrcc,25,forest,first,allDatasets,1.0062083561557653
ccrcc,25,forest,first,justTargetDataset,1.0062207107405252
ccrcc,25,forest,second,allDatasets,0.7270289770672331
ccrcc,25,forest,second,justTargetDataset,0.790273502149437
coad,25,forest,first,allDatasets,1.5773521465170757
coad,25,forest,first,justTargetDataset,1.5675067129591291
coad,25,forest,second,allDatasets,4.328307047348001
coad,25,forest,second,justTargetDataset,4.090660304547157
gbm,25,forest,first,allDatasets,1.2385560305131957
gbm,25,forest,first,justTargetDataset,1.2023355152063584
gbm,25,forest,second,allDatasets,0.9346259359384362
gbm,25,forest,second,justTargetDataset,0.9433444240331926
hnscc,25,forest,first,allDatasets,0.8681522753846447
hnscc,25,forest,first,justTargetDataset,0.9115470699981642
hnscc,25,forest,second,allDatasets,0.957775667548983
hnscc,25,forest,second,justTargetDataset,0.9670164194599478
lscc,25,forest,first,allDatasets,0.6721469457613574
lscc,25,forest,first,justTargetDataset,0.7999465859203332
lscc,25,forest,second,allDatasets,0.7849295070645708
lscc,25,forest,second,justTargetDataset,0.8835571463030715
luad,25,forest,first,allDatasets,0.8747605878674495
luad,25,forest,first,justTargetDataset,0.9631097112507028
luad,25,forest,second,allDatasets,0.9295490960877546
luad,25,forest,second,justTargetDataset,0.9925925461711986
ov,25,forest,first,allDatasets,3.9295241746054574
ov,25,forest,first,justTargetDataset,3.748084828106835
ov,25,forest,second,allDatasets,1.1420906911407724
ov,25,forest,second,justTargetDataset,1.1915950247988971
pdac,25,forest,first,allDatasets,1.6619529477098267
pdac,25,forest,first,justTargetDataset,1.509592135148145
pdac,25,forest,second,allDatasets,1.3822520011440802
pdac,25,forest,second,justTargetDataset,1.328526451301762
all,25,forest,first,allDatasets,1.2447675985912339
all,25,forest,first,justTargetDataset,1.2440083208245
all,25,forest,second,allDatasets,1.2013967092033537
all,25,forest,second,justTargetDataset,1.1992512411394065
brca,26,forest,first,allDatasets,1.1836649621440551
brca,26,forest,first,justTargetDataset,1.157164478046573
brca,26,forest,second,allDatasets,0.9931713381472945
brca,26,forest,second,justTargetDataset,1.0474597567714345
ccrcc,26,forest,first,allDatasets,1.3612164329285208
ccrcc,26,forest,first,justTargetDataset,1.3902296028451708
ccrcc,26,forest,second,allDatasets,1.2909945171971584
ccrcc,26,forest,second,justTargetDataset,1.316960359657177
coad,26,forest,first,allDatasets,3.496664030792425
coad,26,forest,first,justTargetDataset,3.4309633157857626
coad,26,forest,second,allDatasets,2.1848982448839642
coad,26,forest,second,justTargetDataset,2.151919887462889
gbm,26,forest,first,allDatasets,0.9903385164193511
gbm,26,forest,first,justTargetDataset,1.0143631158251383
gbm,26,forest,second,allDatasets,1.2912534992132971
gbm,26,forest,second,justTargetDataset,1.3074779550191884
hnscc,26,forest,first,allDatasets,0.9720132253966373
hnscc,26,forest,first,justTargetDataset,1.005266863935529
hnscc,26,forest,second,allDatasets,0.8569299579240863
hnscc,26,forest,second,justTargetDataset,0.9048900975570268
lscc,26,forest,first,allDatasets,0.5578598583167879
lscc,26,forest,first,justTargetDataset,0.715139638973116
lscc,26,forest,second,allDatasets,1.0730704788548133
lscc,26,forest,second,justTargetDataset,1.09309570157329
luad,26,forest,first,allDatasets,0.8421075011112211
luad,26,forest,first,justTargetDataset,0.9278771201306639
luad,26,forest,second,allDatasets,0.9123308447662452
luad,26,forest,second,justTargetDataset,1.0027276225626436
ov,26,forest,first,allDatasets,1.1101470166884575
ov,26,forest,first,justTargetDataset,1.1437210501011998
ov,26,forest,second,allDatasets,1.1468058226067968
ov,26,forest,second,justTargetDataset,1.1547415753373464
pdac,26,forest,first,allDatasets,2.1580110236384265
pdac,26,forest,first,justTargetDataset,1.9634959724376235
pdac,26,forest,second,allDatasets,1.5272999703297745
pdac,26,forest,second,justTargetDataset,1.4945372660469958
all,26,forest,first,allDatasets,1.273686422697334
all,26,forest,first,justTargetDataset,1.271953411434055
all,26,forest,second,allDatasets,1.1920574290599133
all,26,forest,second,justTargetDataset,1.1907306367858486
brca,27,forest,first,allDatasets,0.8989412303823844
brca,27,forest,first,justTargetDataset,0.9710693716862114
brca,27,forest,second,allDatasets,1.2108216110462469
brca,27,forest,second,justTargetDataset,1.1856269680209954
ccrcc,27,forest,first,allDatasets,0.8474200589560298
ccrcc,27,forest,first,justTargetDataset,0.8920426668284562
ccrcc,27,forest,second,allDatasets,0.8713406309505789
ccrcc,27,forest,second,justTargetDataset,0.8949953008519713
coad,27,forest,first,allDatasets,5.117044518728951
coad,27,forest,first,justTargetDataset,4.995617193571945
coad,27,forest,second,allDatasets,2.2984569660985334
coad,27,forest,second,justTargetDataset,2.3318391504737273
gbm,27,forest,first,allDatasets,1.1516392976129024
gbm,27,forest,first,justTargetDataset,1.1277739526070356
gbm,27,forest,second,allDatasets,1.1360672686012627
gbm,27,forest,second,justTargetDataset,1.1353497028418846
hnscc,27,forest,first,allDatasets,0.9074249307501087
hnscc,27,forest,first,justTargetDataset,0.9562693277765124
hnscc,27,forest,second,allDatasets,1.6429749771211246
hnscc,27,forest,second,justTargetDataset,1.6107223151688927
lscc,27,forest,first,allDatasets,0.6614321444326446
lscc,27,forest,first,justTargetDataset,0.769079431289387
lscc,27,forest,second,allDatasets,0.8081710243212699
lscc,27,forest,second,justTargetDataset,0.877015933434077
luad,27,forest,first,allDatasets,1.128432101297574
luad,27,forest,first,justTargetDataset,1.4244890210778467
luad,27,forest,second,allDatasets,1.0192895255601768
luad,27,forest,second,justTargetDataset,1.0585016243879894
ov,27,forest,first,allDatasets,0.9436775932384239
ov,27,forest,first,justTargetDataset,1.0028454804090148
ov,27,forest,second,allDatasets,1.3452444037328217
ov,27,forest,second,justTargetDataset,1.3480633007260703
pdac,27,forest,first,allDatasets,2.9830872888665887
pdac,27,forest,first,justTargetDataset,2.5705321147862956
pdac,27,forest,second,allDatasets,3.6246503803864254
pdac,27,forest,second,justTargetDataset,3.2483562144714964
all,27,forest,first,allDatasets,1.432083086534495
all,27,forest,first,justTargetDataset,1.4327611074515236
all,27,forest,second,allDatasets,1.438326647786298
all,27,forest,second,justTargetDataset,1.4366612043433074
brca,28,forest,first,allDatasets,1.0547830759779744
brca,28,forest,first,justTargetDataset,1.045915041786068
brca,28,forest,second,allDatasets,1.01814857358861
brca,28,forest,second,justTargetDataset,1.0743841968712098
ccrcc,28,forest,first,allDatasets,2.291935132818579
ccrcc,28,forest,first,justTargetDataset,2.108024326090766
ccrcc,28,forest,second,allDatasets,0.7923506237942249
ccrcc,28,forest,second,justTargetDataset,0.8553440122092688
coad,28,forest,first,allDatasets,4.734095844673696
coad,28,forest,first,justTargetDataset,4.3654740396909695
coad,28,forest,second,allDatasets,3.268364947599995
coad,28,forest,second,justTargetDataset,3.2084720561304163
gbm,28,forest,first,allDatasets,1.2411427521594998
gbm,28,forest,first,justTargetDataset,1.209817558252755
gbm,28,forest,second,allDatasets,0.9499944527946725
gbm,28,forest,second,justTargetDataset,0.9827784110759616
hnscc,28,forest,first,allDatasets,0.8884377147118698
hnscc,28,forest,first,justTargetDataset,0.9206475489337445
hnscc,28,forest,second,allDatasets,0.9445924223075894
hnscc,28,forest,second,justTargetDataset,0.9775906674759696
lscc,28,forest,first,allDatasets,0.6514128189415096
lscc,28,forest,first,justTargetDataset,0.8063319107262998
lscc,28,forest,second,allDatasets,0.8300875591871583
lscc,28,forest,second,justTargetDataset,0.9293325191683087
luad,28,forest,first,allDatasets,0.874556149492374
luad,28,forest,first,justTargetDataset,0.9595520802393154
luad,28,forest,second,allDatasets,0.9386016416377901
luad,28,forest,second,justTargetDataset,1.0112314800122741
ov,28,forest,first,allDatasets,0.995774840541665
ov,28,forest,first,justTargetDataset,1.0410018643929608
ov,28,forest,second,allDatasets,1.2548718126675888
ov,28,forest,second,justTargetDataset,1.2329547545411998
pdac,28,forest,first,allDatasets,2.741884973932446
pdac,28,forest,first,justTargetDataset,2.9706031065525287
pdac,28,forest,second,allDatasets,1.455713485907044
pdac,28,forest,second,justTargetDataset,1.459912969108943
all,28,forest,first,allDatasets,1.5638057454621692
all,28,forest,first,justTargetDataset,1.5644169644939838
all,28,forest,second,allDatasets,1.1596797191537451
all,28,forest,second,justTargetDataset,1.159343128504506
brca,29,forest,first,allDatasets,0.9612803582670634
brca,29,forest,first,justTargetDataset,1.0247717570738302
brca,29,forest,second,allDatasets,1.176598356370857
brca,29,forest,second,justTargetDataset,1.1788412439954907
ccrcc,29,forest,first,allDatasets,2.1205098513159917
ccrcc,29,forest,first,justTargetDataset,1.9910454418371706
ccrcc,29,forest,second,allDatasets,0.8236734244141223
ccrcc,29,forest,second,justTargetDataset,0.8690323670607604
coad,29,forest,first,allDatasets,5.113915975207881
coad,29,forest,first,justTargetDataset,4.785911489660843
coad,29,forest,second,allDatasets,2.432956980797015
coad,29,forest,second,justTargetDataset,2.4944759217823718
gbm,29,forest,first,allDatasets,1.1869476225402302
gbm,29,forest,first,justTargetDataset,1.178260399667263
gbm,29,forest,second,allDatasets,0.9676238502061498
gbm,29,forest,second,justTargetDataset,0.9652940021900481
hnscc,29,forest,first,allDatasets,0.8930437688592968
hnscc,29,forest,first,justTargetDataset,0.9226177985460278
hnscc,29,forest,second,allDatasets,0.9883289054919886
hnscc,29,forest,second,justTargetDataset,0.9931605135429792
lscc,29,forest,first,allDatasets,0.8409396928890305
lscc,29,forest,first,justTargetDataset,0.9085495933116695
lscc,29,forest,second,allDatasets,0.6423540301184099
lscc,29,forest,second,justTargetDataset,0.7785839620446866
luad,29,forest,first,allDatasets,1.0848051749046541
luad,29,forest,first,justTargetDataset,1.126086691388197
luad,29,forest,second,allDatasets,0.745338806023953
luad,29,forest,second,justTargetDataset,0.8515538145958942
ov,29,forest,first,allDatasets,1.1792496713925062
ov,29,forest,first,justTargetDataset,1.2142609331904275
ov,29,forest,second,allDatasets,1.0542528521303272
ov,29,forest,second,justTargetDataset,1.0993592199092816
pdac,29,forest,first,allDatasets,1.49773112613061
pdac,29,forest,first,justTargetDataset,1.3785319935944913
pdac,29,forest,second,allDatasets,1.3591924905774226
pdac,29,forest,second,justTargetDataset,1.4346178851816078
all,29,forest,first,allDatasets,1.5131629031158385
all,29,forest,first,justTargetDataset,1.5134083848926374
all,29,forest,second,allDatasets,1.0349238233261135
all,29,forest,second,justTargetDataset,1.0339937884860684
brca,30,forest,first,allDatasets,1.0957022633182905
brca,30,forest,first,justTargetDataset,1.1204606215134532
brca,30,forest,second,allDatasets,1.2525344388834263
brca,30,forest,second,justTargetDataset,1.3980204176994144
ccrcc,30,forest,first,allDatasets,1.446100230800547
ccrcc,30,forest,first,justTargetDataset,1.3648051602233322
ccrcc,30,forest,second,allDatasets,1.3980182970365262
ccrcc,30,forest,second,justTargetDataset,1.3127850076036365
coad,30,forest,first,allDatasets,5.239929623100635
coad,30,forest,first,justTargetDataset,4.920354275409139
coad,30,forest,second,allDatasets,1.1533433478861632
coad,30,forest,second,justTargetDataset,1.1654982354223093
gbm,30,forest,first,allDatasets,1.3123784900826956
gbm,30,forest,first,justTargetDataset,1.3085926992514438
gbm,30,forest,second,allDatasets,3.027462098231269
gbm,30,forest,second,justTargetDataset,3.847342164385434
hnscc,30,forest,first,allDatasets,1.0025595922034545
hnscc,30,forest,first,justTargetDataset,0.9833950064717634
hnscc,30,forest,second,allDatasets,0.8525580460330483
hnscc,30,forest,second,justTargetDataset,0.8911142835226374
lscc,30,forest,first,allDatasets,0.6983487908432175
lscc,30,forest,first,justTargetDataset,0.8138534257804093
lscc,30,forest,second,allDatasets,0.7534497674264792
lscc,30,forest,second,justTargetDataset,0.8279864193349494
luad,30,forest,first,allDatasets,0.7614833052975692
luad,30,forest,first,justTargetDataset,0.8542477648847668
luad,30,forest,second,allDatasets,1.04485048724719
luad,30,forest,second,justTargetDataset,1.0995151858378265
ov,30,forest,first,allDatasets,1.1865951045727652
ov,30,forest,first,justTargetDataset,1.1836182194406875
ov,30,forest,second,allDatasets,1.061868060949177
ov,30,forest,second,justTargetDataset,1.0825981468914756
pdac,30,forest,first,allDatasets,1.506760229118086
pdac,30,forest,first,justTargetDataset,1.539746961700402
pdac,30,forest,second,allDatasets,1.4196011539106879
pdac,30,forest,second,justTargetDataset,1.3496290891243679
all,30,forest,first,allDatasets,1.389840060295784
all,30,forest,first,justTargetDataset,1.3906962833193022
all,30,forest,second,allDatasets,1.2395720876826863
all,30,forest,second,justTargetDataset,1.2407925968606368
brca,31,forest,first,allDatasets,1.090044865513319
brca,31,forest,first,justTargetDataset,1.1003497828643478
brca,31,forest,second,allDatasets,0.9762311239079255
brca,31,forest,second,justTargetDataset,1.030250971833011
ccrcc,31,forest,first,allDatasets,0.7980021034668445
ccrcc,31,forest,first,justTargetDataset,0.8597313974897545
ccrcc,31,forest,second,allDatasets,0.9114312643478527
ccrcc,31,forest,second,justTargetDataset,0.9274531059634934
coad,31,forest,first,allDatasets,2.9055553585610268
coad,31,forest,first,justTargetDataset,2.826212968958019
coad,31,forest,second,allDatasets,5.447683501050155
coad,31,forest,second,justTargetDataset,5.050448776501944
gbm,31,forest,first,allDatasets,1.0211019085294266
gbm,31,forest,first,justTargetDataset,1.0374440464318837
gbm,31,forest,second,allDatasets,1.111971065252266
gbm,31,forest,second,justTargetDataset,1.09458475386525
hnscc,31,forest,first,allDatasets,0.9173613537293984
hnscc,31,forest,first,justTargetDataset,0.9549447776011469
hnscc,31,forest,second,allDatasets,0.9054605930444928
hnscc,31,forest,second,justTargetDataset,0.9605788318449959
lscc,31,forest,first,allDatasets,0.75077872937099
lscc,31,forest,first,justTargetDataset,0.8479720211752049
lscc,31,forest,second,allDatasets,0.7030961903711376
lscc,31,forest,second,justTargetDataset,0.8186040045466881
luad,31,forest,first,allDatasets,0.7908657463887424
luad,31,forest,first,justTargetDataset,0.8809036339821088
luad,31,forest,second,allDatasets,1.2994776923638642
luad,31,forest,second,justTargetDataset,1.374826273041448
ov,31,forest,first,allDatasets,1.0646269988436268
ov,31,forest,first,justTargetDataset,1.0914372241014896
ov,31,forest,second,allDatasets,1.1902069739615586
ov,31,forest,second,justTargetDataset,1.232647775063113
pdac,31,forest,first,allDatasets,0.9769153410697861
pdac,31,forest,first,justTargetDataset,1.0086102530971142
pdac,31,forest,second,allDatasets,2.7703929846336663
pdac,31,forest,second,justTargetDataset,2.3974769612090423
all,31,forest,first,allDatasets,1.0422377328830037
all,31,forest,first,justTargetDataset,1.040692471633296
all,31,forest,second,allDatasets,1.5070313371154336
all,31,forest,second,justTargetDataset,1.5067764959808867
brca,32,forest,first,allDatasets,1.3021200798294084
brca,32,forest,first,justTargetDataset,1.434752375507847
brca,32,forest,second,allDatasets,1.1149409951073554
brca,32,forest,second,justTargetDataset,1.1026619781331628
ccrcc,32,forest,first,allDatasets,0.8865476555303969
ccrcc,32,forest,first,justTargetDataset,0.9064637882021452
ccrcc,32,forest,second,allDatasets,0.8538239277781228
ccrcc,32,forest,second,justTargetDataset,0.9058794595087518
coad,32,forest,first,allDatasets,4.502990571717904
coad,32,forest,first,justTargetDataset,4.1499287809785566
coad,32,forest,second,allDatasets,2.416510993192827
coad,32,forest,second,justTargetDataset,2.326439363702535
gbm,32,forest,first,allDatasets,1.1069138618035612
gbm,32,forest,first,justTargetDataset,1.0899984782902628
gbm,32,forest,second,allDatasets,1.0350380875856855
gbm,32,forest,second,justTargetDataset,1.0468211611681957
hnscc,32,forest,first,allDatasets,0.9087232577795322
hnscc,32,forest,first,justTargetDataset,0.9268983062313297
hnscc,32,forest,second,allDatasets,0.9199577619434953
hnscc,32,forest,second,justTargetDataset,0.9474007651425457
lscc,32,forest,first,allDatasets,0.7785630588982034
lscc,32,forest,first,justTargetDataset,0.8781536745843239
lscc,32,forest,second,allDatasets,0.7200883788135732
lscc,32,forest,second,justTargetDataset,0.8434629561627935
luad,32,forest,first,allDatasets,1.0082946669261097
luad,32,forest,first,justTargetDataset,1.12745998462215
luad,32,forest,second,allDatasets,0.9404705719145551
luad,32,forest,second,justTargetDataset,1.0692371909946865
ov,32,forest,first,allDatasets,1.1051795769994048
ov,32,forest,first,justTargetDataset,1.122462955987984
ov,32,forest,second,allDatasets,1.113013653183767
ov,32,forest,second,justTargetDataset,1.1342664863681466
pdac,32,forest,first,allDatasets,1.567056367818182
pdac,32,forest,first,justTargetDataset,1.4618751204946465
pdac,32,forest,second,allDatasets,1.142629215802126
pdac,32,forest,second,justTargetDataset,1.201207772347955
all,32,forest,first,allDatasets,1.299767624073055
all,32,forest,first,justTargetDataset,1.2999551548358987
all,32,forest,second,allDatasets,1.055219812959855
all,32,forest,second,justTargetDataset,1.0557128830375324
brca,33,forest,first,allDatasets,1.0651129788715263
brca,33,forest,first,justTargetDataset,1.068896071605805
brca,33,forest,second,allDatasets,1.0585414631588677
brca,33,forest,second,justTargetDataset,1.0992205223710023
ccrcc,33,forest,first,allDatasets,0.7836848676998426
ccrcc,33,forest,first,justTargetDataset,0.8138456994611317
ccrcc,33,forest,second,allDatasets,0.9368023297459904
ccrcc,33,forest,second,justTargetDataset,0.9472648294769273
coad,33,forest,first,allDatasets,2.589421419274242
coad,33,forest,first,justTargetDataset,2.5864729261232977
coad,33,forest,second,allDatasets,5.221540515908253
coad,33,forest,second,justTargetDataset,4.845039636897946
gbm,33,forest,first,allDatasets,1.0774254451472056
gbm,33,forest,first,justTargetDataset,1.101811192923077
gbm,33,forest,second,allDatasets,1.0748556640644862
gbm,33,forest,second,justTargetDataset,1.0674445514246071
hnscc,33,forest,first,allDatasets,0.8823180219251299
hnscc,33,forest,first,justTargetDataset,0.9085945194147079
hnscc,33,forest,second,allDatasets,0.9677472872556431
hnscc,33,forest,second,justTargetDataset,0.9875932079450807
lscc,33,forest,first,allDatasets,0.6316585952008691
lscc,33,forest,first,justTargetDataset,0.7603200236884072
lscc,33,forest,second,allDatasets,0.9557810943500324
lscc,33,forest,second,justTargetDataset,1.1028847883354809
luad,33,forest,first,allDatasets,1.0487763326278585
luad,33,forest,first,justTargetDataset,1.074834278491115
luad,33,forest,second,allDatasets,0.956370507149569
luad,33,forest,second,justTargetDataset,1.0751212905471728
ov,33,forest,first,allDatasets,1.308558894788546
ov,33,forest,first,justTargetDataset,1.3158377070386216
ov,33,forest,second,allDatasets,0.9643005259631011
ov,33,forest,second,justTargetDataset,1.0266982284416262
pdac,33,forest,first,allDatasets,1.2208745280109883
pdac,33,forest,first,justTargetDataset,1.2480851981415726
pdac,33,forest,second,allDatasets,1.718090063519432
pdac,33,forest,second,justTargetDataset,1.5545528692530264
all,33,forest,first,allDatasets,1.0750840725595272
all,33,forest,first,justTargetDataset,1.074425876064962
all,33,forest,second,allDatasets,1.3732552137706264
all,33,forest,second,justTargetDataset,1.3709515705002544
brca,34,forest,first,allDatasets,1.2148451509588383
brca,34,forest,first,justTargetDataset,1.1963729685530042
brca,34,forest,second,allDatasets,0.907987144708044
brca,34,forest,second,justTargetDataset,0.9303143616454044
ccrcc,34,forest,first,allDatasets,0.9232451349241134
ccrcc,34,forest,first,justTargetDataset,0.9251531756962671
ccrcc,34,forest,second,allDatasets,0.8142110579695997
ccrcc,34,forest,second,justTargetDataset,0.8712123472118212
coad,34,forest,first,allDatasets,1.933940091337028
coad,34,forest,first,justTargetDataset,1.8630912376461477
coad,34,forest,second,allDatasets,1.4675519959545518
coad,34,forest,second,justTargetDataset,1.4313185023310244
gbm,34,forest,first,allDatasets,0.9979571977930464
gbm,34,forest,first,justTargetDataset,1.0195248293368933
gbm,34,forest,second,allDatasets,1.1501623768283866
gbm,34,forest,second,justTargetDataset,1.151592041641517
hnscc,34,forest,first,allDatasets,0.9017185473977214
hnscc,34,forest,first,justTargetDataset,0.9281431519827991
hnscc,34,forest,second,allDatasets,0.9360046936027596
hnscc,34,forest,second,justTargetDataset,0.9457248880650696
lscc,34,forest,first,allDatasets,0.8742213774242812
lscc,34,forest,first,justTargetDataset,1.00279256227312
lscc,34,forest,second,allDatasets,0.9437700855402963
lscc,34,forest,second,justTargetDataset,1.0659096756420678
luad,34,forest,first,allDatasets,0.8595114799609942
luad,34,forest,first,justTargetDataset,0.9378271696639663
luad,34,forest,second,allDatasets,0.9180512211720173
luad,34,forest,second,justTargetDataset,0.9784653714880661
ov,34,forest,first,allDatasets,1.1640180251498513
ov,34,forest,first,justTargetDataset,1.1924549126720154
ov,34,forest,second,allDatasets,1.1231482302017208
ov,34,forest,second,justTargetDataset,1.1580533995173803
pdac,34,forest,first,allDatasets,2.9779175166508423
pdac,34,forest,first,justTargetDataset,2.590523113545759
pdac,34,forest,second,allDatasets,1.2968186964821502
pdac,34,forest,second,justTargetDataset,1.3149634549846434
all,34,forest,first,allDatasets,1.2210656277873393
all,34,forest,first,justTargetDataset,1.2216433736232999
all,34,forest,second,allDatasets,1.0143888525556841
all,34,forest,second,justTargetDataset,1.015023014195801
brca,35,forest,first,allDatasets,1.2383789075096092
brca,35,forest,first,justTargetDataset,1.2073439542436333
brca,35,forest,second,allDatasets,0.8639954241528314
brca,35,forest,second,justTargetDataset,0.9328316204156004
ccrcc,35,forest,first,allDatasets,0.8127268369510902
ccrcc,35,forest,first,justTargetDataset,0.8446335781143196
ccrcc,35,forest,second,allDatasets,0.8760652790767823
ccrcc,35,forest,second,justTargetDataset,0.9075696263987579
coad,35,forest,first,allDatasets,2.4806922722549434
coad,35,forest,first,justTargetDataset,2.4889485034908514
coad,35,forest,second,allDatasets,2.101365165014781
coad,35,forest,second,justTargetDataset,2.021571082388049
gbm,35,forest,first,allDatasets,1.0423383108239135
gbm,35,forest,first,justTargetDataset,1.0365592811253068
gbm,35,forest,second,allDatasets,1.13897521055125
gbm,35,forest,second,justTargetDataset,1.1409896174712817
hnscc,35,forest,first,allDatasets,0.8593269459097279
hnscc,35,forest,first,justTargetDataset,0.9336705717450227
hnscc,35,forest,second,allDatasets,0.9919379185232396
hnscc,35,forest,second,justTargetDataset,1.0075202527567504
lscc,35,forest,first,allDatasets,0.7603773959425434
lscc,35,forest,first,justTargetDataset,0.8496774621587048
lscc,35,forest,second,allDatasets,0.7012228310775387
lscc,35,forest,second,justTargetDataset,0.807010482497306
luad,35,forest,first,allDatasets,0.793297809114734
luad,35,forest,first,justTargetDataset,0.9159875874554809
luad,35,forest,second,allDatasets,1.0056543821971067
luad,35,forest,second,justTargetDataset,1.0598970185039214
ov,35,forest,first,allDatasets,1.0666287857261865
ov,35,forest,first,justTargetDataset,1.096386650961284
ov,35,forest,second,allDatasets,1.144224691908721
ov,35,forest,second,justTargetDataset,1.168414028217459
pdac,35,forest,first,allDatasets,1.595742098326543
pdac,35,forest,first,justTargetDataset,1.449346949905572
pdac,35,forest,second,allDatasets,1.2529519832190017
pdac,35,forest,second,justTargetDataset,1.2848477650587542
all,35,forest,first,allDatasets,1.0828956124200448
all,35,forest,first,justTargetDataset,1.0828878818161134
all,35,forest,second,allDatasets,1.049903338750976
all,35,forest,second,justTargetDataset,1.0516525412273081
brca,36,forest,first,allDatasets,1.4810332918579534
brca,36,forest,first,justTargetDataset,1.6864925814640603
brca,36,forest,second,allDatasets,0.9823355055273049
brca,36,forest,second,justTargetDataset,1.0401688496609665
ccrcc,36,forest,first,allDatasets,0.7869469694858887
ccrcc,36,forest,first,justTargetDataset,0.8234803785672088
ccrcc,36,forest,second,allDatasets,0.9134848028141002
ccrcc,36,forest,second,justTargetDataset,0.9434489945005569
coad,36,forest,first,allDatasets,2.1147009753777524
coad,36,forest,first,justTargetDataset,2.08284072622591
coad,36,forest,second,allDatasets,1.0244158373645038
coad,36,forest,second,justTargetDataset,1.0322570523605783
gbm,36,forest,first,allDatasets,1.0769978015643524
gbm,36,forest,first,justTargetDataset,1.0551406127498018
gbm,36,forest,second,allDatasets,1.0158534941957686
gbm,36,forest,second,justTargetDataset,1.0271293985331622
hnscc,36,forest,first,allDatasets,0.8473464687396922
hnscc,36,forest,first,justTargetDataset,0.8916721902961413
hnscc,36,forest,second,allDatasets,1.018307614033273
hnscc,36,forest,second,justTargetDataset,1.0032299566830731
lscc,36,forest,first,allDatasets,0.7696729752964252
lscc,36,forest,first,justTargetDataset,0.8891650070900831
lscc,36,forest,second,allDatasets,0.7070430475783469
lscc,36,forest,second,justTargetDataset,0.8199557380873728
luad,36,forest,first,allDatasets,0.9044887844056024
luad,36,forest,first,justTargetDataset,0.9714064312170646
luad,36,forest,second,allDatasets,0.9076748761872346
luad,36,forest,second,justTargetDataset,0.9796321117465655
ov,36,forest,first,allDatasets,1.0776241723019835
ov,36,forest,first,justTargetDataset,1.1110536373001627
ov,36,forest,second,allDatasets,1.1389296650416985
ov,36,forest,second,justTargetDataset,1.1463977018199984
pdac,36,forest,first,allDatasets,4.4714623689397435
pdac,36,forest,first,justTargetDataset,3.8635991599387753
pdac,36,forest,second,allDatasets,2.1749076680921804
pdac,36,forest,second,justTargetDataset,1.9789838977593734
all,36,forest,first,allDatasets,1.3731900962526913
all,36,forest,first,justTargetDataset,1.372169267047527
all,36,forest,second,allDatasets,1.0496063324478753
all,36,forest,second,justTargetDataset,1.047848157358725
brca,37,forest,first,allDatasets,0.9738795069272417
brca,37,forest,first,justTargetDataset,1.0827123734751884
brca,37,forest,second,allDatasets,1.1646136150228605
brca,37,forest,second,justTargetDataset,1.1600855459513955
ccrcc,37,forest,first,allDatasets,0.8279736275078126
ccrcc,37,forest,first,justTargetDataset,0.8641558634082017
ccrcc,37,forest,second,allDatasets,1.008114553529527
ccrcc,37,forest,second,justTargetDataset,1.0663778719240713
coad,37,forest,first,allDatasets,4.1901343087594185
coad,37,forest,first,justTargetDataset,3.9823148916445854
coad,37,forest,second,allDatasets,3.628846001615891
coad,37,forest,second,justTargetDataset,3.5626132373489554
gbm,37,forest,first,allDatasets,1.2562014326476914
gbm,37,forest,first,justTargetDataset,1.2294160984699831
gbm,37,forest,second,allDatasets,0.9695814324085683
gbm,37,forest,second,justTargetDataset,0.9969647301555427
hnscc,37,forest,first,allDatasets,0.9346547197009855
hnscc,37,forest,first,justTargetDataset,0.953288111134656
hnscc,37,forest,second,allDatasets,0.888071500802456
hnscc,37,forest,second,justTargetDataset,0.9282883466326475
lscc,37,forest,first,allDatasets,0.7218684207273234
lscc,37,forest,first,justTargetDataset,0.8283072839961169
lscc,37,forest,second,allDatasets,0.7061426476839475
lscc,37,forest,second,justTargetDataset,0.8199309518218951
luad,37,forest,first,allDatasets,0.9148454516409098
luad,37,forest,first,justTargetDataset,0.9907308777136924
luad,37,forest,second,allDatasets,1.0720860799285639
luad,37,forest,second,justTargetDataset,1.293804365431182
ov,37,forest,first,allDatasets,1.1707286831951729
ov,37,forest,first,justTargetDataset,1.1687614438896905
ov,37,forest,second,allDatasets,1.092053683694387
ov,37,forest,second,justTargetDataset,1.1450455496583007
pdac,37,forest,first,allDatasets,1.4770075777022864
pdac,37,forest,first,justTargetDataset,1.4426049160980077
pdac,37,forest,second,allDatasets,2.375295371466811
pdac,37,forest,second,justTargetDataset,2.4270317952592246
all,37,forest,first,allDatasets,1.225320955182153
all,37,forest,first,justTargetDataset,1.2253669039172193
all,37,forest,second,allDatasets,1.3022884814925058
all,37,forest,second,justTargetDataset,1.3022121795111647
brca,38,forest,first,allDatasets,0.9342899820756408
brca,38,forest,first,justTargetDataset,0.9883065980141136
brca,38,forest,second,allDatasets,1.1524556679280595
brca,38,forest,second,justTargetDataset,1.144279845148269
ccrcc,38,forest,first,allDatasets,0.933247672628256
ccrcc,38,forest,first,justTargetDataset,0.9616490643802038
ccrcc,38,forest,second,allDatasets,1.4882838515212877
ccrcc,38,forest,second,justTargetDataset,1.4547825329577264
coad,38,forest,first,allDatasets,6.8542201594791505
coad,38,forest,first,justTargetDataset,6.27002593849675
coad,38,forest,second,allDatasets,3.4805438853906066
coad,38,forest,second,justTargetDataset,3.5313913332436018
gbm,38,forest,first,allDatasets,1.1188228066710104
gbm,38,forest,first,justTargetDataset,1.1263892565730722
gbm,38,forest,second,allDatasets,1.0757171430190002
gbm,38,forest,second,justTargetDataset,1.09880222478333
hnscc,38,forest,first,allDatasets,0.9052229461091746
hnscc,38,forest,first,justTargetDataset,0.9382436071779268
hnscc,38,forest,second,allDatasets,0.9291235273596751
hnscc,38,forest,second,justTargetDataset,0.9536542230787358
lscc,38,forest,first,allDatasets,0.7486326269720271
lscc,38,forest,first,justTargetDataset,0.8585917595304104
lscc,38,forest,second,allDatasets,0.6978513226527833
lscc,38,forest,second,justTargetDataset,0.8086508880849196
luad,38,forest,first,allDatasets,0.9879096811903758
luad,38,forest,first,justTargetDataset,1.1249096272043784
luad,38,forest,second,allDatasets,0.9464698012470528
luad,38,forest,second,justTargetDataset,1.0022949421350476
ov,38,forest,first,allDatasets,1.282692868066006
ov,38,forest,first,justTargetDataset,1.3229130127752278
ov,38,forest,second,allDatasets,1.012115945895405
ov,38,forest,second,justTargetDataset,1.0484681996940137
pdac,38,forest,first,allDatasets,1.3447685942677998
pdac,38,forest,first,justTargetDataset,1.3702315739108029
pdac,38,forest,second,allDatasets,2.294669182058978
pdac,38,forest,second,justTargetDataset,2.012743578363927
all,38,forest,first,allDatasets,1.435577106406236
all,38,forest,first,justTargetDataset,1.4362038136812887
all,38,forest,second,allDatasets,1.336723603067711
all,38,forest,second,justTargetDataset,1.3378573258547442
brca,39,forest,first,allDatasets,1.336661110068634
brca,39,forest,first,justTargetDataset,1.4728619343708511
brca,39,forest,second,allDatasets,0.9480855470418263
brca,39,forest,second,justTargetDataset,1.0164044049971868
ccrcc,39,forest,first,allDatasets,0.8860118404156259
ccrcc,39,forest,first,justTargetDataset,0.9336613693165716
ccrcc,39,forest,second,allDatasets,0.8449294948458451
ccrcc,39,forest,second,justTargetDataset,0.8861552080371724
coad,39,forest,first,allDatasets,8.1422787993054
coad,39,forest,first,justTargetDataset,7.549985211895896
coad,39,forest,second,allDatasets,1.544081065453159
coad,39,forest,second,justTargetDataset,1.6646232442383067
gbm,39,forest,first,allDatasets,1.0121514765172641
gbm,39,forest,first,justTargetDataset,1.0032160170538134
gbm,39,forest,second,allDatasets,1.109877938445392
gbm,39,forest,second,justTargetDataset,1.103228978988638
hnscc,39,forest,first,allDatasets,0.9919415887353896
hnscc,39,forest,first,justTargetDataset,0.993368328867216
hnscc,39,forest,second,allDatasets,0.8726181911841675
hnscc,39,forest,second,justTargetDataset,0.935478291796857
lscc,39,forest,first,allDatasets,0.7588090200726111
lscc,39,forest,first,justTargetDataset,0.8847004479613964
lscc,39,forest,second,allDatasets,0.7297281423713715
lscc,39,forest,second,justTargetDataset,0.8340254286437496
luad,39,forest,first,allDatasets,0.9243690059222652
luad,39,forest,first,justTargetDataset,0.9829743001277592
luad,39,forest,second,allDatasets,0.8336231241760763
luad,39,forest,second,justTargetDataset,0.9292798834641174
ov,39,forest,first,allDatasets,3.4479795193140625
ov,39,forest,first,justTargetDataset,3.288168264867236
ov,39,forest,second,allDatasets,1.070914900260886
ov,39,forest,second,justTargetDataset,1.1074734813260259
pdac,39,forest,first,allDatasets,2.9499875540748213
pdac,39,forest,first,justTargetDataset,2.490755875215132
pdac,39,forest,second,allDatasets,4.420106530624245
pdac,39,forest,second,justTargetDataset,3.693728415236779
all,39,forest,first,allDatasets,1.848847250919403
all,39,forest,first,justTargetDataset,1.8500778088638186
all,39,forest,second,allDatasets,1.2710992900901985
all,39,forest,second,justTargetDataset,1.2691073324281317
brca,40,forest,first,allDatasets,0.968810418056029
brca,40,forest,first,justTargetDataset,1.0146771175684384
brca,40,forest,second,allDatasets,1.1209589297850568
brca,40,forest,second,justTargetDataset,1.1232385874203605
ccrcc,40,forest,first,allDatasets,0.8699958097111814
ccrcc,40,forest,first,justTargetDataset,0.9042908671228939
ccrcc,40,forest,second,allDatasets,0.8141621752750484
ccrcc,40,forest,second,justTargetDataset,0.8516169182408402
coad,40,forest,first,allDatasets,1.33760112495843
coad,40,forest,first,justTargetDataset,1.3229046220167666
coad,40,forest,second,allDatasets,2.3977980676253647
coad,40,forest,second,justTargetDataset,2.3232456156829486
gbm,40,forest,first,allDatasets,0.9732831564700672
gbm,40,forest,first,justTargetDataset,0.9874805144897496
gbm,40,forest,second,allDatasets,1.1566901680641581
gbm,40,forest,second,justTargetDataset,1.1756692831164188
hnscc,40,forest,first,allDatasets,0.9577496643147125
hnscc,40,forest,first,justTargetDataset,0.9717587348990699
hnscc,40,forest,second,allDatasets,0.8858624579193873
hnscc,40,forest,second,justTargetDataset,0.9507439324145696
lscc,40,forest,first,allDatasets,0.7217089983899171
lscc,40,forest,first,justTargetDataset,0.8399639670642255
lscc,40,forest,second,allDatasets,0.7674800836577707
lscc,40,forest,second,justTargetDataset,0.8748491508530585
luad,40,forest,first,allDatasets,0.8798892668638072
luad,40,forest,first,justTargetDataset,0.9579660364918715
luad,40,forest,second,allDatasets,0.8851559752646994
luad,40,forest,second,justTargetDataset,0.9430699720018824
ov,40,forest,first,allDatasets,1.113437452460336
ov,40,forest,first,justTargetDataset,1.1138982940569617
ov,40,forest,second,allDatasets,1.108967393075963
ov,40,forest,second,justTargetDataset,1.1344762989992148
pdac,40,forest,first,allDatasets,1.3035857527977535
pdac,40,forest,first,justTargetDataset,1.3054368651788537
pdac,40,forest,second,allDatasets,2.9627096113863343
pdac,40,forest,second,justTargetDataset,2.475959853821357
all,40,forest,first,allDatasets,0.9654348879880215
all,40,forest,first,justTargetDataset,0.9675986438115594
all,40,forest,second,allDatasets,1.228985175863588
all,40,forest,second,justTargetDataset,1.2300896409223445
brca,41,forest,first,allDatasets,1.1661710670135321
brca,41,forest,first,justTargetDataset,1.16112832929095
brca,41,forest,second,allDatasets,0.9242552273342086
brca,41,forest,second,justTargetDataset,0.9497497643525786
ccrcc,41,forest,first,allDatasets,0.7460126164869105
ccrcc,41,forest,first,justTargetDataset,0.793966047951735
ccrcc,41,forest,second,allDatasets,0.9798882060470432
ccrcc,41,forest,second,justTargetDataset,0.9773328206013713
coad,41,forest,first,allDatasets,8.807110507682612
coad,41,forest,first,justTargetDataset,8.166706363172572
coad,41,forest,second,allDatasets,1.072453745762688
coad,41,forest,second,justTargetDataset,1.0840335596176234
gbm,41,forest,first,allDatasets,0.9158802113309648
gbm,41,forest,first,justTargetDataset,0.9377985428659908
gbm,41,forest,second,allDatasets,1.2236899179084617
gbm,41,forest,second,justTargetDataset,1.1844094912125664
hnscc,41,forest,first,allDatasets,0.950854791541503
hnscc,41,forest,first,justTargetDataset,0.9469242981606799
hnscc,41,forest,second,allDatasets,0.8746301095854161
hnscc,41,forest,second,justTargetDataset,0.9175989177629053
lscc,41,forest,first,allDatasets,0.6311995524316768
lscc,41,forest,first,justTargetDataset,0.7586150698156502
lscc,41,forest,second,allDatasets,0.8546302955177455
lscc,41,forest,second,justTargetDataset,0.9224833802982381
luad,41,forest,first,allDatasets,0.7469070293026483
luad,41,forest,first,justTargetDataset,0.8659290381088036
luad,41,forest,second,allDatasets,1.1064481268525381
luad,41,forest,second,justTargetDataset,1.1467843394532566
ov,41,forest,first,allDatasets,2.968104748059009
ov,41,forest,first,justTargetDataset,3.2666904003164983
ov,41,forest,second,allDatasets,1.000194139484991
ov,41,forest,second,justTargetDataset,1.016635908100635
pdac,41,forest,first,allDatasets,1.5055099659009057
pdac,41,forest,first,justTargetDataset,1.5023779659117305
pdac,41,forest,second,allDatasets,1.578849948098184
pdac,41,forest,second,justTargetDataset,1.4392835217697335
all,41,forest,first,allDatasets,1.635393869932912
all,41,forest,first,justTargetDataset,1.6337132922306452
all,41,forest,second,allDatasets,1.0497263415867617
all,41,forest,second,justTargetDataset,1.0446081469457082
brca,42,forest,first,allDatasets,1.0639822414457671
brca,42,forest,first,justTargetDataset,1.0876544419920573
brca,42,forest,second,allDatasets,1.035945353929944
brca,42,forest,second,justTargetDataset,1.0580049746896008
ccrcc,42,forest,first,allDatasets,0.8711770731191356
ccrcc,42,forest,first,justTargetDataset,0.8982456660357603
ccrcc,42,forest,second,allDatasets,1.5283168117006
ccrcc,42,forest,second,justTargetDataset,1.7009210060254008
coad,42,forest,first,allDatasets,7.771889105777647
coad,42,forest,first,justTargetDataset,7.260957218443239
coad,42,forest,second,allDatasets,2.32521502184062
coad,42,forest,second,justTargetDataset,2.2304883337723957
gbm,42,forest,first,allDatasets,0.993902287356721
gbm,42,forest,first,justTargetDataset,1.016449560761709
gbm,42,forest,second,allDatasets,1.3067742332532208
gbm,42,forest,second,justTargetDataset,1.3166601235717525
hnscc,42,forest,first,allDatasets,0.8477024998832304
hnscc,42,forest,first,justTargetDataset,0.89504045411615
hnscc,42,forest,second,allDatasets,0.9669627415980199
hnscc,42,forest,second,justTargetDataset,0.967628560757805
lscc,42,forest,first,allDatasets,0.9179948124830519
lscc,42,forest,first,justTargetDataset,0.9651193863614194
lscc,42,forest,second,allDatasets,0.7784460926678478
lscc,42,forest,second,justTargetDataset,1.0566761122991024
luad,42,forest,first,allDatasets,1.3411667038727488
luad,42,forest,first,justTargetDataset,1.5556033076619087
luad,42,forest,second,allDatasets,0.9540091035081079
luad,42,forest,second,justTargetDataset,1.0415727043167515
ov,42,forest,first,allDatasets,3.0498537751269037
ov,42,forest,first,justTargetDataset,3.2743434359454415
ov,42,forest,second,allDatasets,1.0147384091806588
ov,42,forest,second,justTargetDataset,1.0452604242265624
pdac,42,forest,first,allDatasets,1.5336852293345054
pdac,42,forest,first,justTargetDataset,1.4145356997456608
pdac,42,forest,second,allDatasets,1.1767230846758279
pdac,42,forest,second,justTargetDataset,1.1895543541902094
all,42,forest,first,allDatasets,1.711030518747025
all,42,forest,first,justTargetDataset,1.7101168351530247
all,42,forest,second,allDatasets,1.1702530653269385
all,42,forest,second,justTargetDataset,1.1701583971899159
brca,43,forest,first,allDatasets,1.0957436004515957
brca,43,forest,first,justTargetDataset,1.1038994288960353
brca,43,forest,second,allDatasets,0.9551616627451838
brca,43,forest,second,justTargetDataset,0.99890992736044
ccrcc,43,forest,first,allDatasets,1.904233718002562
ccrcc,43,forest,first,justTargetDataset,1.9575121253892453
ccrcc,43,forest,second,allDatasets,0.8260720937767188
ccrcc,43,forest,second,justTargetDataset,0.876215415367134
coad,43,forest,first,allDatasets,3.158549168056703
coad,43,forest,first,justTargetDataset,3.2093738890313572
coad,43,forest,second,allDatasets,4.327635845346272
coad,43,forest,second,justTargetDataset,4.006945988659944
gbm,43,forest,first,allDatasets,1.10133054773194
gbm,43,forest,first,justTargetDataset,1.117340599789849
gbm,43,forest,second,allDatasets,1.0307536291862387
gbm,43,forest,second,justTargetDataset,1.0460660965999449
hnscc,43,forest,first,allDatasets,0.8284420684483281
hnscc,43,forest,first,justTargetDataset,0.910212990242776
hnscc,43,forest,second,allDatasets,1.5359931812237824
hnscc,43,forest,second,justTargetDataset,1.5407054418959514
lscc,43,forest,first,allDatasets,0.7962585176659411
lscc,43,forest,first,justTargetDataset,0.8713935757635372
lscc,43,forest,second,allDatasets,0.6533513063070171
lscc,43,forest,second,justTargetDataset,0.7852111006175724
luad,43,forest,first,allDatasets,0.9432995570234994
luad,43,forest,first,justTargetDataset,0.9946616852290486
luad,43,forest,second,allDatasets,0.8066708910563876
luad,43,forest,second,justTargetDataset,0.90585745914343
ov,43,forest,first,allDatasets,1.6827425550797785
ov,43,forest,first,justTargetDataset,1.899605762846065
ov,43,forest,second,allDatasets,1.164003562052496
ov,43,forest,second,justTargetDataset,1.1981908869450084
pdac,43,forest,first,allDatasets,2.324730221538695
pdac,43,forest,first,justTargetDataset,2.192702427880418
pdac,43,forest,second,allDatasets,1.4421344966093979
pdac,43,forest,second,justTargetDataset,1.3441943763480313
all,43,forest,first,allDatasets,1.414027488803086
all,43,forest,first,justTargetDataset,1.4113502104832736
all,43,forest,second,allDatasets,1.2556281035485728
all,43,forest,second,justTargetDataset,1.2597024757175679
brca,44,forest,first,allDatasets,1.016205168704412
brca,44,forest,first,justTargetDataset,1.028949642278736
brca,44,forest,second,allDatasets,1.2894922933941446
brca,44,forest,second,justTargetDataset,1.4132391187910656
ccrcc,44,forest,first,allDatasets,0.8515776178234409
ccrcc,44,forest,first,justTargetDataset,0.9071881854093402
ccrcc,44,forest,second,allDatasets,3.2174191809032497
ccrcc,44,forest,second,justTargetDataset,2.9542570630174683
coad,44,forest,first,allDatasets,4.763086067379672
coad,44,forest,first,justTargetDataset,4.610181896861917
coad,44,forest,second,allDatasets,1.396350213187871
coad,44,forest,second,justTargetDataset,1.4063692577092175
gbm,44,forest,first,allDatasets,0.9557214340795872
gbm,44,forest,first,justTargetDataset,1.008172211237128
gbm,44,forest,second,allDatasets,1.2657701959118408
gbm,44,forest,second,justTargetDataset,1.223617473068408
hnscc,44,forest,first,allDatasets,0.9790829811591311
hnscc,44,forest,first,justTargetDataset,1.002474097334728
hnscc,44,forest,second,allDatasets,0.8623339703177613
hnscc,44,forest,second,justTargetDataset,0.9173598710267142
lscc,44,forest,first,allDatasets,0.6985648993752148
lscc,44,forest,first,justTargetDataset,0.8393183036592374
lscc,44,forest,second,allDatasets,0.7911030409737656
lscc,44,forest,second,justTargetDataset,0.9045074522844065
luad,44,forest,first,allDatasets,1.1916158504465393
luad,44,forest,first,justTargetDataset,1.3882320028448452
luad,44,forest,second,allDatasets,0.8433899869731568
luad,44,forest,second,justTargetDataset,0.9358248887185502
ov,44,forest,first,allDatasets,1.8861578452045045
ov,44,forest,first,justTargetDataset,1.918330751947472
ov,44,forest,second,allDatasets,4.003459741824312
ov,44,forest,second,justTargetDataset,3.870986107398409
pdac,44,forest,first,allDatasets,3.1286979634872276
pdac,44,forest,first,justTargetDataset,2.676110563015031
pdac,44,forest,second,allDatasets,1.471329308713152
pdac,44,forest,second,justTargetDataset,1.4691810948535433
all,44,forest,first,allDatasets,1.504571206586555
all,44,forest,first,justTargetDataset,1.5026568529380409
all,44,forest,second,allDatasets,1.5474128185072284
all,44,forest,second,justTargetDataset,1.5479016463837545
brca,45,forest,first,allDatasets,0.8539231186791891
brca,45,forest,first,justTargetDataset,0.916827819943641
brca,45,forest,second,allDatasets,1.2282830444505553
brca,45,forest,second,justTargetDataset,1.2144220181502758
ccrcc,45,forest,first,allDatasets,0.8421228834173284
ccrcc,45,forest,first,justTargetDataset,0.8798508603735349
ccrcc,45,forest,second,allDatasets,0.866096924998774
ccrcc,45,forest,second,justTargetDataset,0.886496209739136
coad,45,forest,first,allDatasets,3.044122068013375
coad,45,forest,first,justTargetDataset,2.923970181909264
coad,45,forest,second,allDatasets,1.8599837156948982
coad,45,forest,second,justTargetDataset,1.9182144253582478
gbm,45,forest,first,allDatasets,1.0365827915426398
gbm,45,forest,first,justTargetDataset,1.0511092603175514
gbm,45,forest,second,allDatasets,1.0649605090146457
gbm,45,forest,second,justTargetDataset,1.0490430937279513
hnscc,45,forest,first,allDatasets,0.903337644408229
hnscc,45,forest,first,justTargetDataset,0.9485934488297671
hnscc,45,forest,second,allDatasets,0.9424236062688356
hnscc,45,forest,second,justTargetDataset,0.9710489671217635
lscc,45,forest,first,allDatasets,0.5880888715009597
lscc,45,forest,first,justTargetDataset,0.7315567494041167
lscc,45,forest,second,allDatasets,0.8779191896464787
lscc,45,forest,second,justTargetDataset,0.9404619192606969
luad,45,forest,first,allDatasets,1.0870968461430721
luad,45,forest,first,justTargetDataset,1.126449437703512
luad,45,forest,second,allDatasets,0.7530177792507761
luad,45,forest,second,justTargetDataset,0.8697120309539575
ov,45,forest,first,allDatasets,1.145997164425243
ov,45,forest,first,justTargetDataset,1.1377706114627308
ov,45,forest,second,allDatasets,1.097124977465435
ov,45,forest,second,justTargetDataset,1.107012253930021
pdac,45,forest,first,allDatasets,2.3892030945504668
pdac,45,forest,first,justTargetDataset,2.063788176065518
pdac,45,forest,second,allDatasets,1.1283476319858654
pdac,45,forest,second,justTargetDataset,1.1640370202246388
all,45,forest,first,allDatasets,1.1998544864138967
all,45,forest,first,justTargetDataset,1.1970743622552462
all,45,forest,second,allDatasets,1.0235391401071223
all,45,forest,second,justTargetDataset,1.0220726175068724
brca,46,forest,first,allDatasets,1.0741920476307227
brca,46,forest,first,justTargetDataset,1.079698424002967
brca,46,forest,second,allDatasets,1.0222696885332878
brca,46,forest,second,justTargetDataset,1.0638736310597252
ccrcc,46,forest,first,allDatasets,0.8472678034083004
ccrcc,46,forest,first,justTargetDataset,0.9067911093790358
ccrcc,46,forest,second,allDatasets,1.4991289703480626
ccrcc,46,forest,second,justTargetDataset,1.557534945667366
coad,46,forest,first,allDatasets,1.0073787162061663
coad,46,forest,first,justTargetDataset,1.0297999970716272
coad,46,forest,second,allDatasets,5.116334066062917
coad,46,forest,second,justTargetDataset,4.8671806960939215
gbm,46,forest,first,allDatasets,1.0757672119000263
gbm,46,forest,first,justTargetDataset,1.067657782228762
gbm,46,forest,second,allDatasets,1.1357864325288598
gbm,46,forest,second,justTargetDataset,1.1476078043744877
hnscc,46,forest,first,allDatasets,0.8473169343371898
hnscc,46,forest,first,justTargetDataset,0.8911189257347855
hnscc,46,forest,second,allDatasets,0.9739747380348498
hnscc,46,forest,second,justTargetDataset,0.9810431011620165
lscc,46,forest,first,allDatasets,0.7854392511455153
lscc,46,forest,first,justTargetDataset,0.9516145413816964
lscc,46,forest,second,allDatasets,0.6815217865593121
lscc,46,forest,second,justTargetDataset,0.8068231132784357
luad,46,forest,first,allDatasets,1.0909080121070034
luad,46,forest,first,justTargetDataset,1.4180673504159131
luad,46,forest,second,allDatasets,0.9988876093224123
luad,46,forest,second,justTargetDataset,1.0602720265873902
ov,46,forest,first,allDatasets,2.066572090272208
ov,46,forest,first,justTargetDataset,2.195310349417813
ov,46,forest,second,allDatasets,1.1081057911846186
ov,46,forest,second,justTargetDataset,1.1929245663417456
pdac,46,forest,first,allDatasets,2.0183880626521202
pdac,46,forest,first,justTargetDataset,1.8214564865623422
pdac,46,forest,second,allDatasets,1.458230841083705
pdac,46,forest,second,justTargetDataset,1.4916285706832624
all,46,forest,first,allDatasets,1.1181920094710889
all,46,forest,first,justTargetDataset,1.1188566319666242
all,46,forest,second,allDatasets,1.3896575404362346
all,46,forest,second,justTargetDataset,1.3939773316811892
brca,47,forest,first,allDatasets,1.1726754754453816
brca,47,forest,first,justTargetDataset,1.152551440432375
brca,47,forest,second,allDatasets,0.9445286884345856
brca,47,forest,second,justTargetDataset,1.0024990452612539
ccrcc,47,forest,first,allDatasets,0.8171926875786296
ccrcc,47,forest,first,justTargetDataset,0.8691226900549145
ccrcc,47,forest,second,allDatasets,0.8695722496400405
ccrcc,47,forest,second,justTargetDataset,0.9138665641873969
coad,47,forest,first,allDatasets,2.0888429271755085
coad,47,forest,first,justTargetDataset,2.075890307956642
coad,47,forest,second,allDatasets,10.551911216325255
coad,47,forest,second,justTargetDataset,9.606692148186925
gbm,47,forest,first,allDatasets,2.1313624918365432
gbm,47,forest,first,justTargetDataset,2.136267560893516
gbm,47,forest,second,allDatasets,1.3283798010925945
gbm,47,forest,second,justTargetDataset,1.3320081033726245
hnscc,47,forest,first,allDatasets,0.9645994859007477
hnscc,47,forest,first,justTargetDataset,0.9840271814935052
hnscc,47,forest,second,allDatasets,0.8790804859716915
hnscc,47,forest,second,justTargetDataset,0.9404050284925516
lscc,47,forest,first,allDatasets,0.6847278839283216
lscc,47,forest,first,justTargetDataset,0.8191949585900418
lscc,47,forest,second,allDatasets,0.8625231807679116
lscc,47,forest,second,justTargetDataset,0.9354682563061439
luad,47,forest,first,allDatasets,0.8708872350712381
luad,47,forest,first,justTargetDataset,0.9501969630311428
luad,47,forest,second,allDatasets,0.8854557601625886
luad,47,forest,second,justTargetDataset,0.9794846651458002
ov,47,forest,first,allDatasets,2.996347858549064
ov,47,forest,first,justTargetDataset,2.838403513386396
ov,47,forest,second,allDatasets,1.0996618677909702
ov,47,forest,second,justTargetDataset,1.1280912903988067
pdac,47,forest,first,allDatasets,1.1850310777013622
pdac,47,forest,first,justTargetDataset,1.1630048377544513
pdac,47,forest,second,allDatasets,1.272426784646116
pdac,47,forest,second,justTargetDataset,1.2682735319936675
all,47,forest,first,allDatasets,1.236696391513888
all,47,forest,first,justTargetDataset,1.23464407207212
all,47,forest,second,allDatasets,1.710877398336786
all,47,forest,second,justTargetDataset,1.7105505804528163
brca,48,forest,first,allDatasets,1.0108476815102243
brca,48,forest,first,justTargetDataset,1.0694201665504912
brca,48,forest,second,allDatasets,1.098672573412175
brca,48,forest,second,justTargetDataset,1.0963261521230516
ccrcc,48,forest,first,allDatasets,0.8406200674720338
ccrcc,48,forest,first,justTargetDataset,0.8820456660828048
ccrcc,48,forest,second,allDatasets,0.8748505067345561
ccrcc,48,forest,second,justTargetDataset,0.9140836266864992
coad,48,forest,first,allDatasets,2.6786870514503205
coad,48,forest,first,justTargetDataset,2.68573720427263
coad,48,forest,second,allDatasets,2.7514384896210076
coad,48,forest,second,justTargetDataset,2.6755060928421077
gbm,48,forest,first,allDatasets,1.0151177103723226
gbm,48,forest,first,justTargetDataset,1.0106499794841866
gbm,48,forest,second,allDatasets,1.1329187916147194
gbm,48,forest,second,justTargetDataset,1.134745837526276
hnscc,48,forest,first,allDatasets,1.1670861872950478
hnscc,48,forest,first,justTargetDataset,1.1919009216956586
hnscc,48,forest,second,allDatasets,1.9776070439872586
hnscc,48,forest,second,justTargetDataset,1.8387031253007171
lscc,48,forest,first,allDatasets,0.7142335727087474
lscc,48,forest,first,justTargetDataset,0.8304828257186243
lscc,48,forest,second,allDatasets,0.7289958962204793
lscc,48,forest,second,justTargetDataset,0.8289724390143752
luad,48,forest,first,allDatasets,0.8375746294816611
luad,48,forest,first,justTargetDataset,0.9319353727044302
luad,48,forest,second,allDatasets,1.0112964237149105
luad,48,forest,second,justTargetDataset,1.1110552337103918
ov,48,forest,first,allDatasets,1.088710795484155
ov,48,forest,first,justTargetDataset,1.1177739974190815
ov,48,forest,second,allDatasets,4.756407521047155
ov,48,forest,second,justTargetDataset,4.4221997245084
pdac,48,forest,first,allDatasets,1.2303573872651765
pdac,48,forest,first,justTargetDataset,1.2256975242763826
pdac,48,forest,second,allDatasets,1.1851602890090223
pdac,48,forest,second,justTargetDataset,1.1434090013529241
all,48,forest,first,allDatasets,1.0812906794879555
all,48,forest,first,justTargetDataset,1.0787382529404261
all,48,forest,second,allDatasets,1.4702736069511404
all,48,forest,second,justTargetDataset,1.4706604070550982
brca,49,forest,first,allDatasets,0.9331155350903548
brca,49,forest,first,justTargetDataset,0.9572625391139635
brca,49,forest,second,allDatasets,1.1568627268321359
brca,49,forest,second,justTargetDataset,1.1408281924094612
ccrcc,49,forest,first,allDatasets,1.1197712802173347
ccrcc,49,forest,first,justTargetDataset,1.106200727741408
ccrcc,49,forest,second,allDatasets,0.7642084732059636
ccrcc,49,forest,second,justTargetDataset,0.8089374740003398
coad,49,forest,first,allDatasets,4.299751481226632
coad,49,forest,first,justTargetDataset,3.984631085840774
coad,49,forest,second,allDatasets,1.6715439345433842
coad,49,forest,second,justTargetDataset,1.6497752404584276
gbm,49,forest,first,allDatasets,1.067567163351858
gbm,49,forest,first,justTargetDataset,1.0704682510660564
gbm,49,forest,second,allDatasets,1.0924662636215443
gbm,49,forest,second,justTargetDataset,1.0694963976074197
hnscc,49,forest,first,allDatasets,1.1186835998635551
hnscc,49,forest,first,justTargetDataset,1.2037230976204425
hnscc,49,forest,second,allDatasets,0.9450636044828628
hnscc,49,forest,second,justTargetDataset,0.9658284291036885
lscc,49,forest,first,allDatasets,0.7853958874115429
lscc,49,forest,first,justTargetDataset,0.8554702636441407
lscc,49,forest,second,allDatasets,0.6656895789967288
lscc,49,forest,second,justTargetDataset,0.7779821435604708
luad,49,forest,first,allDatasets,0.9498357067863072
luad,49,forest,first,justTargetDataset,1.0311434545154305
luad,49,forest,second,allDatasets,0.8315980929427713
luad,49,forest,second,justTargetDataset,0.9111744177168482
ov,49,forest,first,allDatasets,1.1184279832222819
ov,49,forest,first,justTargetDataset,1.1579316327941294
ov,49,forest,second,allDatasets,1.1326077991410255
ov,49,forest,second,justTargetDataset,1.1367666010386395
pdac,49,forest,first,allDatasets,1.112095214837367
pdac,49,forest,first,justTargetDataset,1.1067442955854192
pdac,49,forest,second,allDatasets,1.545271947793217
pdac,49,forest,second,justTargetDataset,1.4274514546660393
all,49,forest,first,allDatasets,1.255582940672109
all,49,forest,first,justTargetDataset,1.2557070662834973
all,49,forest,second,allDatasets,1.0081106385853842
all,49,forest,second,justTargetDataset,1.0091001644590498
brca,50,forest,first,allDatasets,1.0175024048251424
brca,50,forest,first,justTargetDataset,1.1320238566650576
brca,50,forest,second,allDatasets,1.1572742371439593
brca,50,forest,second,justTargetDataset,1.1441417856579856
ccrcc,50,forest,first,allDatasets,0.8962142026893208
ccrcc,50,forest,first,justTargetDataset,0.9234128361694816
ccrcc,50,forest,second,allDatasets,0.8199940825373607
ccrcc,50,forest,second,justTargetDataset,0.8797762657548553
coad,50,forest,first,allDatasets,3.3848588699613855
coad,50,forest,first,justTargetDataset,3.3155582419213356
coad,50,forest,second,allDatasets,1.0223827740451765
coad,50,forest,second,justTargetDataset,1.0464785713688707
gbm,50,forest,first,allDatasets,1.257009650381119
gbm,50,forest,first,justTargetDataset,1.2113096339748246
gbm,50,forest,second,allDatasets,0.9703802865844182
gbm,50,forest,second,justTargetDataset,1.0066605265225494
hnscc,50,forest,first,allDatasets,0.8750379582724729
hnscc,50,forest,first,justTargetDataset,0.9256919272617286
hnscc,50,forest,second,allDatasets,0.9609681543944945
hnscc,50,forest,second,justTargetDataset,0.9730807883788701
lscc,50,forest,first,allDatasets,0.70913784676211
lscc,50,forest,first,justTargetDataset,0.8297726552905709
lscc,50,forest,second,allDatasets,0.7252606407888568
lscc,50,forest,second,justTargetDataset,0.8226919553082339
luad,50,forest,first,allDatasets,1.0453242412280768
luad,50,forest,first,justTargetDataset,1.1448950449136304
luad,50,forest,second,allDatasets,1.1026410125916175
luad,50,forest,second,justTargetDataset,1.233401074891729
ov,50,forest,first,allDatasets,1.1715716836448464
ov,50,forest,first,justTargetDataset,1.1625480684046676
ov,50,forest,second,allDatasets,1.0714436954642335
ov,50,forest,second,justTargetDataset,1.1046443052209483
pdac,50,forest,first,allDatasets,1.3121859440860064
pdac,50,forest,first,justTargetDataset,1.256992899143493
pdac,50,forest,second,allDatasets,1.3696804062903363
pdac,50,forest,second,justTargetDataset,1.4129432353121514
all,50,forest,first,allDatasets,1.174895511762025
all,50,forest,first,justTargetDataset,1.1771322632778847
all,50,forest,second,allDatasets,0.9960075281536509
all,50,forest,second,justTargetDataset,0.9965696446537288
brca,51,forest,first,allDatasets,1.1433430263080977
brca,51,forest,first,justTargetDataset,1.128474305938046
brca,51,forest,second,allDatasets,0.9319449518592183
brca,51,forest,second,justTargetDataset,0.9525472762746803
ccrcc,51,forest,first,allDatasets,1.3979530604974921
ccrcc,51,forest,first,justTargetDataset,1.3979740772993783
ccrcc,51,forest,second,allDatasets,0.9421719393895872
ccrcc,51,forest,second,justTargetDataset,0.9659872034451457
coad,51,forest,first,allDatasets,8.06329738122281
coad,51,forest,first,justTargetDataset,7.4931274687825455
coad,51,forest,second,allDatasets,1.4238332021812667
coad,51,forest,second,justTargetDataset,1.4328647857301418
gbm,51,forest,first,allDatasets,1.0736021470359807
gbm,51,forest,first,justTargetDataset,1.0957664215492369
gbm,51,forest,second,allDatasets,1.1103164837905544
gbm,51,forest,second,justTargetDataset,1.1391326968337854
hnscc,51,forest,first,allDatasets,0.98853788781524
hnscc,51,forest,first,justTargetDataset,0.9787067128931736
hnscc,51,forest,second,allDatasets,0.8206350544237586
hnscc,51,forest,second,justTargetDataset,0.863540852529019
lscc,51,forest,first,allDatasets,0.690157934626602
lscc,51,forest,first,justTargetDataset,0.8122986714376526
lscc,51,forest,second,allDatasets,0.7945780804085742
lscc,51,forest,second,justTargetDataset,0.8781270271742022
luad,51,forest,first,allDatasets,1.6481747944117293
luad,51,forest,first,justTargetDataset,1.7457692318330262
luad,51,forest,second,allDatasets,0.8261160240893027
luad,51,forest,second,justTargetDataset,0.9449972514029646
ov,51,forest,first,allDatasets,1.089733807505245
ov,51,forest,first,justTargetDataset,1.1414165042693487
ov,51,forest,second,allDatasets,1.187733682298569
ov,51,forest,second,justTargetDataset,1.2324548683661232
pdac,51,forest,first,allDatasets,2.3999270714828995
pdac,51,forest,first,justTargetDataset,2.1751987472018
pdac,51,forest,second,allDatasets,2.9823833486538143
pdac,51,forest,second,justTargetDataset,2.7175349674395486
all,51,forest,first,allDatasets,1.8060602749099703
all,51,forest,first,justTargetDataset,1.8044726435581018
all,51,forest,second,allDatasets,1.1479711075457626
all,51,forest,second,justTargetDataset,1.1466559055227084
brca,52,forest,first,allDatasets,1.018289663196877
brca,52,forest,first,justTargetDataset,1.0593615229661943
brca,52,forest,second,allDatasets,1.0599702699030067
brca,52,forest,second,justTargetDataset,1.0681080049255152
ccrcc,52,forest,first,allDatasets,0.86146197713662
ccrcc,52,forest,first,justTargetDataset,0.8867664472706283
ccrcc,52,forest,second,allDatasets,0.8874904583812541
ccrcc,52,forest,second,justTargetDataset,0.9191739020737928
coad,52,forest,first,allDatasets,1.8837737899344646
coad,52,forest,first,justTargetDataset,1.8699970132404364
coad,52,forest,second,allDatasets,5.26406789351125
coad,52,forest,second,justTargetDataset,4.878634678165603
gbm,52,forest,first,allDatasets,1.0694061293222217
gbm,52,forest,first,justTargetDataset,1.0642025173966367
gbm,52,forest,second,allDatasets,0.9983201059722377
gbm,52,forest,second,justTargetDataset,1.0156199447273222
hnscc,52,forest,first,allDatasets,0.907519546994954
hnscc,52,forest,first,justTargetDataset,0.9456910615166576
hnscc,52,forest,second,allDatasets,0.9359709291184738
hnscc,52,forest,second,justTargetDataset,0.9463691008320674
lscc,52,forest,first,allDatasets,0.6791041290833931
lscc,52,forest,first,justTargetDataset,0.7911926512474957
lscc,52,forest,second,allDatasets,0.7721054315398176
lscc,52,forest,second,justTargetDataset,0.8537261749536998
luad,52,forest,first,allDatasets,1.170703146332089
luad,52,forest,first,justTargetDataset,1.4556062651293795
luad,52,forest,second,allDatasets,0.9156213518410359
luad,52,forest,second,justTargetDataset,0.9953654662144128
ov,52,forest,first,allDatasets,1.042488790254325
ov,52,forest,first,justTargetDataset,1.0770616004579714
ov,52,forest,second,allDatasets,1.238169022443175
ov,52,forest,second,justTargetDataset,1.2515537531086132
pdac,52,forest,first,allDatasets,1.4892709122572754
pdac,52,forest,first,justTargetDataset,1.389202429104719
pdac,52,forest,second,allDatasets,2.209072379383081
pdac,52,forest,second,justTargetDataset,2.0059973808154745
all,52,forest,first,allDatasets,1.0676174537987666
all,52,forest,first,justTargetDataset,1.065877876900962
all,52,forest,second,allDatasets,1.3870488119938758
all,52,forest,second,justTargetDataset,1.3877475323521407
brca,53,forest,first,allDatasets,1.2748290891923215
brca,53,forest,first,justTargetDataset,1.247501413211756
brca,53,forest,second,allDatasets,0.8779562887425624
brca,53,forest,second,justTargetDataset,0.968254239197897
ccrcc,53,forest,first,allDatasets,0.8193647724261721
ccrcc,53,forest,first,justTargetDataset,0.8506274767474169
ccrcc,53,forest,second,allDatasets,0.8885233646931896
ccrcc,53,forest,second,justTargetDataset,0.920723086452333
coad,53,forest,first,allDatasets,5.1936407167968675
coad,53,forest,first,justTargetDataset,4.876038481503955
coad,53,forest,second,allDatasets,2.0443533300249386
coad,53,forest,second,justTargetDataset,1.996904010252026
gbm,53,forest,first,allDatasets,5.016002685527659
gbm,53,forest,first,justTargetDataset,5.551212486914462
gbm,53,forest,second,allDatasets,0.9906191824466807
gbm,53,forest,second,justTargetDataset,1.003310627345878
hnscc,53,forest,first,allDatasets,0.855594732094933
hnscc,53,forest,first,justTargetDataset,0.9112522390481412
hnscc,53,forest,second,allDatasets,1.0205072295188666
hnscc,53,forest,second,justTargetDataset,1.0301083236554318
lscc,53,forest,first,allDatasets,0.988301660122623
lscc,53,forest,first,justTargetDataset,1.0850585991184822
lscc,53,forest,second,allDatasets,0.6739740503982423
lscc,53,forest,second,justTargetDataset,0.808366719622427
luad,53,forest,first,allDatasets,0.8669499959748236
luad,53,forest,first,justTargetDataset,0.9408165692830843
luad,53,forest,second,allDatasets,0.9326124914944761
luad,53,forest,second,justTargetDataset,1.0069029450976479
ov,53,forest,first,allDatasets,1.7795638300427827
ov,53,forest,first,justTargetDataset,1.8941463931781164
ov,53,forest,second,allDatasets,1.2428534729633578
ov,53,forest,second,justTargetDataset,1.2536097808416506
pdac,53,forest,first,allDatasets,1.26293304220893
pdac,53,forest,first,justTargetDataset,1.1932394549866516
pdac,53,forest,second,allDatasets,0.9559438373363957
pdac,53,forest,second,justTargetDataset,1.008624935483251
all,53,forest,first,allDatasets,1.6744600544525206
all,53,forest,first,justTargetDataset,1.6737061728259524
all,53,forest,second,allDatasets,1.0035255722527907
all,53,forest,second,justTargetDataset,1.0027973045374667
brca,54,forest,first,allDatasets,0.9064992388378327
brca,54,forest,first,justTargetDataset,0.9993949041633708
brca,54,forest,second,allDatasets,1.2094261679315441
brca,54,forest,second,justTargetDataset,1.1784133670153782
ccrcc,54,forest,first,allDatasets,0.9041521714974241
ccrcc,54,forest,first,justTargetDataset,0.9240435888574842
ccrcc,54,forest,second,allDatasets,0.8357814410094925
ccrcc,54,forest,second,justTargetDataset,0.8699977880257979
coad,54,forest,first,allDatasets,0.9818323087154655
coad,54,forest,first,justTargetDataset,1.0084943916715499
coad,54,forest,second,allDatasets,1.7072210158374084
coad,54,forest,second,justTargetDataset,1.6676184219460177
gbm,54,forest,first,allDatasets,1.0649539024436936
gbm,54,forest,first,justTargetDataset,1.0660416465858515
gbm,54,forest,second,allDatasets,1.0509071596023196
gbm,54,forest,second,justTargetDataset,1.0708556152754012
hnscc,54,forest,first,allDatasets,1.0002019665249744
hnscc,54,forest,first,justTargetDataset,1.0002033970228388
hnscc,54,forest,second,allDatasets,0.8785927327326641
hnscc,54,forest,second,justTargetDataset,0.8850174106078158
lscc,54,forest,first,allDatasets,0.7436069257778227
lscc,54,forest,first,justTargetDataset,0.8336175818917706
lscc,54,forest,second,allDatasets,0.6933187540548603
lscc,54,forest,second,justTargetDataset,0.796888201822176
luad,54,forest,first,allDatasets,0.9239458692382785
luad,54,forest,first,justTargetDataset,0.9760398679351434
luad,54,forest,second,allDatasets,0.8217926269713727
luad,54,forest,second,justTargetDataset,0.9397730415815674
ov,54,forest,first,allDatasets,1.1455001846629607
ov,54,forest,first,justTargetDataset,1.1515746583332025
ov,54,forest,second,allDatasets,1.1699719661032855
ov,54,forest,second,justTargetDataset,1.2494226891629578
pdac,54,forest,first,allDatasets,5.9821870858011525
pdac,54,forest,first,justTargetDataset,4.95389767657896
pdac,54,forest,second,allDatasets,4.017552792318848
pdac,54,forest,second,justTargetDataset,3.5501937044599514
all,54,forest,first,allDatasets,1.4104348325778657
all,54,forest,first,justTargetDataset,1.4112888293863304
all,54,forest,second,allDatasets,1.2602104050901224
all,54,forest,second,justTargetDataset,1.2601991252265814
brca,55,forest,first,allDatasets,1.1082920225231723
brca,55,forest,first,justTargetDataset,1.1156639144500313
brca,55,forest,second,allDatasets,0.9611975535305355
brca,55,forest,second,justTargetDataset,0.9773622258306256
ccrcc,55,forest,first,allDatasets,2.4050630725176165
ccrcc,55,forest,first,justTargetDataset,2.164798882142671
ccrcc,55,forest,second,allDatasets,0.8893368524359008
ccrcc,55,forest,second,justTargetDataset,0.9441937544920185
coad,55,forest,first,allDatasets,3.454737331147229
coad,55,forest,first,justTargetDataset,3.4785638673467476
coad,55,forest,second,allDatasets,4.179892074806263
coad,55,forest,second,justTargetDataset,4.000299978975117
gbm,55,forest,first,allDatasets,3.9449407247273176
gbm,55,forest,first,justTargetDataset,4.960542584675348
gbm,55,forest,second,allDatasets,1.1616106158706738
gbm,55,forest,second,justTargetDataset,1.185658597218522
hnscc,55,forest,first,allDatasets,0.977305363823917
hnscc,55,forest,first,justTargetDataset,0.9900622935602368
hnscc,55,forest,second,allDatasets,0.8667125224129715
hnscc,55,forest,second,justTargetDataset,0.9082890959166655
lscc,55,forest,first,allDatasets,0.8545785039303139
lscc,55,forest,first,justTargetDataset,0.9118814102955175
lscc,55,forest,second,allDatasets,0.6481174125637589
lscc,55,forest,second,justTargetDataset,0.7809019775203738
luad,55,forest,first,allDatasets,0.8527400729837226
luad,55,forest,first,justTargetDataset,0.9532163842116436
luad,55,forest,second,allDatasets,0.9479552071326979
luad,55,forest,second,justTargetDataset,0.9798772644994436
ov,55,forest,first,allDatasets,1.054138563651222
ov,55,forest,first,justTargetDataset,1.0578707592630765
ov,55,forest,second,allDatasets,1.1818101357107982
ov,55,forest,second,justTargetDataset,1.2139055670460352
pdac,55,forest,first,allDatasets,1.7047954183625642
pdac,55,forest,first,justTargetDataset,1.6937260279540867
pdac,55,forest,second,allDatasets,1.3077034328919277
pdac,55,forest,second,justTargetDataset,1.2783589845257117
all,55,forest,first,allDatasets,1.6468264704118987
all,55,forest,first,justTargetDataset,1.64849775923745
all,55,forest,second,allDatasets,1.193509126241063
all,55,forest,second,justTargetDataset,1.1950411856026348
brca,56,forest,first,allDatasets,1.0913955637469719
brca,56,forest,first,justTargetDataset,1.0984412402227834
brca,56,forest,second,allDatasets,1.0001242611970032
brca,56,forest,second,justTargetDataset,1.0278238223643132
ccrcc,56,forest,first,allDatasets,0.7339187037750513
ccrcc,56,forest,first,justTargetDataset,0.7950328221028292
ccrcc,56,forest,second,allDatasets,0.9652650422307346
ccrcc,56,forest,second,justTargetDataset,0.9772830565263605
coad,56,forest,first,allDatasets,7.294544644065485
coad,56,forest,first,justTargetDataset,6.804938932430569
coad,56,forest,second,allDatasets,1.0898369062140578
coad,56,forest,second,justTargetDataset,1.1133601837165406
gbm,56,forest,first,allDatasets,1.1179180252189167
gbm,56,forest,first,justTargetDataset,1.107512628973685
gbm,56,forest,second,allDatasets,1.0431990511585922
gbm,56,forest,second,justTargetDataset,1.0454391167705088
hnscc,56,forest,first,allDatasets,0.927114174635248
hnscc,56,forest,first,justTargetDataset,0.9417268614182064
hnscc,56,forest,second,allDatasets,0.8691831172086747
hnscc,56,forest,second,justTargetDataset,0.8901113031947461
lscc,56,forest,first,allDatasets,0.6442354160581255
lscc,56,forest,first,justTargetDataset,0.7980259408974413
lscc,56,forest,second,allDatasets,0.8708166947098718
lscc,56,forest,second,justTargetDataset,0.9711349812515054
luad,56,forest,first,allDatasets,1.6894892234585488
luad,56,forest,first,justTargetDataset,1.8363601156605476
luad,56,forest,second,allDatasets,0.8667928257667613
luad,56,forest,second,justTargetDataset,0.9536012784125308
ov,56,forest,first,allDatasets,1.181708666934891
ov,56,forest,first,justTargetDataset,1.1926377814100362
ov,56,forest,second,allDatasets,1.0532554879407714
ov,56,forest,second,justTargetDataset,1.07814681413924
pdac,56,forest,first,allDatasets,1.2102884284002358
pdac,56,forest,first,justTargetDataset,1.2422529015699133
pdac,56,forest,second,allDatasets,1.275469140099034
pdac,56,forest,second,justTargetDataset,1.205768705330302
all,56,forest,first,allDatasets,1.5364692651573055
all,56,forest,first,justTargetDataset,1.5405892041407874
all,56,forest,second,allDatasets,0.9749098187562196
all,56,forest,second,justTargetDataset,0.9743128308037551
brca,57,forest,first,allDatasets,1.1763504954441744
brca,57,forest,first,justTargetDataset,1.1694100238226042
brca,57,forest,second,allDatasets,0.9309177251092003
brca,57,forest,second,justTargetDataset,0.9483082922012103
ccrcc,57,forest,first,allDatasets,0.8043916376774279
ccrcc,57,forest,first,justTargetDataset,0.8296504162255779
ccrcc,57,forest,second,allDatasets,0.8988248490420355
ccrcc,57,forest,second,justTargetDataset,0.9315150258015237
coad,57,forest,first,allDatasets,2.190358851506959
coad,57,forest,first,justTargetDataset,2.14017186321387
coad,57,forest,second,allDatasets,5.358615837704228
coad,57,forest,second,justTargetDataset,5.220436134362406
gbm,57,forest,first,allDatasets,1.1976013496510725
gbm,57,forest,first,justTargetDataset,1.1540810988858308
gbm,57,forest,second,allDatasets,0.9480059579222068
gbm,57,forest,second,justTargetDataset,0.9680372783967
hnscc,57,forest,first,allDatasets,1.229278468506921
hnscc,57,forest,first,justTargetDataset,1.2593746684096236
hnscc,57,forest,second,allDatasets,0.8811748463111644
hnscc,57,forest,second,justTargetDataset,1.0474329597880336
lscc,57,forest,first,allDatasets,0.6829731350934345
lscc,57,forest,first,justTargetDataset,0.8077137174212496
lscc,57,forest,second,allDatasets,0.7787275406826982
lscc,57,forest,second,justTargetDataset,0.8716611001253435
luad,57,forest,first,allDatasets,0.8308323792590658
luad,57,forest,first,justTargetDataset,0.9405268001252463
luad,57,forest,second,allDatasets,0.9402065524126181
luad,57,forest,second,justTargetDataset,1.0212934900897805
ov,57,forest,first,allDatasets,1.225106490845305
ov,57,forest,first,justTargetDataset,1.2370751275610585
ov,57,forest,second,allDatasets,1.068233741117037
ov,57,forest,second,justTargetDataset,1.1038440941471332
pdac,57,forest,first,allDatasets,2.637477761146854
pdac,57,forest,first,justTargetDataset,2.255991414342029
pdac,57,forest,second,allDatasets,1.3729303437702716
pdac,57,forest,second,justTargetDataset,1.4559276059346287
all,57,forest,first,allDatasets,1.2134658581818256
all,57,forest,first,justTargetDataset,1.2152811435096453
all,57,forest,second,allDatasets,1.2860145181952827
all,57,forest,second,justTargetDataset,1.283012021310229
brca,58,forest,first,allDatasets,1.016735824922887
brca,58,forest,first,justTargetDataset,1.090740474347624
brca,58,forest,second,allDatasets,1.0422871914088219
brca,58,forest,second,justTargetDataset,1.0415013042282353
ccrcc,58,forest,first,allDatasets,0.827155998431184
ccrcc,58,forest,first,justTargetDataset,0.8566134893564862
ccrcc,58,forest,second,allDatasets,0.8678054525997575
ccrcc,58,forest,second,justTargetDataset,0.8976372166625326
coad,58,forest,first,allDatasets,1.8222540987827247
coad,58,forest,first,justTargetDataset,1.8304311653574372
coad,58,forest,second,allDatasets,3.888522374089039
coad,58,forest,second,justTargetDataset,3.575107517798506
gbm,58,forest,first,allDatasets,1.1566800799054173
gbm,58,forest,first,justTargetDataset,1.1676224122463787
gbm,58,forest,second,allDatasets,1.036050990546293
gbm,58,forest,second,justTargetDataset,1.056377984466113
hnscc,58,forest,first,allDatasets,1.0169997383936251
hnscc,58,forest,first,justTargetDataset,1.0103595950200555
hnscc,58,forest,second,allDatasets,0.8638250927299724
hnscc,58,forest,second,justTargetDataset,0.9096902365558742
lscc,58,forest,first,allDatasets,0.7315016316876728
lscc,58,forest,first,justTargetDataset,0.82489168016343
lscc,58,forest,second,allDatasets,0.7065068553890568
lscc,58,forest,second,justTargetDataset,0.7903014627136667
luad,58,forest,first,allDatasets,1.0442849394249591
luad,58,forest,first,justTargetDataset,1.1377371207124927
luad,58,forest,second,allDatasets,1.163103099090743
luad,58,forest,second,justTargetDataset,1.4427898710672276
ov,58,forest,first,allDatasets,1.097989983078452
ov,58,forest,first,justTargetDataset,1.132515361007369
ov,58,forest,second,allDatasets,1.1598037485588735
ov,58,forest,second,justTargetDataset,1.1801492105935796
pdac,58,forest,first,allDatasets,1.0381533371832434
pdac,58,forest,first,justTargetDataset,1.1013079301234578
pdac,58,forest,second,allDatasets,1.5371203119305208
pdac,58,forest,second,justTargetDataset,1.4094990934736997
all,58,forest,first,allDatasets,1.0250386045833355
all,58,forest,first,justTargetDataset,1.0265642407077655
all,58,forest,second,allDatasets,1.232256931159524
all,58,forest,second,justTargetDataset,1.2320439747446434
brca,59,forest,first,allDatasets,1.1182871417020936
brca,59,forest,first,justTargetDataset,1.1146482731685683
brca,59,forest,second,allDatasets,0.9582280554168646
brca,59,forest,second,justTargetDataset,0.9881794652163475
ccrcc,59,forest,first,allDatasets,0.9496784820398052
ccrcc,59,forest,first,justTargetDataset,0.9544094989426514
ccrcc,59,forest,second,allDatasets,0.7703357699480041
ccrcc,59,forest,second,justTargetDataset,0.8353640014759175
coad,59,forest,first,allDatasets,2.7347341722687735
coad,59,forest,first,justTargetDataset,2.6023772032048638
coad,59,forest,second,allDatasets,1.607017214551176
coad,59,forest,second,justTargetDataset,1.6068814689361484
gbm,59,forest,first,allDatasets,1.1551911840775342
gbm,59,forest,first,justTargetDataset,1.132397757640521
gbm,59,forest,second,allDatasets,1.010347355479671
gbm,59,forest,second,justTargetDataset,1.0052315551663462
hnscc,59,forest,first,allDatasets,0.9079455723039238
hnscc,59,forest,first,justTargetDataset,0.9456175925132871
hnscc,59,forest,second,allDatasets,0.9447786919345009
hnscc,59,forest,second,justTargetDataset,0.967753935927388
lscc,59,forest,first,allDatasets,0.6091477309106622
lscc,59,forest,first,justTargetDataset,0.7463502525306039
lscc,59,forest,second,allDatasets,0.8922622534241793
lscc,59,forest,second,justTargetDataset,0.9476498970882203
luad,59,forest,first,allDatasets,0.9265869364729719
luad,59,forest,first,justTargetDataset,1.0114750826914916
luad,59,forest,second,allDatasets,0.8277804206728226
luad,59,forest,second,justTargetDataset,0.9068119841830851
ov,59,forest,first,allDatasets,1.0557484842181648
ov,59,forest,first,justTargetDataset,1.09939809987252
ov,59,forest,second,allDatasets,2.5370682845219577
ov,59,forest,second,justTargetDataset,2.7022053898868243
pdac,59,forest,first,allDatasets,1.5501661979485872
pdac,59,forest,first,justTargetDataset,1.4365387909037084
pdac,59,forest,second,allDatasets,0.9519032935790761
pdac,59,forest,second,justTargetDataset,0.9767326344241687
all,59,forest,first,allDatasets,1.1129819516013901
all,59,forest,first,justTargetDataset,1.1157517628348599
all,59,forest,second,allDatasets,1.0486141114500493
all,59,forest,second,justTargetDataset,1.049018384114857
brca,60,forest,first,allDatasets,1.0507912366455148
brca,60,forest,first,justTargetDataset,1.0435746619836148
brca,60,forest,second,allDatasets,1.2999031649770083
brca,60,forest,second,justTargetDataset,1.4186618920165859
ccrcc,60,forest,first,allDatasets,0.9631237850182668
ccrcc,60,forest,first,justTargetDataset,0.9619440750523667
ccrcc,60,forest,second,allDatasets,0.7562647114760992
ccrcc,60,forest,second,justTargetDataset,0.8150420732045145
coad,60,forest,first,allDatasets,1.5093855102585427
coad,60,forest,first,justTargetDataset,1.4856872590591494
coad,60,forest,second,allDatasets,3.1602664055470475
coad,60,forest,second,justTargetDataset,3.154489810426937
gbm,60,forest,first,allDatasets,1.1713085745518865
gbm,60,forest,first,justTargetDataset,1.1687131301766989
gbm,60,forest,second,allDatasets,0.9760695289470263
gbm,60,forest,second,justTargetDataset,0.9832836386596213
hnscc,60,forest,first,allDatasets,1.0240770758504096
hnscc,60,forest,first,justTargetDataset,1.0430661797285772
hnscc,60,forest,second,allDatasets,0.9001022749172576
hnscc,60,forest,second,justTargetDataset,0.9525215044499366
lscc,60,forest,first,allDatasets,0.8750190825200814
lscc,60,forest,first,justTargetDataset,0.9282630544514241
lscc,60,forest,second,allDatasets,0.6409871154819654
lscc,60,forest,second,justTargetDataset,0.7637193042903715
luad,60,forest,first,allDatasets,0.9066098714312425
luad,60,forest,first,justTargetDataset,0.9797499431708019
luad,60,forest,second,allDatasets,0.8611346989924874
luad,60,forest,second,justTargetDataset,0.9532114524235464
ov,60,forest,first,allDatasets,1.4779414013118553
ov,60,forest,first,justTargetDataset,1.5186003997009017
ov,60,forest,second,allDatasets,1.5404486154202734
ov,60,forest,second,justTargetDataset,1.7654950769712623
pdac,60,forest,first,allDatasets,0.9059473869251846
pdac,60,forest,first,justTargetDataset,0.9503083350992195
pdac,60,forest,second,allDatasets,1.4390203264945463
pdac,60,forest,second,justTargetDataset,1.400670803676985
all,60,forest,first,allDatasets,1.0396811863142967
all,60,forest,first,justTargetDataset,1.0368320632218324
all,60,forest,second,allDatasets,1.138522879322336
all,60,forest,second,justTargetDataset,1.1400843558364588
brca,61,forest,first,allDatasets,1.2405099926286454
brca,61,forest,first,justTargetDataset,1.220219000693496
brca,61,forest,second,allDatasets,0.8848369765531455
brca,61,forest,second,justTargetDataset,0.9242134160377248
ccrcc,61,forest,first,allDatasets,0.8111401085133735
ccrcc,61,forest,first,justTargetDataset,0.824592235201029
ccrcc,61,forest,second,allDatasets,0.8708139807826702
ccrcc,61,forest,second,justTargetDataset,0.8998439693001161
coad,61,forest,first,allDatasets,1.0986041891314808
coad,61,forest,first,justTargetDataset,1.1106811780136192
coad,61,forest,second,allDatasets,3.6411361874677963
coad,61,forest,second,justTargetDataset,3.42357012584397
gbm,61,forest,first,allDatasets,1.045908481429324
gbm,61,forest,first,justTargetDataset,1.0671122825947696
gbm,61,forest,second,allDatasets,1.107682458327808
gbm,61,forest,second,justTargetDataset,1.1130910200342803
hnscc,61,forest,first,allDatasets,0.8520695893303053
hnscc,61,forest,first,justTargetDataset,0.8909893691541569
hnscc,61,forest,second,allDatasets,0.9889092556721888
hnscc,61,forest,second,justTargetDataset,1.0127782797125302
lscc,61,forest,first,allDatasets,0.6012805903607242
lscc,61,forest,first,justTargetDataset,0.7324323490434039
lscc,61,forest,second,allDatasets,0.9013442411285065
lscc,61,forest,second,justTargetDataset,0.99258773776949
luad,61,forest,first,allDatasets,0.8245605497971484
luad,61,forest,first,justTargetDataset,0.9575723943002132
luad,61,forest,second,allDatasets,0.9194687838208885
luad,61,forest,second,justTargetDataset,0.997829245277968
ov,61,forest,first,allDatasets,1.0804139106674964
ov,61,forest,first,justTargetDataset,1.101270788194155
ov,61,forest,second,allDatasets,1.2452375612274609
ov,61,forest,second,justTargetDataset,1.2893307918900163
pdac,61,forest,first,allDatasets,1.4924660111841825
pdac,61,forest,first,justTargetDataset,1.5026423299991802
pdac,61,forest,second,allDatasets,3.823793205518692
pdac,61,forest,second,justTargetDataset,3.3115996604456392
all,61,forest,first,allDatasets,0.9443875932232513
all,61,forest,first,justTargetDataset,0.9422654728268874
all,61,forest,second,allDatasets,1.4395520231324646
all,61,forest,second,justTargetDataset,1.438576790221923
brca,62,forest,first,allDatasets,0.9143936441832233
brca,62,forest,first,justTargetDataset,0.9651681785885522
brca,62,forest,second,allDatasets,1.172951702497491
brca,62,forest,second,justTargetDataset,1.146467732737088
ccrcc,62,forest,first,allDatasets,0.7870317420500905
ccrcc,62,forest,first,justTargetDataset,0.8344744258435648
ccrcc,62,forest,second,allDatasets,0.9369149174246107
ccrcc,62,forest,second,justTargetDataset,0.931834845930172
coad,62,forest,first,allDatasets,6.320975375276567
coad,62,forest,first,justTargetDataset,5.7739789121180145
coad,62,forest,second,allDatasets,3.993156249542666
coad,62,forest,second,justTargetDataset,3.8997957212516003
gbm,62,forest,first,allDatasets,1.1022394938555355
gbm,62,forest,first,justTargetDataset,1.0953627195183397
gbm,62,forest,second,allDatasets,1.9594390603242773
gbm,62,forest,second,justTargetDataset,2.389853462238872
hnscc,62,forest,first,allDatasets,0.8269504820486865
hnscc,62,forest,first,justTargetDataset,0.8632826618200566
hnscc,62,forest,second,allDatasets,1.01044874321419
hnscc,62,forest,second,justTargetDataset,1.0082671760795254
lscc,62,forest,first,allDatasets,0.6503537166628612
lscc,62,forest,first,justTargetDataset,0.7800044694561926
lscc,62,forest,second,allDatasets,0.8231052274495275
lscc,62,forest,second,justTargetDataset,0.9073808825258127
luad,62,forest,first,allDatasets,1.03270683163
luad,62,forest,first,justTargetDataset,1.074961107123573
luad,62,forest,second,allDatasets,0.734662742688427
luad,62,forest,second,justTargetDataset,0.8379197869657053
ov,62,forest,first,allDatasets,0.9830840752938707
ov,62,forest,first,justTargetDataset,1.0307108815053923
ov,62,forest,second,allDatasets,1.2776200938420814
ov,62,forest,second,justTargetDataset,1.2652457064213865
pdac,62,forest,first,allDatasets,1.4445331459451938
pdac,62,forest,first,justTargetDataset,1.3951543864029443
pdac,62,forest,second,allDatasets,1.500013432637233
pdac,62,forest,second,justTargetDataset,1.477524038440205
all,62,forest,first,allDatasets,1.3407832973333762
all,62,forest,first,justTargetDataset,1.3407491361895165
all,62,forest,second,allDatasets,1.3072032957893753
all,62,forest,second,justTargetDataset,1.3053786180294829
brca,63,forest,first,allDatasets,1.0510799575358332
brca,63,forest,first,justTargetDataset,1.1081297809282302
brca,63,forest,second,allDatasets,1.032956749858753
brca,63,forest,second,justTargetDataset,1.0440522889731476
ccrcc,63,forest,first,allDatasets,0.8578033473250591
ccrcc,63,forest,first,justTargetDataset,0.8893247174799945
ccrcc,63,forest,second,allDatasets,0.831407857707785
ccrcc,63,forest,second,justTargetDataset,0.8572512945437168
coad,63,forest,first,allDatasets,3.4940356850332033
coad,63,forest,first,justTargetDataset,3.283651669749771
coad,63,forest,second,allDatasets,1.6668811867790994
coad,63,forest,second,justTargetDataset,1.6307263170349915
gbm,63,forest,first,allDatasets,0.9679294466732254
gbm,63,forest,first,justTargetDataset,1.0183797058094988
gbm,63,forest,second,allDatasets,1.1879904310804519
gbm,63,forest,second,justTargetDataset,1.1584468219278088
hnscc,63,forest,first,allDatasets,2.508106088226071
hnscc,63,forest,first,justTargetDataset,2.270341450456565
hnscc,63,forest,second,allDatasets,1.510266739303449
hnscc,63,forest,second,justTargetDataset,1.5099344426136527
lscc,63,forest,first,allDatasets,0.7401427880005255
lscc,63,forest,first,justTargetDataset,0.8418082061009203
lscc,63,forest,second,allDatasets,0.7244429446320074
lscc,63,forest,second,justTargetDataset,0.8409809171579993
luad,63,forest,first,allDatasets,0.9272897234164763
luad,63,forest,first,justTargetDataset,0.9916743040743808
luad,63,forest,second,allDatasets,0.9994562136949964
luad,63,forest,second,justTargetDataset,1.12445558147004
ov,63,forest,first,allDatasets,1.1412055403247199
ov,63,forest,first,justTargetDataset,1.166027489257677
ov,63,forest,second,allDatasets,1.0996358660532723
ov,63,forest,second,justTargetDataset,1.1020995266270655
pdac,63,forest,first,allDatasets,1.1604069553477745
pdac,63,forest,first,justTargetDataset,1.2241815191427792
pdac,63,forest,second,allDatasets,1.315837663885875
pdac,63,forest,second,justTargetDataset,1.2496531849581274
all,63,forest,first,allDatasets,1.3266801435633189
all,63,forest,first,justTargetDataset,1.3257934303656114
all,63,forest,second,allDatasets,1.0973762287111977
all,63,forest,second,justTargetDataset,1.096458270967426
brca,64,forest,first,allDatasets,0.8806089312370975
brca,64,forest,first,justTargetDataset,0.9219338320014666
brca,64,forest,second,allDatasets,1.1911666199587894
brca,64,forest,second,justTargetDataset,1.1687733292207376
ccrcc,64,forest,first,allDatasets,1.2084453808877922
ccrcc,64,forest,first,justTargetDataset,1.228794302743755
ccrcc,64,forest,second,allDatasets,1.5664488858432855
ccrcc,64,forest,second,justTargetDataset,1.539501137286295
coad,64,forest,first,allDatasets,2.3422410552563213
coad,64,forest,first,justTargetDataset,2.2104232464845763
coad,64,forest,second,allDatasets,1.9830110266063576
coad,64,forest,second,justTargetDataset,2.0035434874031166
gbm,64,forest,first,allDatasets,1.009758232144183
gbm,64,forest,first,justTargetDataset,1.0212870320773568
gbm,64,forest,second,allDatasets,1.22991806916047
gbm,64,forest,second,justTargetDataset,1.2144927103435925
hnscc,64,forest,first,allDatasets,1.0636219124074295
hnscc,64,forest,first,justTargetDataset,1.0893429319974743
hnscc,64,forest,second,allDatasets,0.8631050392495773
hnscc,64,forest,second,justTargetDataset,0.9188196695365397
lscc,64,forest,first,allDatasets,0.7192345956836079
lscc,64,forest,first,justTargetDataset,0.8292083688406356
lscc,64,forest,second,allDatasets,0.7268899564321883
lscc,64,forest,second,justTargetDataset,0.8437522370060294
luad,64,forest,first,allDatasets,0.9417843162567785
luad,64,forest,first,justTargetDataset,1.0528458786500905
luad,64,forest,second,allDatasets,0.89124735948966
luad,64,forest,second,justTargetDataset,0.9935336161991332
ov,64,forest,first,allDatasets,1.2698841994333865
ov,64,forest,first,justTargetDataset,1.3089431527728903
ov,64,forest,second,allDatasets,1.122123094613626
ov,64,forest,second,justTargetDataset,1.192001172000697
pdac,64,forest,first,allDatasets,2.9177758584553315
pdac,64,forest,first,justTargetDataset,2.585848124174991
pdac,64,forest,second,allDatasets,2.821853916547543
pdac,64,forest,second,justTargetDataset,2.541417971241398
all,64,forest,first,allDatasets,1.2731210321378552
all,64,forest,first,justTargetDataset,1.275516772223925
all,64,forest,second,allDatasets,1.2961811494221005
all,64,forest,second,justTargetDataset,1.2939258236133298
brca,65,forest,first,allDatasets,1.0379385940529817
brca,65,forest,first,justTargetDataset,1.0411290449644073
brca,65,forest,second,allDatasets,1.0250972877515716
brca,65,forest,second,justTargetDataset,1.038793675703841
ccrcc,65,forest,first,allDatasets,0.8039767975920568
ccrcc,65,forest,first,justTargetDataset,0.8330920090518142
ccrcc,65,forest,second,allDatasets,0.8959533295542987
ccrcc,65,forest,second,justTargetDataset,0.9157110848867369
coad,65,forest,first,allDatasets,3.3560349546273756
coad,65,forest,first,justTargetDataset,3.2079917617577793
coad,65,forest,second,allDatasets,6.469355649144401
coad,65,forest,second,justTargetDataset,5.99094347324525
gbm,65,forest,first,allDatasets,1.1299487097290317
gbm,65,forest,first,justTargetDataset,1.113050334646202
gbm,65,forest,second,allDatasets,0.9749138342044552
gbm,65,forest,second,justTargetDataset,0.9899623384537486
hnscc,65,forest,first,allDatasets,0.8810590217290748
hnscc,65,forest,first,justTargetDataset,0.9137067504506381
hnscc,65,forest,second,allDatasets,0.9138637920040125
hnscc,65,forest,second,justTargetDataset,0.9428330252153778
lscc,65,forest,first,allDatasets,0.9027104900737074
lscc,65,forest,first,justTargetDataset,0.9341769637115128
lscc,65,forest,second,allDatasets,0.6034806407687889
lscc,65,forest,second,justTargetDataset,0.7340212933733689
luad,65,forest,first,allDatasets,0.8202147947686199
luad,65,forest,first,justTargetDataset,0.9054323157102289
luad,65,forest,second,allDatasets,0.9595116109002346
luad,65,forest,second,justTargetDataset,1.0338693290542507
ov,65,forest,first,allDatasets,1.2172779513540346
ov,65,forest,first,justTargetDataset,1.2219754565014302
ov,65,forest,second,allDatasets,1.071656532810881
ov,65,forest,second,justTargetDataset,1.1232760494770893
pdac,65,forest,first,allDatasets,1.1010779076292636
pdac,65,forest,first,justTargetDataset,1.084798622643113
pdac,65,forest,second,allDatasets,1.7766949087218606
pdac,65,forest,second,justTargetDataset,1.6259896083094776
all,65,forest,first,allDatasets,1.131048121356854
all,65,forest,first,justTargetDataset,1.1301396608355445
all,65,forest,second,allDatasets,1.3995952379046204
all,65,forest,second,justTargetDataset,1.397839084642377
brca,66,forest,first,allDatasets,1.0377313015905207
brca,66,forest,first,justTargetDataset,1.0392634732531325
brca,66,forest,second,allDatasets,1.098412918159129
brca,66,forest,second,justTargetDataset,1.133762976852934
ccrcc,66,forest,first,allDatasets,0.8818141755635095
ccrcc,66,forest,first,justTargetDataset,0.89832059886652
ccrcc,66,forest,second,allDatasets,3.0062854094432097
ccrcc,66,forest,second,justTargetDataset,2.6179174346317695
coad,66,forest,first,allDatasets,1.7337600070700232
coad,66,forest,first,justTargetDataset,1.6558814320671988
coad,66,forest,second,allDatasets,2.066315380307439
coad,66,forest,second,justTargetDataset,2.0420775656098575
gbm,66,forest,first,allDatasets,1.128560670446177
gbm,66,forest,first,justTargetDataset,1.1110289783756027
gbm,66,forest,second,allDatasets,1.0025668347736079
gbm,66,forest,second,justTargetDataset,1.0310730811563684
hnscc,66,forest,first,allDatasets,0.9770670409040825
hnscc,66,forest,first,justTargetDataset,0.9854557698627501
hnscc,66,forest,second,allDatasets,0.8389151270995671
hnscc,66,forest,second,justTargetDataset,0.8956794260121629
lscc,66,forest,first,allDatasets,0.9149655283975267
lscc,66,forest,first,justTargetDataset,1.1058690662318695
lscc,66,forest,second,allDatasets,0.8052333669058445
lscc,66,forest,second,justTargetDataset,0.8971173675801599
luad,66,forest,first,allDatasets,1.095281715117558
luad,66,forest,first,justTargetDataset,1.1537572222833212
luad,66,forest,second,allDatasets,0.6900759606105681
luad,66,forest,second,justTargetDataset,0.8267471843068579
ov,66,forest,first,allDatasets,1.14369503806544
ov,66,forest,first,justTargetDataset,1.165623096399212
ov,66,forest,second,allDatasets,1.0994545387684855
ov,66,forest,second,justTargetDataset,1.1470102161503688
pdac,66,forest,first,allDatasets,1.232859681208259
pdac,66,forest,first,justTargetDataset,1.1917514250171162
pdac,66,forest,second,allDatasets,4.247338254220969
pdac,66,forest,second,justTargetDataset,3.5787574794487287
all,66,forest,first,allDatasets,1.0816064006939614
all,66,forest,first,justTargetDataset,1.0783687680238732
all,66,forest,second,allDatasets,1.588277330837233
all,66,forest,second,justTargetDataset,1.5849237219374006
brca,67,forest,first,allDatasets,1.092956195821331
brca,67,forest,first,justTargetDataset,1.1420713156141322
brca,67,forest,second,allDatasets,1.0414249541948717
brca,67,forest,second,justTargetDataset,1.070890916316866
ccrcc,67,forest,first,allDatasets,0.9023489905726715
ccrcc,67,forest,first,justTargetDataset,0.931938765258503
ccrcc,67,forest,second,allDatasets,0.8454889091419008
ccrcc,67,forest,second,justTargetDataset,0.9074412289958493
coad,67,forest,first,allDatasets,1.7437024543889381
coad,67,forest,first,justTargetDataset,1.660875729599015
coad,67,forest,second,allDatasets,4.727143114432316
coad,67,forest,second,justTargetDataset,4.363830816834099
gbm,67,forest,first,allDatasets,1.091215391029474
gbm,67,forest,first,justTargetDataset,1.088006270929127
gbm,67,forest,second,allDatasets,1.1032374830184493
gbm,67,forest,second,justTargetDataset,1.1112898491943357
hnscc,67,forest,first,allDatasets,0.8965165995132155
hnscc,67,forest,first,justTargetDataset,0.9147557106943324
hnscc,67,forest,second,allDatasets,0.8944562243183353
hnscc,67,forest,second,justTargetDataset,0.921876883648
lscc,67,forest,first,allDatasets,0.6962631705476985
lscc,67,forest,first,justTargetDataset,0.8132760632779201
lscc,67,forest,second,allDatasets,0.7402635729368979
lscc,67,forest,second,justTargetDataset,0.8394747385308433
luad,67,forest,first,allDatasets,0.8296079885625847
luad,67,forest,first,justTargetDataset,0.8965043947022115
luad,67,forest,second,allDatasets,1.2553311986005766
luad,67,forest,second,justTargetDataset,1.3434195503269197
ov,67,forest,first,allDatasets,3.540377766758722
ov,67,forest,first,justTargetDataset,3.3428041899104466
ov,67,forest,second,allDatasets,1.1433033539447597
ov,67,forest,second,justTargetDataset,1.1723826845132674
pdac,67,forest,first,allDatasets,1.230438113599612
pdac,67,forest,first,justTargetDataset,1.2049574892730415
pdac,67,forest,second,allDatasets,1.316680345444304
pdac,67,forest,second,justTargetDataset,1.2905459849811538
all,67,forest,first,allDatasets,1.1565350778886472
all,67,forest,first,justTargetDataset,1.153112111278576
all,67,forest,second,allDatasets,1.3025202231921127
all,67,forest,second,justTargetDataset,1.3009652300705687
brca,68,forest,first,allDatasets,1.380982445391064
brca,68,forest,first,justTargetDataset,1.641484197553342
brca,68,forest,second,allDatasets,1.0815573531201803
brca,68,forest,second,justTargetDataset,1.1121060806118093
ccrcc,68,forest,first,allDatasets,1.558343400499975
ccrcc,68,forest,first,justTargetDataset,1.5245093083994443
ccrcc,68,forest,second,allDatasets,1.8016687034776222
ccrcc,68,forest,second,justTargetDataset,1.827047082132622
coad,68,forest,first,allDatasets,3.5160478744032435
coad,68,forest,first,justTargetDataset,3.492125973097614
coad,68,forest,second,allDatasets,2.0137404404425436
coad,68,forest,second,justTargetDataset,1.9497859462964198
gbm,68,forest,first,allDatasets,1.2444139606074853
gbm,68,forest,first,justTargetDataset,1.214283059868348
gbm,68,forest,second,allDatasets,0.9739256913143489
gbm,68,forest,second,justTargetDataset,0.9863647940292088
hnscc,68,forest,first,allDatasets,0.9772915328992081
hnscc,68,forest,first,justTargetDataset,1.0145410792844376
hnscc,68,forest,second,allDatasets,1.399760479758397
hnscc,68,forest,second,justTargetDataset,1.4369239897646284
lscc,68,forest,first,allDatasets,0.7780586444834026
lscc,68,forest,first,justTargetDataset,0.8688252313709732
lscc,68,forest,second,allDatasets,0.7084590856446512
lscc,68,forest,second,justTargetDataset,0.8064848628194385
luad,68,forest,first,allDatasets,0.9238920407723056
luad,68,forest,first,justTargetDataset,1.0141297646796863
luad,68,forest,second,allDatasets,0.9083110123992922
luad,68,forest,second,justTargetDataset,0.9747693991515176
ov,68,forest,first,allDatasets,1.2756654554841476
ov,68,forest,first,justTargetDataset,1.2580316787277164
ov,68,forest,second,allDatasets,0.942340349986397
ov,68,forest,second,justTargetDataset,0.9705197010992412
pdac,68,forest,first,allDatasets,1.139448745596377
pdac,68,forest,first,justTargetDataset,1.1239084895109037
pdac,68,forest,second,allDatasets,1.0639752450147948
pdac,68,forest,second,justTargetDataset,1.0785148606637307
all,68,forest,first,allDatasets,1.3054585046060514
all,68,forest,first,justTargetDataset,1.3019341316464157
all,68,forest,second,allDatasets,1.1823470041895126
all,68,forest,second,justTargetDataset,1.1808085296094635
brca,69,forest,first,allDatasets,2.6224668082332716
brca,69,forest,first,justTargetDataset,2.9827053601647435
brca,69,forest,second,allDatasets,1.084996738803242
brca,69,forest,second,justTargetDataset,1.2164002993063134
ccrcc,69,forest,first,allDatasets,0.8959862970965788
ccrcc,69,forest,first,justTargetDataset,0.9334147524185166
ccrcc,69,forest,second,allDatasets,1.427089757406092
ccrcc,69,forest,second,justTargetDataset,1.3350557101333622
coad,69,forest,first,allDatasets,4.23616786742467
coad,69,forest,first,justTargetDataset,3.895522093262523
coad,69,forest,second,allDatasets,1.554018830627913
coad,69,forest,second,justTargetDataset,1.548260527452837
gbm,69,forest,first,allDatasets,1.1128908152965613
gbm,69,forest,first,justTargetDataset,1.0880010494673507
gbm,69,forest,second,allDatasets,1.0277626460362512
gbm,69,forest,second,justTargetDataset,1.0470504556027351
hnscc,69,forest,first,allDatasets,0.903482158200939
hnscc,69,forest,first,justTargetDataset,0.9333517156664154
hnscc,69,forest,second,allDatasets,0.9016974183546008
hnscc,69,forest,second,justTargetDataset,0.9277941587022339
lscc,69,forest,first,allDatasets,0.7513548033392285
lscc,69,forest,first,justTargetDataset,0.8511177678159245
lscc,69,forest,second,allDatasets,0.6965509639888335
lscc,69,forest,second,justTargetDataset,0.8043248261870084
luad,69,forest,first,allDatasets,0.9293394245658031
luad,69,forest,first,justTargetDataset,1.0050448663550522
luad,69,forest,second,allDatasets,0.91336937259028
luad,69,forest,second,justTargetDataset,1.0079255965728446
ov,69,forest,first,allDatasets,1.0517061010072166
ov,69,forest,first,justTargetDataset,1.1005179705066015
ov,69,forest,second,allDatasets,1.2477013113875148
ov,69,forest,second,justTargetDataset,1.2622135880261958
pdac,69,forest,first,allDatasets,1.8534891733935792
pdac,69,forest,first,justTargetDataset,1.64921815310859
pdac,69,forest,second,allDatasets,1.0600035778112802
pdac,69,forest,second,justTargetDataset,1.1255493433432648
all,69,forest,first,allDatasets,1.4154709122524345
all,69,forest,first,justTargetDataset,1.417544283414643
all,69,forest,second,allDatasets,1.055275126221358
all,69,forest,second,justTargetDataset,1.0574002602962274
brca,70,forest,first,allDatasets,1.2464507329038723
brca,70,forest,first,justTargetDataset,1.2478431695718721
brca,70,forest,second,allDatasets,0.8659468924974104
brca,70,forest,second,justTargetDataset,0.9228741523756798
ccrcc,70,forest,first,allDatasets,0.8337416022856365
ccrcc,70,forest,first,justTargetDataset,0.8637073519538769
ccrcc,70,forest,second,allDatasets,0.8513668724054467
ccrcc,70,forest,second,justTargetDataset,0.8957536460767979
coad,70,forest,first,allDatasets,8.42208305760276
coad,70,forest,first,justTargetDataset,7.7901958548003485
coad,70,forest,second,allDatasets,1.9504544570377873
coad,70,forest,second,justTargetDataset,1.905667233732706
gbm,70,forest,first,allDatasets,1.1496183644992646
gbm,70,forest,first,justTargetDataset,1.1527429007473093
gbm,70,forest,second,allDatasets,0.9819576618834641
gbm,70,forest,second,justTargetDataset,0.9972181828477955
hnscc,70,forest,first,allDatasets,1.0259536123371533
hnscc,70,forest,first,justTargetDataset,1.0326994048390519
hnscc,70,forest,second,allDatasets,0.8312783601453669
hnscc,70,forest,second,justTargetDataset,0.8949764237283133
lscc,70,forest,first,allDatasets,0.6851302759628285
lscc,70,forest,first,justTargetDataset,0.8094048216232828
lscc,70,forest,second,allDatasets,1.0997279000227322
lscc,70,forest,second,justTargetDataset,1.39640697989465
luad,70,forest,first,allDatasets,0.9099334953458776
luad,70,forest,first,justTargetDataset,1.0017537756202295
luad,70,forest,second,allDatasets,2.0342808617683694
luad,70,forest,second,justTargetDataset,2.3703052340091166
ov,70,forest,first,allDatasets,1.218644113149612
ov,70,forest,first,justTargetDataset,1.2662393961981528
ov,70,forest,second,allDatasets,1.096761526015224
ov,70,forest,second,justTargetDataset,1.148204889255341
pdac,70,forest,first,allDatasets,2.7143517301918023
pdac,70,forest,first,justTargetDataset,2.3930868061910684
pdac,70,forest,second,allDatasets,1.3454995701488208
pdac,70,forest,second,justTargetDataset,1.3172555632218397
all,70,forest,first,allDatasets,1.694031249901996
all,70,forest,first,justTargetDataset,1.691985811447906
all,70,forest,second,allDatasets,1.2431571099068277
all,70,forest,second,justTargetDataset,1.2440378739607951
brca,71,forest,first,allDatasets,1.093429827542524
brca,71,forest,first,justTargetDataset,1.1017462092317107
brca,71,forest,second,allDatasets,1.00180730395773
brca,71,forest,second,justTargetDataset,1.0088270407121578
ccrcc,71,forest,first,allDatasets,0.8972711704595797
ccrcc,71,forest,first,justTargetDataset,0.9264922334962455
ccrcc,71,forest,second,allDatasets,0.8289506257774263
ccrcc,71,forest,second,justTargetDataset,0.8598616076853903
coad,71,forest,first,allDatasets,5.396941753903044
coad,71,forest,first,justTargetDataset,5.0758727952253535
coad,71,forest,second,allDatasets,1.0217018338894635
coad,71,forest,second,justTargetDataset,1.0352660361639396
gbm,71,forest,first,allDatasets,1.2533934950344356
gbm,71,forest,first,justTargetDataset,1.21871808708898
gbm,71,forest,second,allDatasets,0.943120059225084
gbm,71,forest,second,justTargetDataset,1.0103547876880177
hnscc,71,forest,first,allDatasets,0.9122699239669394
hnscc,71,forest,first,justTargetDataset,0.9418446449514074
hnscc,71,forest,second,allDatasets,0.8925587127129336
hnscc,71,forest,second,justTargetDataset,0.9294195887730768
lscc,71,forest,first,allDatasets,0.933411421127591
lscc,71,forest,first,justTargetDataset,1.1355472097182309
lscc,71,forest,second,allDatasets,0.6980180147671774
lscc,71,forest,second,justTargetDataset,0.8441591595196887
luad,71,forest,first,allDatasets,1.0303031736591266
luad,71,forest,first,justTargetDataset,1.1134403174525322
luad,71,forest,second,allDatasets,1.0177863743152182
luad,71,forest,second,justTargetDataset,1.132726108018646
ov,71,forest,first,allDatasets,1.2219011645269129
ov,71,forest,first,justTargetDataset,1.2936735255819032
ov,71,forest,second,allDatasets,2.2899838792972487
ov,71,forest,second,justTargetDataset,2.358985797463275
pdac,71,forest,first,allDatasets,1.480709478131368
pdac,71,forest,first,justTargetDataset,1.5024254427863948
pdac,71,forest,second,allDatasets,1.6184429367618347
pdac,71,forest,second,justTargetDataset,1.4765265930080826
all,71,forest,first,allDatasets,1.392382558639972
all,71,forest,first,justTargetDataset,1.3896235401813517
all,71,forest,second,allDatasets,1.0569389807391254
all,71,forest,second,justTargetDataset,1.0557875995513866
brca,72,forest,first,allDatasets,1.023043268261648
brca,72,forest,first,justTargetDataset,1.1482878212928997
brca,72,forest,second,allDatasets,1.3457891902948167
brca,72,forest,second,justTargetDataset,1.5592325870635886
ccrcc,72,forest,first,allDatasets,0.9545639931766188
ccrcc,72,forest,first,justTargetDataset,0.959515078443459
ccrcc,72,forest,second,allDatasets,0.7541942121548535
ccrcc,72,forest,second,justTargetDataset,0.8014659012022823
coad,72,forest,first,allDatasets,3.6659853390786723
coad,72,forest,first,justTargetDataset,3.537070350119132
coad,72,forest,second,allDatasets,1.3186502791142898
coad,72,forest,second,justTargetDataset,1.335037320515546
gbm,72,forest,first,allDatasets,1.2296404179338978
gbm,72,forest,first,justTargetDataset,1.1887896610597666
gbm,72,forest,second,allDatasets,0.9337742999765822
gbm,72,forest,second,justTargetDataset,0.9464933433341584
hnscc,72,forest,first,allDatasets,0.9389863207934016
hnscc,72,forest,first,justTargetDataset,0.9581711006553333
hnscc,72,forest,second,allDatasets,0.878607356274888
hnscc,72,forest,second,justTargetDataset,0.8964222890616519
lscc,72,forest,first,allDatasets,0.7712727060700696
lscc,72,forest,first,justTargetDataset,0.8552207744898793
lscc,72,forest,second,allDatasets,0.6781360926344766
lscc,72,forest,second,justTargetDataset,0.7857836867946592
luad,72,forest,first,allDatasets,0.951648440711902
luad,72,forest,first,justTargetDataset,1.0450213970500355
luad,72,forest,second,allDatasets,1.249867124980837
luad,72,forest,second,justTargetDataset,1.3375133653235718
ov,72,forest,first,allDatasets,1.0358308904267557
ov,72,forest,first,justTargetDataset,1.0751881879040892
ov,72,forest,second,allDatasets,1.9920037250073839
ov,72,forest,second,justTargetDataset,2.1257588467164115
pdac,72,forest,first,allDatasets,1.106203087033824
pdac,72,forest,first,justTargetDataset,1.102864803146827
pdac,72,forest,second,allDatasets,1.463358267174571
pdac,72,forest,second,justTargetDataset,1.5044005755675127
all,72,forest,first,allDatasets,1.1755534260166938
all,72,forest,first,justTargetDataset,1.1765290948079106
all,72,forest,second,allDatasets,1.0956795199594485
all,72,forest,second,justTargetDataset,1.10097185553853
brca,73,forest,first,allDatasets,0.8773180369631917
brca,73,forest,first,justTargetDataset,0.9245039271595727
brca,73,forest,second,allDatasets,1.1880272957347762
brca,73,forest,second,justTargetDataset,1.1720812572706893
ccrcc,73,forest,first,allDatasets,1.4901180324204382
ccrcc,73,forest,first,justTargetDataset,1.3783273157139453
ccrcc,73,forest,second,allDatasets,0.7908770890443686
ccrcc,73,forest,second,justTargetDataset,0.854978105845477
coad,73,forest,first,allDatasets,5.941051881456856
coad,73,forest,first,justTargetDataset,5.6597488718512885
coad,73,forest,second,allDatasets,6.6787475926129485
coad,73,forest,second,justTargetDataset,6.4489722114850885
gbm,73,forest,first,allDatasets,3.8195661230112354
gbm,73,forest,first,justTargetDataset,4.883795527266965
gbm,73,forest,second,allDatasets,4.097347225871326
gbm,73,forest,second,justTargetDataset,4.183963967593465
hnscc,73,forest,first,allDatasets,0.9968638274592607
hnscc,73,forest,first,justTargetDataset,1.015515755133363
hnscc,73,forest,second,allDatasets,0.8728404034525146
hnscc,73,forest,second,justTargetDataset,0.9027273254883537
lscc,73,forest,first,allDatasets,0.7039110770956005
lscc,73,forest,first,justTargetDataset,0.8314183377747008
lscc,73,forest,second,allDatasets,0.7431221821574334
lscc,73,forest,second,justTargetDataset,0.8605448321820748
luad,73,forest,first,allDatasets,0.9195941880965192
luad,73,forest,first,justTargetDataset,1.0131370499739525
luad,73,forest,second,allDatasets,0.9415430321910999
luad,73,forest,second,justTargetDataset,1.0059643045773505
ov,73,forest,first,allDatasets,1.0585744052677413
ov,73,forest,first,justTargetDataset,1.0728913912002729
ov,73,forest,second,allDatasets,1.1556528320127903
ov,73,forest,second,justTargetDataset,1.1714660415578575
pdac,73,forest,first,allDatasets,1.0471072704656188
pdac,73,forest,first,justTargetDataset,1.098612346279759
pdac,73,forest,second,allDatasets,1.540914055903516
pdac,73,forest,second,justTargetDataset,1.5157110358090133
all,73,forest,first,allDatasets,1.6027212373491309
all,73,forest,first,justTargetDataset,1.6034187756124016
all,73,forest,second,allDatasets,1.6593998305581745
all,73,forest,second,justTargetDataset,1.661148996716044
brca,74,forest,first,allDatasets,1.0146052258720637
brca,74,forest,first,justTargetDataset,1.0361663550937863
brca,74,forest,second,allDatasets,1.0528708492815446
brca,74,forest,second,justTargetDataset,1.0654193851466167
ccrcc,74,forest,first,allDatasets,0.7709715127903426
ccrcc,74,forest,first,justTargetDataset,0.8150349033954236
ccrcc,74,forest,second,allDatasets,0.9345414247002449
ccrcc,74,forest,second,justTargetDataset,0.945292512350463
coad,74,forest,first,allDatasets,2.634764428907794
coad,74,forest,first,justTargetDataset,2.5055642065673633
coad,74,forest,second,allDatasets,4.862959886004307
coad,74,forest,second,justTargetDataset,4.531445597044084
gbm,74,forest,first,allDatasets,1.1925157838578122
gbm,74,forest,first,justTargetDataset,1.163695579181181
gbm,74,forest,second,allDatasets,0.9879086997543507
gbm,74,forest,second,justTargetDataset,0.9792496867076924
hnscc,74,forest,first,allDatasets,0.8812559085396878
hnscc,74,forest,first,justTargetDataset,0.9357362316043412
hnscc,74,forest,second,allDatasets,1.0313404049423978
hnscc,74,forest,second,justTargetDataset,1.0549156942892932
lscc,74,forest,first,allDatasets,0.8188301121974765
lscc,74,forest,first,justTargetDataset,0.8966996834083781
lscc,74,forest,second,allDatasets,0.6730665787216706
lscc,74,forest,second,justTargetDataset,0.8118570763603981
luad,74,forest,first,allDatasets,0.7398248731755032
luad,74,forest,first,justTargetDataset,0.8793966379221211
luad,74,forest,second,allDatasets,1.0578353651734385
luad,74,forest,second,justTargetDataset,1.1246876102003103
ov,74,forest,first,allDatasets,1.166372526723077
ov,74,forest,first,justTargetDataset,1.2008594666450405
ov,74,forest,second,allDatasets,1.072643848487588
ov,74,forest,second,justTargetDataset,1.0966104355136777
pdac,74,forest,first,allDatasets,2.568013671039627
pdac,74,forest,first,justTargetDataset,2.2258607689918444
pdac,74,forest,second,allDatasets,2.476934093382354
pdac,74,forest,second,justTargetDataset,2.258791119442778
all,74,forest,first,allDatasets,1.1815462585974115
all,74,forest,first,justTargetDataset,1.179331819527636
all,74,forest,second,allDatasets,1.393971887487287
all,74,forest,second,justTargetDataset,1.3941562549869728
brca,75,forest,first,allDatasets,0.9482503734644064
brca,75,forest,first,justTargetDataset,0.9532917924395264
brca,75,forest,second,allDatasets,1.1116493709486426
brca,75,forest,second,justTargetDataset,1.1120267990751513
ccrcc,75,forest,first,allDatasets,0.7935937221940237
ccrcc,75,forest,first,justTargetDataset,0.8410935861003864
ccrcc,75,forest,second,allDatasets,0.9061511484951054
ccrcc,75,forest,second,justTargetDataset,0.9330745151488608
coad,75,forest,first,allDatasets,5.069716734252419
coad,75,forest,first,justTargetDataset,4.676448069165937
coad,75,forest,second,allDatasets,2.537159793802134
coad,75,forest,second,justTargetDataset,2.4651386220398552
gbm,75,forest,first,allDatasets,1.2611388282957372
gbm,75,forest,first,justTargetDataset,1.2259008943559133
gbm,75,forest,second,allDatasets,0.8959767875288591
gbm,75,forest,second,justTargetDataset,0.9228438847626653
hnscc,75,forest,first,allDatasets,0.9680459025071336
hnscc,75,forest,first,justTargetDataset,0.9726683747079625
hnscc,75,forest,second,allDatasets,0.8535032457439713
hnscc,75,forest,second,justTargetDataset,0.9068111558186189
lscc,75,forest,first,allDatasets,0.7266669909827604
lscc,75,forest,first,justTargetDataset,0.8564413968347977
lscc,75,forest,second,allDatasets,0.7231524090010502
lscc,75,forest,second,justTargetDataset,0.8203740753513684
luad,75,forest,first,allDatasets,0.9539060539317861
luad,75,forest,first,justTargetDataset,1.0345169283002127
luad,75,forest,second,allDatasets,0.7967398809207489
luad,75,forest,second,justTargetDataset,0.9175379313348729
ov,75,forest,first,allDatasets,1.0904707136246827
ov,75,forest,first,justTargetDataset,1.1523775392701185
ov,75,forest,second,allDatasets,2.025846036727854
ov,75,forest,second,justTargetDataset,2.216427360541687
pdac,75,forest,first,allDatasets,2.2324849335264547
pdac,75,forest,first,justTargetDataset,1.9920980930523708
pdac,75,forest,second,allDatasets,1.0143796628462378
pdac,75,forest,second,justTargetDataset,1.0423796022984713
all,75,forest,first,allDatasets,1.3626401820425844
all,75,forest,first,justTargetDataset,1.362932636556938
all,75,forest,second,allDatasets,1.076264331045711
all,75,forest,second,justTargetDataset,1.0763344120927638
brca,76,forest,first,allDatasets,1.3976499933791424
brca,76,forest,first,justTargetDataset,1.473320967206212
brca,76,forest,second,allDatasets,0.8604713377285877
brca,76,forest,second,justTargetDataset,0.9210162281693388
ccrcc,76,forest,first,allDatasets,0.7516484552115056
ccrcc,76,forest,first,justTargetDataset,0.81057942671055
ccrcc,76,forest,second,allDatasets,1.4192494278821948
ccrcc,76,forest,second,justTargetDataset,1.413276970032013
coad,76,forest,first,allDatasets,8.139081512839024
coad,76,forest,first,justTargetDataset,7.458539883101759
coad,76,forest,second,allDatasets,3.897017252231129
coad,76,forest,second,justTargetDataset,3.7203016501317583
gbm,76,forest,first,allDatasets,1.1734963642786844
gbm,76,forest,first,justTargetDataset,1.1696180526659508
gbm,76,forest,second,allDatasets,1.0301542912750556
gbm,76,forest,second,justTargetDataset,1.0538955535223924
hnscc,76,forest,first,allDatasets,0.8842217539329401
hnscc,76,forest,first,justTargetDataset,0.9222177698445354
hnscc,76,forest,second,allDatasets,0.9556816373916517
hnscc,76,forest,second,justTargetDataset,0.9639992747692311
lscc,76,forest,first,allDatasets,0.6086696267138768
lscc,76,forest,first,justTargetDataset,0.7531087242629407
lscc,76,forest,second,allDatasets,0.894200673944352
lscc,76,forest,second,justTargetDataset,0.934314334615996
luad,76,forest,first,allDatasets,0.821250806475587
luad,76,forest,first,justTargetDataset,0.9159393388044813
luad,76,forest,second,allDatasets,0.9455446464708093
luad,76,forest,second,justTargetDataset,1.0056889270206353
ov,76,forest,first,allDatasets,1.1241600062229957
ov,76,forest,first,justTargetDataset,1.153937023033449
ov,76,forest,second,allDatasets,1.1766295870274284
ov,76,forest,second,justTargetDataset,1.2139284453625454
pdac,76,forest,first,allDatasets,2.3309868423711135
pdac,76,forest,first,justTargetDataset,2.231182822564413
pdac,76,forest,second,allDatasets,4.672311881888597
pdac,76,forest,second,justTargetDataset,3.861694888774118
all,76,forest,first,allDatasets,1.5861937353096092
all,76,forest,first,justTargetDataset,1.584566703532002
all,76,forest,second,allDatasets,1.602557241407315
all,76,forest,second,justTargetDataset,1.6023707568537824
brca,77,forest,first,allDatasets,1.4002926788859278
brca,77,forest,first,justTargetDataset,1.4630834900582395
brca,77,forest,second,allDatasets,0.9267560134330655
brca,77,forest,second,justTargetDataset,0.9909844411479859
ccrcc,77,forest,first,allDatasets,0.8897887283645098
ccrcc,77,forest,first,justTargetDataset,0.9296741297786945
ccrcc,77,forest,second,allDatasets,1.7407171147415146
ccrcc,77,forest,second,justTargetDataset,1.5381119384589335
coad,77,forest,first,allDatasets,1.981235512020331
coad,77,forest,first,justTargetDataset,1.917219655282109
coad,77,forest,second,allDatasets,2.5820548028625034
coad,77,forest,second,justTargetDataset,2.525551585147553
gbm,77,forest,first,allDatasets,1.2741893726414484
gbm,77,forest,first,justTargetDataset,1.2754310078628492
gbm,77,forest,second,allDatasets,0.9281672562613614
gbm,77,forest,second,justTargetDataset,0.9410983294104891
hnscc,77,forest,first,allDatasets,0.8984509358874575
hnscc,77,forest,first,justTargetDataset,0.9209087042625458
hnscc,77,forest,second,allDatasets,2.4320457593507374
hnscc,77,forest,second,justTargetDataset,2.1672707835796885
lscc,77,forest,first,allDatasets,0.6344497146272866
lscc,77,forest,first,justTargetDataset,0.7596315729966354
lscc,77,forest,second,allDatasets,0.849719368469881
lscc,77,forest,second,justTargetDataset,0.9265656425659015
luad,77,forest,first,allDatasets,0.9629354889411847
luad,77,forest,first,justTargetDataset,1.0215140508060914
luad,77,forest,second,allDatasets,0.8606370039650388
luad,77,forest,second,justTargetDataset,0.9509944886812535
ov,77,forest,first,allDatasets,3.8099410173913437
ov,77,forest,first,justTargetDataset,3.648028892938786
ov,77,forest,second,allDatasets,1.2345115092415337
ov,77,forest,second,justTargetDataset,1.323168722132894
pdac,77,forest,first,allDatasets,1.4611300593615082
pdac,77,forest,first,justTargetDataset,1.5428252577764356
pdac,77,forest,second,allDatasets,1.3129010877482505
pdac,77,forest,second,justTargetDataset,1.27628088725825
all,77,forest,first,allDatasets,1.2663467685587435
all,77,forest,first,justTargetDataset,1.2683142114987784
all,77,forest,second,allDatasets,1.3807276638007397
all,77,forest,second,justTargetDataset,1.3825310734461373
brca,78,forest,first,allDatasets,0.8620648409459091
brca,78,forest,first,justTargetDataset,0.9079530438489207
brca,78,forest,second,allDatasets,1.2292785181423558
brca,78,forest,second,justTargetDataset,1.2167625256136592
ccrcc,78,forest,first,allDatasets,0.8070256912002399
ccrcc,78,forest,first,justTargetDataset,0.8525108762600346
ccrcc,78,forest,second,allDatasets,1.0017309625863813
ccrcc,78,forest,second,justTargetDataset,0.9819156238555881
coad,78,forest,first,allDatasets,2.3246194290125564
coad,78,forest,first,justTargetDataset,2.337802177055366
coad,78,forest,second,allDatasets,2.229276988230519
coad,78,forest,second,justTargetDataset,2.1826717739906756
gbm,78,forest,first,allDatasets,1.041911703440219
gbm,78,forest,first,justTargetDataset,1.0386417795458258
gbm,78,forest,second,allDatasets,1.048996975863931
gbm,78,forest,second,justTargetDataset,1.0510218536855591
hnscc,78,forest,first,allDatasets,1.0522767806965092
hnscc,78,forest,first,justTargetDataset,1.1596995202383906
hnscc,78,forest,second,allDatasets,0.9074932158957826
hnscc,78,forest,second,justTargetDataset,0.9491984981597497
lscc,78,forest,first,allDatasets,0.7752678948871065
lscc,78,forest,first,justTargetDataset,0.8804810890624047
lscc,78,forest,second,allDatasets,0.6969294874066715
lscc,78,forest,second,justTargetDataset,0.7975276878303439
luad,78,forest,first,allDatasets,0.9266232807104364
luad,78,forest,first,justTargetDataset,0.9962910633830144
luad,78,forest,second,allDatasets,0.8697227723547416
luad,78,forest,second,justTargetDataset,0.956866772750153
ov,78,forest,first,allDatasets,1.1077903491774368
ov,78,forest,first,justTargetDataset,1.137353999820958
ov,78,forest,second,allDatasets,1.1190341272246485
ov,78,forest,second,justTargetDataset,1.120971357325316
pdac,78,forest,first,allDatasets,1.785320241621442
pdac,78,forest,first,justTargetDataset,1.6072299803273449
pdac,78,forest,second,allDatasets,1.412325983744485
pdac,78,forest,second,justTargetDataset,1.4295398449629624
all,78,forest,first,allDatasets,1.101561072046128
all,78,forest,first,justTargetDataset,1.1034743521192767
all,78,forest,second,allDatasets,1.0838058684781369
all,78,forest,second,justTargetDataset,1.085976043529612
brca,79,forest,first,allDatasets,1.013122757083852
brca,79,forest,first,justTargetDataset,1.0361782540326943
brca,79,forest,second,allDatasets,1.079063150908113
brca,79,forest,second,justTargetDataset,1.0952580559577192
ccrcc,79,forest,first,allDatasets,0.8907970529255675
ccrcc,79,forest,first,justTargetDataset,0.9141114181547623
ccrcc,79,forest,second,allDatasets,0.8072972197690855
ccrcc,79,forest,second,justTargetDataset,0.8480984722544693
coad,79,forest,first,allDatasets,5.426586336398702
coad,79,forest,first,justTargetDataset,5.076070903367422
coad,79,forest,second,allDatasets,1.619619080963829
coad,79,forest,second,justTargetDataset,1.6074711198238356
gbm,79,forest,first,allDatasets,1.1854177454580908
gbm,79,forest,first,justTargetDataset,1.186229398078064
gbm,79,forest,second,allDatasets,0.9997754974454789
gbm,79,forest,second,justTargetDataset,1.003149263759786
hnscc,79,forest,first,allDatasets,0.9934806949646596
hnscc,79,forest,first,justTargetDataset,1.012605228606199
hnscc,79,forest,second,allDatasets,0.8672794274925224
hnscc,79,forest,second,justTargetDataset,0.905478818135855
lscc,79,forest,first,allDatasets,0.6054341344093355
lscc,79,forest,first,justTargetDataset,0.7321066947230093
lscc,79,forest,second,allDatasets,0.8624550865151149
lscc,79,forest,second,justTargetDataset,0.9260999931111806
luad,79,forest,first,allDatasets,0.9339571582034937
luad,79,forest,first,justTargetDataset,0.9984497588344831
luad,79,forest,second,allDatasets,0.8191299592596647
luad,79,forest,second,justTargetDataset,0.9554858992477262
ov,79,forest,first,allDatasets,1.026215220573899
ov,79,forest,first,justTargetDataset,1.0722125580980286
ov,79,forest,second,allDatasets,1.264992881539037
ov,79,forest,second,justTargetDataset,1.277917276015709
pdac,79,forest,first,allDatasets,1.4811340302896923
pdac,79,forest,first,justTargetDataset,1.3730156786790204
pdac,79,forest,second,allDatasets,1.0525643339870296
pdac,79,forest,second,justTargetDataset,1.1750725973554466
all,79,forest,first,allDatasets,1.309029667502226
all,79,forest,first,justTargetDataset,1.3081320339536118
all,79,forest,second,allDatasets,0.9818267524128452
all,79,forest,second,justTargetDataset,0.9798538849178939
brca,80,forest,first,allDatasets,1.179462758190184
brca,80,forest,first,justTargetDataset,1.1652999164307252
brca,80,forest,second,allDatasets,0.9236161316978327
brca,80,forest,second,justTargetDataset,0.9912886538322687
ccrcc,80,forest,first,allDatasets,0.8876210017974054
ccrcc,80,forest,first,justTargetDataset,0.9065811708114918
ccrcc,80,forest,second,allDatasets,0.8032074322979942
ccrcc,80,forest,second,justTargetDataset,0.8432282532585819
coad,80,forest,first,allDatasets,1.003725176594806
coad,80,forest,first,justTargetDataset,1.0131814336305218
coad,80,forest,second,allDatasets,4.354904000226588
coad,80,forest,second,justTargetDataset,4.018837004843756
gbm,80,forest,first,allDatasets,1.1032713817641697
gbm,80,forest,first,justTargetDataset,1.1445688885727552
gbm,80,forest,second,allDatasets,1.060034526302914
gbm,80,forest,second,justTargetDataset,1.0908323864620622
hnscc,80,forest,first,allDatasets,0.849387236555348
hnscc,80,forest,first,justTargetDataset,0.9074489217208771
hnscc,80,forest,second,allDatasets,0.9740751339098451
hnscc,80,forest,second,justTargetDataset,0.9823484597309116
lscc,80,forest,first,allDatasets,0.7207088537828029
lscc,80,forest,first,justTargetDataset,0.8231206044399499
lscc,80,forest,second,allDatasets,0.7474897446772456
lscc,80,forest,second,justTargetDataset,0.8530076019791345
luad,80,forest,first,allDatasets,0.9651832360276305
luad,80,forest,first,justTargetDataset,1.0230074959765583
luad,80,forest,second,allDatasets,0.8309768478737497
luad,80,forest,second,justTargetDataset,0.9280800220071729
ov,80,forest,first,allDatasets,1.0402046535198142
ov,80,forest,first,justTargetDataset,1.1295243311803904
ov,80,forest,second,allDatasets,1.2900862372226591
ov,80,forest,second,justTargetDataset,1.2880591387136053
pdac,80,forest,first,allDatasets,1.4724411370470605
pdac,80,forest,first,justTargetDataset,1.4617051233730658
pdac,80,forest,second,allDatasets,2.3367227925587843
pdac,80,forest,second,justTargetDataset,2.1314061177374657
all,80,forest,first,allDatasets,0.988548268439055
all,80,forest,first,justTargetDataset,0.9872429891508011
all,80,forest,second,allDatasets,1.3009606086825507
all,80,forest,second,justTargetDataset,1.3015754518758973
brca,81,forest,first,allDatasets,1.1810208207846904
brca,81,forest,first,justTargetDataset,1.179742866212962
brca,81,forest,second,allDatasets,1.207568308265776
brca,81,forest,second,justTargetDataset,1.3531536868684793
ccrcc,81,forest,first,allDatasets,0.7895235392846971
ccrcc,81,forest,first,justTargetDataset,0.8383294891272267
ccrcc,81,forest,second,allDatasets,0.8908358722059702
ccrcc,81,forest,second,justTargetDataset,0.9206800833001234
coad,81,forest,first,allDatasets,3.273420324129872
coad,81,forest,first,justTargetDataset,3.058067076553522
coad,81,forest,second,allDatasets,1.5105761970756557
coad,81,forest,second,justTargetDataset,1.4710569382197167
gbm,81,forest,first,allDatasets,1.1673330494515048
gbm,81,forest,first,justTargetDataset,1.1300100160500401
gbm,81,forest,second,allDatasets,1.0393895571746938
gbm,81,forest,second,justTargetDataset,1.067842292131279
hnscc,81,forest,first,allDatasets,0.8919310670405108
hnscc,81,forest,first,justTargetDataset,0.92112549582073
hnscc,81,forest,second,allDatasets,0.9433380142148945
hnscc,81,forest,second,justTargetDataset,0.983466814530337
lscc,81,forest,first,allDatasets,0.8010939366577533
lscc,81,forest,first,justTargetDataset,0.8977398946479822
lscc,81,forest,second,allDatasets,0.6707178741255401
lscc,81,forest,second,justTargetDataset,0.8312278285592685
luad,81,forest,first,allDatasets,1.2056229243312209
luad,81,forest,first,justTargetDataset,1.3787936889201196
luad,81,forest,second,allDatasets,1.0912958619570452
luad,81,forest,second,justTargetDataset,1.2715931792771544
ov,81,forest,first,allDatasets,1.275183133371466
ov,81,forest,first,justTargetDataset,1.3035339036997164
ov,81,forest,second,allDatasets,1.0510963038329542
ov,81,forest,second,justTargetDataset,1.10083981119684
pdac,81,forest,first,allDatasets,2.25024135852996
pdac,81,forest,first,justTargetDataset,2.048280816785663
pdac,81,forest,second,allDatasets,1.762623998510991
pdac,81,forest,second,justTargetDataset,1.599784749651559
all,81,forest,first,allDatasets,1.2935060020933964
all,81,forest,first,justTargetDataset,1.2976757856675338
all,81,forest,second,allDatasets,1.0751213251929062
all,81,forest,second,justTargetDataset,1.076243904609787
brca,82,forest,first,allDatasets,0.9470941798265967
brca,82,forest,first,justTargetDataset,1.0752287414858666
brca,82,forest,second,allDatasets,1.187148524226684
brca,82,forest,second,justTargetDataset,1.1812541376861554
ccrcc,82,forest,first,allDatasets,0.7981759187586468
ccrcc,82,forest,first,justTargetDataset,0.864466625275034
ccrcc,82,forest,second,allDatasets,0.8764229685726252
ccrcc,82,forest,second,justTargetDataset,0.9189134317304798
coad,82,forest,first,allDatasets,4.551845912854837
coad,82,forest,first,justTargetDataset,4.376962509660368
coad,82,forest,second,allDatasets,2.7248550070818163
coad,82,forest,second,justTargetDataset,2.6917655854285187
gbm,82,forest,first,allDatasets,1.0939300417736644
gbm,82,forest,first,justTargetDataset,1.0958825454904333
gbm,82,forest,second,allDatasets,1.043061764620925
gbm,82,forest,second,justTargetDataset,1.0347262282475271
hnscc,82,forest,first,allDatasets,0.9365782746118315
hnscc,82,forest,first,justTargetDataset,0.9880566818055783
hnscc,82,forest,second,allDatasets,0.9602266544062036
hnscc,82,forest,second,justTargetDataset,0.9857817519016361
lscc,82,forest,first,allDatasets,0.7456650261420942
lscc,82,forest,first,justTargetDataset,0.8524676074185998
lscc,82,forest,second,allDatasets,0.7053270118649486
lscc,82,forest,second,justTargetDataset,0.8062065628433668
luad,82,forest,first,allDatasets,0.9905966467828146
luad,82,forest,first,justTargetDataset,1.0716679670543279
luad,82,forest,second,allDatasets,0.7770548900908775
luad,82,forest,second,justTargetDataset,0.9072963513660336
ov,82,forest,first,allDatasets,1.0065569608117189
ov,82,forest,first,justTargetDataset,1.040674264626965
ov,82,forest,second,allDatasets,1.2778879364250626
ov,82,forest,second,justTargetDataset,1.2871113420475404
pdac,82,forest,first,allDatasets,2.7469264084483855
pdac,82,forest,first,justTargetDataset,2.369992847570181
pdac,82,forest,second,allDatasets,1.1777757419761403
pdac,82,forest,second,justTargetDataset,1.199684377524208
all,82,forest,first,allDatasets,1.3583537355972763
all,82,forest,first,justTargetDataset,1.3615273625725823
all,82,forest,second,allDatasets,1.0794143801343337
all,82,forest,second,justTargetDataset,1.079112595055704
brca,83,forest,first,allDatasets,1.0815711841072566
brca,83,forest,first,justTargetDataset,1.092001548496159
brca,83,forest,second,allDatasets,0.9711706381806069
brca,83,forest,second,justTargetDataset,0.9961557603076877
ccrcc,83,forest,first,allDatasets,0.962341769658799
ccrcc,83,forest,first,justTargetDataset,0.9602392370072146
ccrcc,83,forest,second,allDatasets,0.7913480571310122
ccrcc,83,forest,second,justTargetDataset,0.8400093555191654
coad,83,forest,first,allDatasets,2.3322786065536083
coad,83,forest,first,justTargetDataset,2.273604554246665
coad,83,forest,second,allDatasets,3.090976183469039
coad,83,forest,second,justTargetDataset,3.116145016783796
gbm,83,forest,first,allDatasets,1.0580228509288123
gbm,83,forest,first,justTargetDataset,1.0986971867454698
gbm,83,forest,second,allDatasets,1.1969560040520477
gbm,83,forest,second,justTargetDataset,1.1977945798350844
hnscc,83,forest,first,allDatasets,0.9107079419333768
hnscc,83,forest,first,justTargetDataset,0.9369984167287342
hnscc,83,forest,second,allDatasets,0.8978040244847767
hnscc,83,forest,second,justTargetDataset,0.9319608824462914
lscc,83,forest,first,allDatasets,0.5999690509744001
lscc,83,forest,first,justTargetDataset,0.7351676285306793
lscc,83,forest,second,allDatasets,0.896455072862589
lscc,83,forest,second,justTargetDataset,0.9562735992804429
luad,83,forest,first,allDatasets,0.8708268029618113
luad,83,forest,first,justTargetDataset,0.9479274745733773
luad,83,forest,second,allDatasets,0.9766971793634773
luad,83,forest,second,justTargetDataset,1.0714628211696526
ov,83,forest,first,allDatasets,1.0718105524790196
ov,83,forest,first,justTargetDataset,1.103173133794764
ov,83,forest,second,allDatasets,2.9465805022206006
ov,83,forest,second,justTargetDataset,3.1594336601413935
pdac,83,forest,first,allDatasets,1.784767331318783
pdac,83,forest,first,justTargetDataset,1.6119308667104855
pdac,83,forest,second,allDatasets,1.704699215658195
pdac,83,forest,second,justTargetDataset,1.7463595581254403
all,83,forest,first,allDatasets,1.089327366762931
all,83,forest,first,justTargetDataset,1.0906921177127848
all,83,forest,second,allDatasets,1.3009210781307146
all,83,forest,second,justTargetDataset,1.3009205756022637
brca,84,forest,first,allDatasets,1.0432803379530604
brca,84,forest,first,justTargetDataset,1.06394148789872
brca,84,forest,second,allDatasets,1.0556178361945177
brca,84,forest,second,justTargetDataset,1.1106016222491315
ccrcc,84,forest,first,allDatasets,0.9206718489123487
ccrcc,84,forest,first,justTargetDataset,0.9370723367965553
ccrcc,84,forest,second,allDatasets,1.793374396716333
ccrcc,84,forest,second,justTargetDataset,1.9761666949894325
coad,84,forest,first,allDatasets,5.6360344618730736
coad,84,forest,first,justTargetDataset,5.358381024161134
coad,84,forest,second,allDatasets,1.0360664851541417
coad,84,forest,second,justTargetDataset,1.0544810694879123
gbm,84,forest,first,allDatasets,1.0397943456784378
gbm,84,forest,first,justTargetDataset,1.084238831308613
gbm,84,forest,second,allDatasets,1.0538335701713033
gbm,84,forest,second,justTargetDataset,1.0460547791075432
hnscc,84,forest,first,allDatasets,0.8836581304769864
hnscc,84,forest,first,justTargetDataset,0.9277192946443137
hnscc,84,forest,second,allDatasets,2.561985235188502
hnscc,84,forest,second,justTargetDataset,2.3806983542529356
lscc,84,forest,first,allDatasets,0.70367992123518
lscc,84,forest,first,justTargetDataset,0.8260042781632915
lscc,84,forest,second,allDatasets,0.749783923617539
lscc,84,forest,second,justTargetDataset,0.8379921152902973
luad,84,forest,first,allDatasets,0.9380880836521915
luad,84,forest,first,justTargetDataset,1.0416370810920854
luad,84,forest,second,allDatasets,0.885640244060788
luad,84,forest,second,justTargetDataset,1.0204244894958074
ov,84,forest,first,allDatasets,1.115971831578687
ov,84,forest,first,justTargetDataset,1.111791862645783
ov,84,forest,second,allDatasets,1.0949494474828136
ov,84,forest,second,justTargetDataset,1.1063245890597828
pdac,84,forest,first,allDatasets,5.19721420730285
pdac,84,forest,first,justTargetDataset,4.304839603797248
pdac,84,forest,second,allDatasets,2.3718642656214413
pdac,84,forest,second,justTargetDataset,2.336018480278104
all,84,forest,first,allDatasets,1.6840221889797329
all,84,forest,first,justTargetDataset,1.6840029171775797
all,84,forest,second,allDatasets,1.390943087727534
all,84,forest,second,justTargetDataset,1.3920567101608112
brca,85,forest,first,allDatasets,1.1149427130425422
brca,85,forest,first,justTargetDataset,1.1092247344918804
brca,85,forest,second,allDatasets,0.9485008291491502
brca,85,forest,second,justTargetDataset,0.9814863849779515
ccrcc,85,forest,first,allDatasets,0.9155710357317185
ccrcc,85,forest,first,justTargetDataset,0.9301947511212845
ccrcc,85,forest,second,allDatasets,1.533834110068276
ccrcc,85,forest,second,justTargetDataset,1.531507411933667
coad,85,forest,first,allDatasets,1.8015095024968728
coad,85,forest,first,justTargetDataset,1.8036863609623783
coad,85,forest,second,allDatasets,1.041054845586544
coad,85,forest,second,justTargetDataset,1.0448340971312495
gbm,85,forest,first,allDatasets,1.0654648847242465
gbm,85,forest,first,justTargetDataset,1.109177814059268
gbm,85,forest,second,allDatasets,1.1087643211153702
gbm,85,forest,second,justTargetDataset,1.1030900494564446
hnscc,85,forest,first,allDatasets,2.3772696593955334
hnscc,85,forest,first,justTargetDataset,2.288741350712912
hnscc,85,forest,second,allDatasets,1.0805195739782913
hnscc,85,forest,second,justTargetDataset,1.1625911332074461
lscc,85,forest,first,allDatasets,0.753086658919547
lscc,85,forest,first,justTargetDataset,0.8417504813463599
lscc,85,forest,second,allDatasets,0.7155877708733066
lscc,85,forest,second,justTargetDataset,0.8304534245894977
luad,85,forest,first,allDatasets,0.7912150966144612
luad,85,forest,first,justTargetDataset,0.8895338788323932
luad,85,forest,second,allDatasets,0.9971173416928902
luad,85,forest,second,justTargetDataset,1.0446433977940692
ov,85,forest,first,allDatasets,1.0411822751497088
ov,85,forest,first,justTargetDataset,1.083754431807025
ov,85,forest,second,allDatasets,1.2967176377827017
ov,85,forest,second,justTargetDataset,1.2875904553366457
pdac,85,forest,first,allDatasets,1.30934440586554
pdac,85,forest,first,justTargetDataset,1.3512155483652217
pdac,85,forest,second,allDatasets,1.5713651281043277
pdac,85,forest,second,justTargetDataset,1.4931993990443002
all,85,forest,first,allDatasets,1.1917792256967958
all,85,forest,first,justTargetDataset,1.19038494731802
all,85,forest,second,allDatasets,1.1165162711503949
all,85,forest,second,justTargetDataset,1.118206613469267
brca,86,forest,first,allDatasets,1.0731419833054638
brca,86,forest,first,justTargetDataset,1.0644830934016478
brca,86,forest,second,allDatasets,0.9994504013503419
brca,86,forest,second,justTargetDataset,1.017129380192644
ccrcc,86,forest,first,allDatasets,0.9570376608900101
ccrcc,86,forest,first,justTargetDataset,0.9672992464234895
ccrcc,86,forest,second,allDatasets,0.7697715069092905
ccrcc,86,forest,second,justTargetDataset,0.8504088851086294
coad,86,forest,first,allDatasets,2.929090701077576
coad,86,forest,first,justTargetDataset,2.9794626619569415
coad,86,forest,second,allDatasets,4.163614956573324
coad,86,forest,second,justTargetDataset,3.8187372246697597
gbm,86,forest,first,allDatasets,0.8849136466989087
gbm,86,forest,first,justTargetDataset,0.9205119178450093
gbm,86,forest,second,allDatasets,1.303813326410262
gbm,86,forest,second,justTargetDataset,1.2582384767446766
hnscc,86,forest,first,allDatasets,0.9247226686386942
hnscc,86,forest,first,justTargetDataset,0.9534940798332306
hnscc,86,forest,second,allDatasets,0.8960959965876187
hnscc,86,forest,second,justTargetDataset,0.9173273999016147
lscc,86,forest,first,allDatasets,0.6182964531445715
lscc,86,forest,first,justTargetDataset,0.7635867515513639
lscc,86,forest,second,allDatasets,0.8277108395077735
lscc,86,forest,second,justTargetDataset,0.9074474076525041
luad,86,forest,first,allDatasets,0.924556215213663
luad,86,forest,first,justTargetDataset,1.0361099872426283
luad,86,forest,second,allDatasets,0.9907882253394547
luad,86,forest,second,justTargetDataset,1.1225662208993148
ov,86,forest,first,allDatasets,1.0881254695289273
ov,86,forest,first,justTargetDataset,1.1205917505774994
ov,86,forest,second,allDatasets,1.1750917022325709
ov,86,forest,second,justTargetDataset,1.1872010257294725
pdac,86,forest,first,allDatasets,1.5152918830835638
pdac,86,forest,first,justTargetDataset,1.5047765796867383
pdac,86,forest,second,allDatasets,2.055980936562518
pdac,86,forest,second,justTargetDataset,1.8584387211432236
all,86,forest,first,allDatasets,1.1076512631912339
all,86,forest,first,justTargetDataset,1.108362396123667
all,86,forest,second,allDatasets,1.3052154268495997
all,86,forest,second,justTargetDataset,1.3063993476406162
brca,87,forest,first,allDatasets,0.9362731989165171
brca,87,forest,first,justTargetDataset,0.9474469284503859
brca,87,forest,second,allDatasets,1.143446851382635
brca,87,forest,second,justTargetDataset,1.1243315480125897
ccrcc,87,forest,first,allDatasets,1.6232010175285962
ccrcc,87,forest,first,justTargetDataset,1.5919168460951891
ccrcc,87,forest,second,allDatasets,0.9801245822177806
ccrcc,87,forest,second,justTargetDataset,1.001374149200443
coad,87,forest,first,allDatasets,1.8361552566310855
coad,87,forest,first,justTargetDataset,1.826700408765196
coad,87,forest,second,allDatasets,1.1560104049202686
coad,87,forest,second,justTargetDataset,1.1806845837956164
gbm,87,forest,first,allDatasets,1.1020144426925753
gbm,87,forest,first,justTargetDataset,1.1072308593080213
gbm,87,forest,second,allDatasets,1.084665192577843
gbm,87,forest,second,justTargetDataset,1.0880770716661297
hnscc,87,forest,first,allDatasets,1.022281468966759
hnscc,87,forest,first,justTargetDataset,1.0081305959078544
hnscc,87,forest,second,allDatasets,0.8228511949637423
hnscc,87,forest,second,justTargetDataset,0.8675718262321522
lscc,87,forest,first,allDatasets,0.6868424641075171
lscc,87,forest,first,justTargetDataset,0.7981240097019832
lscc,87,forest,second,allDatasets,0.7603238443823618
lscc,87,forest,second,justTargetDataset,0.8726610976084709
luad,87,forest,first,allDatasets,0.7798402414701235
luad,87,forest,first,justTargetDataset,0.8729974711713216
luad,87,forest,second,allDatasets,1.2814569043334831
luad,87,forest,second,justTargetDataset,1.3013786120344553
ov,87,forest,first,allDatasets,1.095836222710783
ov,87,forest,first,justTargetDataset,1.1372378314415768
ov,87,forest,second,allDatasets,1.1896436559922456
ov,87,forest,second,justTargetDataset,1.2371779658437527
pdac,87,forest,first,allDatasets,1.3094274042636225
pdac,87,forest,first,justTargetDataset,1.3470668686968847
pdac,87,forest,second,allDatasets,1.540178708572195
pdac,87,forest,second,justTargetDataset,1.4151746035929398
all,87,forest,first,allDatasets,1.102506606321755
all,87,forest,first,justTargetDataset,1.1028413257266918
all,87,forest,second,allDatasets,1.0780550332310068
all,87,forest,second,justTargetDataset,1.0795041742435592
brca,88,forest,first,allDatasets,0.9366981113656945
brca,88,forest,first,justTargetDataset,0.9614922640922524
brca,88,forest,second,allDatasets,1.1749898563215315
brca,88,forest,second,justTargetDataset,1.1762596465411739
ccrcc,88,forest,first,allDatasets,0.8377760080708943
ccrcc,88,forest,first,justTargetDataset,0.8586492908001457
ccrcc,88,forest,second,allDatasets,0.8293418960313341
ccrcc,88,forest,second,justTargetDataset,0.8556890768233445
coad,88,forest,first,allDatasets,2.972317251036834
coad,88,forest,first,justTargetDataset,2.991283822518309
coad,88,forest,second,allDatasets,1.1313514471498693
coad,88,forest,second,justTargetDataset,1.1439187593764286
gbm,88,forest,first,allDatasets,1.054846223641249
gbm,88,forest,first,justTargetDataset,1.0816196764940624
gbm,88,forest,second,allDatasets,1.0320550293536026
gbm,88,forest,second,justTargetDataset,1.0363732723660497
hnscc,88,forest,first,allDatasets,0.857760312890969
hnscc,88,forest,first,justTargetDataset,0.8973263012665912
hnscc,88,forest,second,allDatasets,1.0096014279599053
hnscc,88,forest,second,justTargetDataset,1.0211859705786195
lscc,88,forest,first,allDatasets,0.7562201212684866
lscc,88,forest,first,justTargetDataset,0.8544291208895892
lscc,88,forest,second,allDatasets,0.6940322935016624
lscc,88,forest,second,justTargetDataset,0.8155505884998114
luad,88,forest,first,allDatasets,1.1288531836564488
luad,88,forest,first,justTargetDataset,1.4046699605751833
luad,88,forest,second,allDatasets,1.4121080889047104
luad,88,forest,second,justTargetDataset,1.439061259693334
ov,88,forest,first,allDatasets,1.765799283599146
ov,88,forest,first,justTargetDataset,2.0218211655476863
ov,88,forest,second,allDatasets,1.2958407160737975
ov,88,forest,second,justTargetDataset,1.3114406923102968
pdac,88,forest,first,allDatasets,1.2980712336202476
pdac,88,forest,first,justTargetDataset,1.2837282291545664
pdac,88,forest,second,allDatasets,1.2522218091529755
pdac,88,forest,second,justTargetDataset,1.2410140693069915
all,88,forest,first,allDatasets,1.161837659890263
all,88,forest,first,justTargetDataset,1.1637222592966192
all,88,forest,second,allDatasets,1.0666056326604039
all,88,forest,second,justTargetDataset,1.0680847737838397
brca,89,forest,first,allDatasets,1.0180976147491647
brca,89,forest,first,justTargetDataset,1.0431646913487795
brca,89,forest,second,allDatasets,1.0664875158663845
brca,89,forest,second,justTargetDataset,1.0924291628052007
ccrcc,89,forest,first,allDatasets,0.8320573529042398
ccrcc,89,forest,first,justTargetDataset,0.9120297618881529
ccrcc,89,forest,second,allDatasets,0.8922801258616343
ccrcc,89,forest,second,justTargetDataset,0.9174091520193042
coad,89,forest,first,allDatasets,3.141368187384608
coad,89,forest,first,justTargetDataset,2.942316359303489
coad,89,forest,second,allDatasets,4.017274639205345
coad,89,forest,second,justTargetDataset,3.8065034063491243
gbm,89,forest,first,allDatasets,0.9611105400531815
gbm,89,forest,first,justTargetDataset,1.0023521869723502
gbm,89,forest,second,allDatasets,1.2124849344843809
gbm,89,forest,second,justTargetDataset,1.1875193795217487
hnscc,89,forest,first,allDatasets,1.4553769957735545
hnscc,89,forest,first,justTargetDataset,1.4454848266175235
hnscc,89,forest,second,allDatasets,0.9220393858127797
hnscc,89,forest,second,justTargetDataset,0.9838988714100962
lscc,89,forest,first,allDatasets,0.8074837081232398
lscc,89,forest,first,justTargetDataset,0.8723380750703572
lscc,89,forest,second,allDatasets,0.6591676763432128
lscc,89,forest,second,justTargetDataset,0.7769351649552777
luad,89,forest,first,allDatasets,0.786953012170765
luad,89,forest,first,justTargetDataset,0.8692068589102367
luad,89,forest,second,allDatasets,1.0022517499853536
luad,89,forest,second,justTargetDataset,1.0828657435797187
ov,89,forest,first,allDatasets,1.2915491572011384
ov,89,forest,first,justTargetDataset,1.3279064501791897
ov,89,forest,second,allDatasets,1.843520005964283
ov,89,forest,second,justTargetDataset,1.9467711220706658
pdac,89,forest,first,allDatasets,1.9178457968249183
pdac,89,forest,first,justTargetDataset,1.6835812737665348
pdac,89,forest,second,allDatasets,1.0327011005564786
pdac,89,forest,second,justTargetDataset,1.1305821586986686
all,89,forest,first,allDatasets,1.2298282946196641
all,89,forest,first,justTargetDataset,1.2289906735661105
all,89,forest,second,allDatasets,1.2312655350838013
all,89,forest,second,justTargetDataset,1.2302810740656922
brca,90,forest,first,allDatasets,0.9227096615927198
brca,90,forest,first,justTargetDataset,0.9623722240017053
brca,90,forest,second,allDatasets,1.1367414929801591
brca,90,forest,second,justTargetDataset,1.1099501971398278
ccrcc,90,forest,first,allDatasets,0.7833395836095515
ccrcc,90,forest,first,justTargetDataset,0.8248999627615853
ccrcc,90,forest,second,allDatasets,0.9215195787761207
ccrcc,90,forest,second,justTargetDataset,0.9410119249942768
coad,90,forest,first,allDatasets,7.278424154163456
coad,90,forest,first,justTargetDataset,6.7435561657728496
coad,90,forest,second,allDatasets,3.315868984419905
coad,90,forest,second,justTargetDataset,3.1883063060542063
gbm,90,forest,first,allDatasets,1.0331815590878262
gbm,90,forest,first,justTargetDataset,1.0394206402896866
gbm,90,forest,second,allDatasets,1.1305653639197382
gbm,90,forest,second,justTargetDataset,1.127334911713949
hnscc,90,forest,first,allDatasets,0.9944244749961321
hnscc,90,forest,first,justTargetDataset,1.027850157906826
hnscc,90,forest,second,allDatasets,0.8856406167986481
hnscc,90,forest,second,justTargetDataset,0.9242843014866585
lscc,90,forest,first,allDatasets,0.7330322743883012
lscc,90,forest,first,justTargetDataset,0.9182335023594619
lscc,90,forest,second,allDatasets,0.80511161021942
lscc,90,forest,second,justTargetDataset,0.8807171446684162
luad,90,forest,first,allDatasets,0.8267537039446775
luad,90,forest,first,justTargetDataset,0.9303174818900731
luad,90,forest,second,allDatasets,1.1609078140067768
luad,90,forest,second,justTargetDataset,1.348505753434916
ov,90,forest,first,allDatasets,1.9195606691305218
ov,90,forest,first,justTargetDataset,2.1306594701115564
ov,90,forest,second,allDatasets,3.669410167159592
ov,90,forest,second,justTargetDataset,3.481411285091095
pdac,90,forest,first,allDatasets,1.2190896354835248
pdac,90,forest,first,justTargetDataset,1.1975155467012786
pdac,90,forest,second,allDatasets,1.830366817569285
pdac,90,forest,second,justTargetDataset,1.684627409577026
all,90,forest,first,allDatasets,1.4496513138548155
all,90,forest,first,justTargetDataset,1.4505281105873504
all,90,forest,second,allDatasets,1.4195538346566186
all,90,forest,second,justTargetDataset,1.4213119005659454
brca,91,forest,first,allDatasets,1.1247067306895993
brca,91,forest,first,justTargetDataset,1.1204554075359834
brca,91,forest,second,allDatasets,0.9897147739963148
brca,91,forest,second,justTargetDataset,1.0293793129569289
ccrcc,91,forest,first,allDatasets,0.827835064105149
ccrcc,91,forest,first,justTargetDataset,0.8863815181121802
ccrcc,91,forest,second,allDatasets,0.8823364536166318
ccrcc,91,forest,second,justTargetDataset,0.89069481478248
coad,91,forest,first,allDatasets,2.7011077508026244
coad,91,forest,first,justTargetDataset,2.5989588205437633
coad,91,forest,second,allDatasets,5.274443974814987
coad,91,forest,second,justTargetDataset,4.9646045021275
gbm,91,forest,first,allDatasets,1.0224792671107152
gbm,91,forest,first,justTargetDataset,1.0601023172688486
gbm,91,forest,second,allDatasets,1.2425582842397571
gbm,91,forest,second,justTargetDataset,1.2465969753701582
hnscc,91,forest,first,allDatasets,1.1726232870726403
hnscc,91,forest,first,justTargetDataset,1.2175661870362673
hnscc,91,forest,second,allDatasets,0.9355310306478439
hnscc,91,forest,second,justTargetDataset,0.9558693704167607
lscc,91,forest,first,allDatasets,0.7203986835699789
lscc,91,forest,first,justTargetDataset,0.8005594887694051
lscc,91,forest,second,allDatasets,0.7260886946580855
lscc,91,forest,second,justTargetDataset,0.8271420486847677
luad,91,forest,first,allDatasets,1.0696877057233656
luad,91,forest,first,justTargetDataset,1.2221358718807822
luad,91,forest,second,allDatasets,0.9845545761753881
luad,91,forest,second,justTargetDataset,1.0719606447932397
ov,91,forest,first,allDatasets,3.19971775598439
ov,91,forest,first,justTargetDataset,3.5518627154742526
ov,91,forest,second,allDatasets,1.167606503813644
ov,91,forest,second,justTargetDataset,1.2133906265875973
pdac,91,forest,first,allDatasets,4.117344222157751
pdac,91,forest,first,justTargetDataset,3.7012044642991535
pdac,91,forest,second,allDatasets,2.8104841144502597
pdac,91,forest,second,justTargetDataset,2.4336792531403955
all,91,forest,first,allDatasets,1.5453214329118394
all,91,forest,first,justTargetDataset,1.545385771459768
all,91,forest,second,allDatasets,1.4561020618654008
all,91,forest,second,justTargetDataset,1.4563626319233558
brca,92,forest,first,allDatasets,0.8948321467726486
brca,92,forest,first,justTargetDataset,0.9361508066128943
brca,92,forest,second,allDatasets,1.1920100986158306
brca,92,forest,second,justTargetDataset,1.1978275836221786
ccrcc,92,forest,first,allDatasets,0.8325442226986308
ccrcc,92,forest,first,justTargetDataset,0.8603521081807289
ccrcc,92,forest,second,allDatasets,0.8438270676673523
ccrcc,92,forest,second,justTargetDataset,0.8828949874349327
coad,92,forest,first,allDatasets,4.98982479574761
coad,92,forest,first,justTargetDataset,4.582396423288297
coad,92,forest,second,allDatasets,2.8150604358079043
coad,92,forest,second,justTargetDataset,2.8127068448192345
gbm,92,forest,first,allDatasets,1.119505062089414
gbm,92,forest,first,justTargetDataset,1.0985377291462277
gbm,92,forest,second,allDatasets,1.0388810617904884
gbm,92,forest,second,justTargetDataset,1.0508941846012554
hnscc,92,forest,first,allDatasets,0.8580583077221462
hnscc,92,forest,first,justTargetDataset,0.9055252738972235
hnscc,92,forest,second,allDatasets,0.9666307383747458
hnscc,92,forest,second,justTargetDataset,0.98590197932055
lscc,92,forest,first,allDatasets,0.8762316711986999
lscc,92,forest,first,justTargetDataset,1.0673606349651423
lscc,92,forest,second,allDatasets,0.8564404352413371
lscc,92,forest,second,justTargetDataset,0.9321724517094291
luad,92,forest,first,allDatasets,0.8124835498832018
luad,92,forest,first,justTargetDataset,0.9212434438952358
luad,92,forest,second,allDatasets,0.9539712429468903
luad,92,forest,second,justTargetDataset,0.985529754841118
ov,92,forest,first,allDatasets,4.26519143559706
ov,92,forest,first,justTargetDataset,4.016226034172658
ov,92,forest,second,allDatasets,1.054532743351422
ov,92,forest,second,justTargetDataset,1.1089062490050172
pdac,92,forest,first,allDatasets,1.5351311779651855
pdac,92,forest,first,justTargetDataset,1.5184439323151762
pdac,92,forest,second,allDatasets,1.1494340051683833
pdac,92,forest,second,justTargetDataset,1.14074925816148
all,92,forest,first,allDatasets,1.4769259645382695
all,92,forest,first,justTargetDataset,1.477686607463663
all,92,forest,second,allDatasets,1.1184328338899316
all,92,forest,second,justTargetDataset,1.1210169576807487
brca,93,forest,first,allDatasets,1.1061391956175306
brca,93,forest,first,justTargetDataset,1.217801843365861
brca,93,forest,second,allDatasets,1.1880817718274275
brca,93,forest,second,justTargetDataset,1.1891514084187482
ccrcc,93,forest,first,allDatasets,0.7783056701408545
ccrcc,93,forest,first,justTargetDataset,0.8340108999930193
ccrcc,93,forest,second,allDatasets,0.8892164427180738
ccrcc,93,forest,second,justTargetDataset,0.8866911966643488
coad,93,forest,first,allDatasets,2.5102415208510283
coad,93,forest,first,justTargetDataset,2.5055020883616326
coad,93,forest,second,allDatasets,4.1205251425526574
coad,93,forest,second,justTargetDataset,3.8574962339197154
gbm,93,forest,first,allDatasets,0.9070475335392117
gbm,93,forest,first,justTargetDataset,0.9374995249763445
gbm,93,forest,second,allDatasets,1.2740319869651082
gbm,93,forest,second,justTargetDataset,1.2324878356821218
hnscc,93,forest,first,allDatasets,0.8580143315050114
hnscc,93,forest,first,justTargetDataset,0.901208280796102
hnscc,93,forest,second,allDatasets,0.9770043793566358
hnscc,93,forest,second,justTargetDataset,0.9827747086407913
lscc,93,forest,first,allDatasets,0.6852016431021353
lscc,93,forest,first,justTargetDataset,0.7952661748247449
lscc,93,forest,second,allDatasets,0.757028680175669
lscc,93,forest,second,justTargetDataset,0.8445415902950287
luad,93,forest,first,allDatasets,1.5333504160039781
luad,93,forest,first,justTargetDataset,1.897686083147876
luad,93,forest,second,allDatasets,0.8975955964379305
luad,93,forest,second,justTargetDataset,0.989988396706855
ov,93,forest,first,allDatasets,1.137829267575916
ov,93,forest,first,justTargetDataset,1.1920544022865154
ov,93,forest,second,allDatasets,2.753821364970476
ov,93,forest,second,justTargetDataset,2.5587632335575603
pdac,93,forest,first,allDatasets,1.5909523303943902
pdac,93,forest,first,justTargetDataset,1.4554692971667513
pdac,93,forest,second,allDatasets,1.7711186191785495
pdac,93,forest,second,justTargetDataset,1.7101556173433043
all,93,forest,first,allDatasets,1.1706814423120186
all,93,forest,first,justTargetDataset,1.1701847878761
all,93,forest,second,allDatasets,1.3865882026916474
all,93,forest,second,justTargetDataset,1.3869054801692944
brca,94,forest,first,allDatasets,0.9621687092941116
brca,94,forest,first,justTargetDataset,1.0246493545828612
brca,94,forest,second,allDatasets,1.118367611727835
brca,94,forest,second,justTargetDataset,1.1426295307938235
ccrcc,94,forest,first,allDatasets,1.0400247049211113
ccrcc,94,forest,first,justTargetDataset,1.023743903076881
ccrcc,94,forest,second,allDatasets,0.6947418713520416
ccrcc,94,forest,second,justTargetDataset,0.752736694545942
coad,94,forest,first,allDatasets,1.5239155564076972
coad,94,forest,first,justTargetDataset,1.631510320433144
coad,94,forest,second,allDatasets,2.2561661469478396
coad,94,forest,second,justTargetDataset,2.178958261601804
gbm,94,forest,first,allDatasets,1.184185871603172
gbm,94,forest,first,justTargetDataset,1.1668809972385572
gbm,94,forest,second,allDatasets,1.001927525948255
gbm,94,forest,second,justTargetDataset,1.0240673627226144
hnscc,94,forest,first,allDatasets,0.8606068711768204
hnscc,94,forest,first,justTargetDataset,0.9180594214069872
hnscc,94,forest,second,allDatasets,1.0125967720160485
hnscc,94,forest,second,justTargetDataset,1.011242926495657
lscc,94,forest,first,allDatasets,0.677004494315417
lscc,94,forest,first,justTargetDataset,0.7818859602979065
lscc,94,forest,second,allDatasets,0.7834329656075891
lscc,94,forest,second,justTargetDataset,0.8758480533840929
luad,94,forest,first,allDatasets,0.8095992475495115
luad,94,forest,first,justTargetDataset,0.9048870165825823
luad,94,forest,second,allDatasets,0.9648608175299093
luad,94,forest,second,justTargetDataset,1.0253679669150448
ov,94,forest,first,allDatasets,1.1732359571283328
ov,94,forest,first,justTargetDataset,1.1938380226254957
ov,94,forest,second,allDatasets,1.0979210235373396
ov,94,forest,second,justTargetDataset,1.1347715572224881
pdac,94,forest,first,allDatasets,1.0166442404075173
pdac,94,forest,first,justTargetDataset,1.038938628386618
pdac,94,forest,second,allDatasets,1.5489992459637651
pdac,94,forest,second,justTargetDataset,1.457226156342503
all,94,forest,first,allDatasets,0.9672091606769567
all,94,forest,first,justTargetDataset,0.9667385152155451
all,94,forest,second,allDatasets,1.081617720067888
all,94,forest,second,justTargetDataset,1.0829179417712647
brca,95,forest,first,allDatasets,1.0662991093065282
brca,95,forest,first,justTargetDataset,1.0723047273235609
brca,95,forest,second,allDatasets,1.008605768346288
brca,95,forest,second,justTargetDataset,1.0511391579985245
ccrcc,95,forest,first,allDatasets,0.8394111280612887
ccrcc,95,forest,first,justTargetDataset,0.8764117645913935
ccrcc,95,forest,second,allDatasets,1.3605177684265106
ccrcc,95,forest,second,justTargetDataset,1.2571253045394388
coad,95,forest,first,allDatasets,2.1268368733255643
coad,95,forest,first,justTargetDataset,2.0955739110113716
coad,95,forest,second,allDatasets,5.381970505766736
coad,95,forest,second,justTargetDataset,4.856794263383308
gbm,95,forest,first,allDatasets,0.9017788037849117
gbm,95,forest,first,justTargetDataset,0.9554638177908734
gbm,95,forest,second,allDatasets,1.3071109878557663
gbm,95,forest,second,justTargetDataset,1.280890754845681
hnscc,95,forest,first,allDatasets,0.845024017876105
hnscc,95,forest,first,justTargetDataset,0.9204573619642042
hnscc,95,forest,second,allDatasets,1.0148754738640697
hnscc,95,forest,second,justTargetDataset,1.0260830774347427
lscc,95,forest,first,allDatasets,0.8435904932794417
lscc,95,forest,first,justTargetDataset,0.9218476686728334
lscc,95,forest,second,allDatasets,0.6512834392081358
lscc,95,forest,second,justTargetDataset,0.7763276475904679
luad,95,forest,first,allDatasets,1.0004486370497923
luad,95,forest,first,justTargetDataset,1.0732012149925925
luad,95,forest,second,allDatasets,1.0187045331498144
luad,95,forest,second,justTargetDataset,1.1314264181295817
ov,95,forest,first,allDatasets,1.0915734681279967
ov,95,forest,first,justTargetDataset,1.0987225886475378
ov,95,forest,second,allDatasets,1.1091506262848387
ov,95,forest,second,justTargetDataset,1.1133663556927909
pdac,95,forest,first,allDatasets,1.551034721659557
pdac,95,forest,first,justTargetDataset,1.501484963378439
pdac,95,forest,second,allDatasets,1.8862639449523775
pdac,95,forest,second,justTargetDataset,1.7360015661439272
all,95,forest,first,allDatasets,1.074278408368226
all,95,forest,first,justTargetDataset,1.0713728832139808
all,95,forest,second,allDatasets,1.4496847198934588
all,95,forest,second,justTargetDataset,1.4512247264925071
brca,96,forest,first,allDatasets,1.0107380568307855
brca,96,forest,first,justTargetDataset,1.034144469585598
brca,96,forest,second,allDatasets,1.081393438289857
brca,96,forest,second,justTargetDataset,1.0864929468193822
ccrcc,96,forest,first,allDatasets,0.7936349632986546
ccrcc,96,forest,first,justTargetDataset,0.8227141263861404
ccrcc,96,forest,second,allDatasets,1.1527320763125415
ccrcc,96,forest,second,justTargetDataset,1.1506782823736255
coad,96,forest,first,allDatasets,3.6748925243791826
coad,96,forest,first,justTargetDataset,3.4825665482904955
coad,96,forest,second,allDatasets,1.5275884013987062
coad,96,forest,second,justTargetDataset,1.501018669705482
gbm,96,forest,first,allDatasets,1.1986692544405437
gbm,96,forest,first,justTargetDataset,1.175296697889263
gbm,96,forest,second,allDatasets,0.9735162253228431
gbm,96,forest,second,justTargetDataset,0.9715721164181436
hnscc,96,forest,first,allDatasets,0.9527832538502279
hnscc,96,forest,first,justTargetDataset,0.9773647271025291
hnscc,96,forest,second,allDatasets,0.8469909228928544
hnscc,96,forest,second,justTargetDataset,0.9056660109567297
lscc,96,forest,first,allDatasets,0.6732406937705396
lscc,96,forest,first,justTargetDataset,0.813741821897122
lscc,96,forest,second,allDatasets,0.8089036800423866
lscc,96,forest,second,justTargetDataset,0.8924279943046197
luad,96,forest,first,allDatasets,1.1041130300167328
luad,96,forest,first,justTargetDataset,1.2898605555749556
luad,96,forest,second,allDatasets,1.0204137379617357
luad,96,forest,second,justTargetDataset,1.300859620720832
ov,96,forest,first,allDatasets,1.188186083934506
ov,96,forest,first,justTargetDataset,1.2668770311743074
ov,96,forest,second,allDatasets,7.899107973484481
ov,96,forest,second,justTargetDataset,7.148363105133742
pdac,96,forest,first,allDatasets,1.5291799418789949
pdac,96,forest,first,justTargetDataset,1.4376544358828558
pdac,96,forest,second,allDatasets,2.545285007746257
pdac,96,forest,second,justTargetDataset,2.2302781485369354
all,96,forest,first,allDatasets,1.2105201115240447
all,96,forest,first,justTargetDataset,1.2125742401535975
all,96,forest,second,allDatasets,1.612560794782773
all,96,forest,second,justTargetDataset,1.6113556392380723
brca,97,forest,first,allDatasets,1.1977004218620284
brca,97,forest,first,justTargetDataset,1.2503311261816061
brca,97,forest,second,allDatasets,0.9780439633540465
brca,97,forest,second,justTargetDataset,1.10585044760342
ccrcc,97,forest,first,allDatasets,1.6869647753806238
ccrcc,97,forest,first,justTargetDataset,1.539179400253638
ccrcc,97,forest,second,allDatasets,0.7928751125480138
ccrcc,97,forest,second,justTargetDataset,0.8466735086509616
coad,97,forest,first,allDatasets,2.0423164294156795
coad,97,forest,first,justTargetDataset,1.982019942993722
coad,97,forest,second,allDatasets,8.116992547028625
coad,97,forest,second,justTargetDataset,7.58547547469776
gbm,97,forest,first,allDatasets,1.2125062200892471
gbm,97,forest,first,justTargetDataset,1.2009492400295931
gbm,97,forest,second,allDatasets,1.009668068952861
gbm,97,forest,second,justTargetDataset,1.0379933997818236
hnscc,97,forest,first,allDatasets,0.9298834036550016
hnscc,97,forest,first,justTargetDataset,0.951596925387094
hnscc,97,forest,second,allDatasets,0.9171589526818916
hnscc,97,forest,second,justTargetDataset,0.9338225698565181
lscc,97,forest,first,allDatasets,0.7528221248744982
lscc,97,forest,first,justTargetDataset,0.8457956644665368
lscc,97,forest,second,allDatasets,0.7445312808641084
lscc,97,forest,second,justTargetDataset,0.892204976638401
luad,97,forest,first,allDatasets,0.8198414739781762
luad,97,forest,first,justTargetDataset,0.9163187745992709
luad,97,forest,second,allDatasets,0.9538202143159509
luad,97,forest,second,justTargetDataset,1.02388652672563
ov,97,forest,first,allDatasets,1.133827967600312
ov,97,forest,first,justTargetDataset,1.1360337203638027
ov,97,forest,second,allDatasets,1.0861194395137967
ov,97,forest,second,justTargetDataset,1.1147885246946787
pdac,97,forest,first,allDatasets,1.1735833852417934
pdac,97,forest,first,justTargetDataset,1.1446122457467776
pdac,97,forest,second,allDatasets,1.055519225469146
pdac,97,forest,second,justTargetDataset,1.1019189853841629
all,97,forest,first,allDatasets,1.1556583085019296
all,97,forest,first,justTargetDataset,1.1559168515463
all,97,forest,second,allDatasets,1.4659088111375003
all,97,forest,second,justTargetDataset,1.4663166197357589
brca,98,forest,first,allDatasets,0.9756588410503279
brca,98,forest,first,justTargetDataset,0.9957678537692007
brca,98,forest,second,allDatasets,1.0853504640538387
brca,98,forest,second,justTargetDataset,1.1170669388975614
ccrcc,98,forest,first,allDatasets,0.7863502018206789
ccrcc,98,forest,first,justTargetDataset,0.825442556127712
ccrcc,98,forest,second,allDatasets,2.1875011414844105
ccrcc,98,forest,second,justTargetDataset,2.0527495579425663
coad,98,forest,first,allDatasets,1.8722960845516263
coad,98,forest,first,justTargetDataset,1.8313986462154512
coad,98,forest,second,allDatasets,4.254884008109261
coad,98,forest,second,justTargetDataset,4.114224919004211
gbm,98,forest,first,allDatasets,0.9855652969970398
gbm,98,forest,first,justTargetDataset,1.0068584405915344
gbm,98,forest,second,allDatasets,1.2106905219152748
gbm,98,forest,second,justTargetDataset,1.1845492579878285
hnscc,98,forest,first,allDatasets,0.859066816226727
hnscc,98,forest,first,justTargetDataset,0.9437841690935523
hnscc,98,forest,second,allDatasets,1.0273058167282854
hnscc,98,forest,second,justTargetDataset,1.0334051897882224
lscc,98,forest,first,allDatasets,0.6315497109711269
lscc,98,forest,first,justTargetDataset,0.7710954744343277
lscc,98,forest,second,allDatasets,0.8319768392822536
lscc,98,forest,second,justTargetDataset,0.9120104810450275
luad,98,forest,first,allDatasets,0.9011548276837104
luad,98,forest,first,justTargetDataset,0.9710262820873887
luad,98,forest,second,allDatasets,0.830098463753507
luad,98,forest,second,justTargetDataset,0.9445908190114571
ov,98,forest,first,allDatasets,1.2951747547142178
ov,98,forest,first,justTargetDataset,1.2952783802380665
ov,98,forest,second,allDatasets,0.9968576831132677
ov,98,forest,second,justTargetDataset,1.025364800075949
pdac,98,forest,first,allDatasets,1.5405477793909266
pdac,98,forest,first,justTargetDataset,1.562459694294896
pdac,98,forest,second,allDatasets,4.415532543094379
pdac,98,forest,second,justTargetDataset,3.667007969850581
all,98,forest,first,allDatasets,1.0089069615966835
all,98,forest,first,justTargetDataset,1.010946332534403
all,98,forest,second,allDatasets,1.7141961297236636
all,98,forest,second,justTargetDataset,1.7129511641832902
brca,99,forest,first,allDatasets,1.0725802814384364
brca,99,forest,first,justTargetDataset,1.1087848686640782
brca,99,forest,second,allDatasets,1.006764074325182
brca,99,forest,second,justTargetDataset,1.0314359595905092
ccrcc,99,forest,first,allDatasets,0.7736074010877522
ccrcc,99,forest,first,justTargetDataset,0.8266563084248558
ccrcc,99,forest,second,allDatasets,0.8975811421173046
ccrcc,99,forest,second,justTargetDataset,0.9082689899381818
coad,99,forest,first,allDatasets,2.81275950419733
coad,99,forest,first,justTargetDataset,2.6853149133721286
coad,99,forest,second,allDatasets,1.7442953055395232
coad,99,forest,second,justTargetDataset,1.7026211111625413
gbm,99,forest,first,allDatasets,0.9705215944250154
gbm,99,forest,first,justTargetDataset,0.9759676977765233
gbm,99,forest,second,allDatasets,1.16557674212309
gbm,99,forest,second,justTargetDataset,1.1402739599764917
hnscc,99,forest,first,allDatasets,1.0086194093000742
hnscc,99,forest,first,justTargetDataset,1.0347329284978433
hnscc,99,forest,second,allDatasets,0.8298370247574618
hnscc,99,forest,second,justTargetDataset,0.8741440462101248
lscc,99,forest,first,allDatasets,0.7263668334300708
lscc,99,forest,first,justTargetDataset,0.8127627787652629
lscc,99,forest,second,allDatasets,0.7142093957352602
lscc,99,forest,second,justTargetDataset,0.8242459697518016
luad,99,forest,first,allDatasets,0.890937230641423
luad,99,forest,first,justTargetDataset,0.9789535981095598
luad,99,forest,second,allDatasets,0.9116567552047348
luad,99,forest,second,justTargetDataset,0.9983083053133945
ov,99,forest,first,allDatasets,4.417289613019212
ov,99,forest,first,justTargetDataset,5.0813583705979575
ov,99,forest,second,allDatasets,1.1345905843567805
ov,99,forest,second,justTargetDataset,1.170559152198524
pdac,99,forest,first,allDatasets,2.5146400415527754
pdac,99,forest,first,justTargetDataset,2.197938928782195
pdac,99,forest,second,allDatasets,2.0245086215163277
pdac,99,forest,second,justTargetDataset,1.9920708481475713